Source,Target
0,1
0,2
0,3
0,4
0,5
0,6
0,7
0,8
0,9
0,10
0,11
0,12
0,13
0,14
0,15
0,16
0,17
0,18
0,19
0,20
0,21
0,22
0,23
0,24
0,25
0,26
0,27
0,28
0,29
0,30
0,31
0,32
0,33
0,34
0,35
0,36
0,38
0,39
0,40
0,41
0,42
0,45
0,46
0,48
0,49
0,50
0,51
0,52
0,55
0,57
0,58
0,61
0,62
0,64
0,67
0,70
0,71
0,72
0,75
0,78
0,81
0,82
0,83
0,84
0,85
0,91
0,95
0,99
0,100
0,101
0,109
0,114
0,115
0,121
0,130
0,132
0,133
0,134
0,137
0,141
0,142
0,144
0,149
0,153
0,154
0,155
0,156
0,157
0,162
0,164
0,167
0,171
0,176
0,180
0,183
0,184
0,194
0,196
0,201
0,202
0,204
0,206
0,210
0,215
0,223
0,227
0,233
0,240
0,247
0,248
0,250
0,253
0,257
0,258
0,262
0,265
0,266
0,289
0,290
0,292
0,294
0,297
0,301
0,307
0,311
0,316
0,347
0,348
0,349
0,351
0,353
0,357
0,362
0,369
0,380
0,385
0,386
0,388
0,393
0,397
0,407
0,412
0,413
0,414
0,417
0,420
0,430
0,432
0,433
0,436
0,449
0,460
0,475
0,476
0,478
0,492
0,496
0,510
0,513
0,521
0,529
0,533
0,539
0,540
0,543
0,545
0,547
0,556
0,559
0,566
0,569
0,575
0,579
0,591
0,593
0,616
0,617
0,629
0,642
0,659
0,662
0,668
0,670
0,675
0,676
0,684
0,685
0,687
0,693
0,714
0,719
0,721
0,723
0,726
0,734
0,735
0,737
0,749
0,765
0,768
0,787
0,789
0,790
0,793
0,797
0,801
0,802
0,804
0,806
0,824
0,826
0,830
0,838
0,839
0,853
0,861
0,862
0,866
0,883
0,888
0,895
0,917
0,927
0,934
0,940
0,957
0,959
0,979
0,982
0,990
0,991
0,992
0,1005
0,1047
0,1085
0,1087
0,1103
0,1119
0,1121
0,1143
0,1144
0,1151
0,1156
0,1172
0,1179
0,1180
0,1188
0,1194
0,1196
0,1199
0,1200
0,1220
0,1222
0,1231
0,1233
0,1249
0,1255
0,1268
0,1271
0,1273
0,1275
0,1285
0,1302
0,1308
0,1330
0,1339
0,1355
0,1360
0,1368
0,1371
0,1373
0,1383
0,1404
0,1426
0,1428
0,1435
0,1475
0,1483
0,1496
0,1498
0,1499
0,1525
0,1527
0,1531
0,1542
0,1551
0,1558
0,1562
0,1565
0,1612
0,1632
0,1640
0,1657
0,1667
0,1702
0,1710
0,1738
0,1746
0,1747
0,1751
0,1807
0,1813
0,1820
0,1822
0,1865
0,1882
0,1884
0,1886
0,1897
0,1930
0,1934
0,1956
0,1964
0,1974
0,1978
0,1992
0,1994
0,1997
0,2007
0,2017
0,2031
0,2044
0,2045
0,2050
0,2082
0,2089
0,2102
0,2107
0,2120
0,2126
0,2167
0,2187
0,2189
0,2193
0,2201
0,2220
0,2226
0,2232
0,2236
0,2262
0,2278
0,2296
0,2348
0,2361
0,2365
0,2374
0,2390
0,2401
0,2416
0,2432
0,2435
0,2475
0,2481
0,2499
0,2504
0,2513
0,2521
0,2534
0,2543
0,2547
0,2551
0,2599
0,2606
0,2619
0,2634
0,2638
0,2641
0,2681
0,2710
0,2721
0,2742
0,2743
0,2767
0,2785
0,2840
0,2851
0,2897
0,2913
0,2928
0,2937
0,2961
0,2968
0,3013
0,3030
0,3042
0,3045
0,3058
0,3127
0,3136
0,3163
0,3165
0,3198
0,3220
0,3245
0,3257
0,3306
0,3323
0,3370
0,3375
0,3409
0,3416
0,3421
0,3424
0,3444
0,3449
0,3455
0,3464
0,3473
0,3489
0,3501
0,3508
0,3512
0,3516
0,3535
0,3543
0,3546
0,3553
0,3570
0,3579
0,3596
0,3635
0,3636
0,3654
0,3671
0,3683
0,3697
0,3699
0,3725
0,3733
0,3735
0,3748
0,3749
0,3761
0,3779
0,3789
0,3804
0,3820
0,3839
0,3858
0,3864
0,3872
0,3873
0,3893
0,3897
0,3931
0,3940
0,3965
0,3998
0,4000
0,4006
0,4021
1,23
1,24
1,26
1,27
1,28
1,29
1,32
1,33
1,35
1,36
1,44
1,45
1,46
1,48
1,51
1,54
1,56
1,57
1,61
1,67
1,76
1,84
1,97
1,99
1,100
1,101
1,102
1,103
1,104
1,105
1,111
1,119
1,122
1,124
1,131
1,132
1,136
1,148
1,156
1,157
1,170
1,179
1,186
1,187
1,201
1,224
1,225
1,238
1,246
1,253
1,275
1,284
1,300
1,318
1,325
1,326
1,327
1,328
1,373
1,399
1,405
1,418
1,421
1,425
1,430
1,448
1,485
1,498
1,504
1,514
1,535
1,550
1,556
1,577
1,585
1,603
1,629
1,635
1,660
1,661
1,663
1,664
1,686
1,693
1,697
1,707
1,735
1,759
1,760
1,768
1,785
1,826
1,879
1,905
1,910
1,931
1,935
1,945
1,956
1,970
1,995
1,1018
1,1024
1,1028
1,1049
1,1064
1,1118
1,1123
1,1127
1,1131
1,1175
1,1183
1,1205
1,1235
1,1240
1,1264
1,1289
1,1319
1,1350
1,1369
1,1380
1,1420
1,1443
1,1454
1,1463
1,1492
1,1505
1,1512
1,1544
1,1548
1,1566
1,1603
1,1618
1,1624
1,1687
1,1734
1,1758
1,1768
1,1796
1,1817
1,1851
1,1859
1,1929
1,2010
1,2015
1,2077
1,2124
1,2138
1,2140
1,2150
1,2151
1,2153
1,2159
1,2162
1,2179
1,2235
1,2241
1,2266
1,2300
1,2339
1,2351
1,2376
1,2465
1,2484
1,2494
1,2498
1,2530
1,2559
1,2608
1,2689
1,2709
1,2743
1,2757
1,2760
1,2779
1,2881
1,2884
1,2901
1,2944
1,2967
1,3016
1,3039
1,3056
1,3084
1,3122
1,3131
1,3133
1,3181
1,3208
1,3264
1,3285
1,3312
1,3338
1,3341
1,3394
1,3427
1,3435
1,3463
1,3466
1,3490
1,3512
1,3534
1,3544
1,3609
1,3633
1,3756
1,3783
1,3789
1,3793
1,3902
1,3907
1,3929
1,3943
1,3968
1,3990
1,4000
2,23
2,24
2,25
2,26
2,27
2,28
2,29
2,31
2,33
2,35
2,39
2,47
2,48
2,50
2,53
2,59
2,60
2,67
2,68
2,70
2,71
2,84
2,85
2,95
2,104
2,117
2,118
2,122
2,130
2,133
2,136
2,144
2,149
2,153
2,162
2,167
2,174
2,177
2,178
2,198
2,208
2,212
2,229
2,234
2,258
2,262
2,270
2,292
2,356
2,358
2,365
2,370
2,396
2,417
2,429
2,436
2,461
2,481
2,496
2,508
2,551
2,585
2,630
2,646
2,656
2,695
2,710
2,745
2,756
2,771
2,795
2,879
2,893
2,899
2,907
2,909
2,915
2,920
2,939
2,947
2,956
2,969
2,1014
2,1016
2,1018
2,1096
2,1125
2,1151
2,1205
2,1215
2,1251
2,1289
2,1323
2,1324
2,1387
2,1389
2,1535
2,1547
2,1557
2,1560
2,1564
2,1565
2,1659
2,1661
2,1694
2,1731
2,1765
2,1769
2,1790
2,1794
2,1810
2,1911
2,1940
2,1952
2,1984
2,2030
2,2066
2,2080
2,2126
2,2159
2,2201
2,2233
2,2260
2,2266
2,2280
2,2330
2,2370
2,2375
2,2382
2,2388
2,2438
2,2466
2,2550
2,2573
2,2661
2,2671
2,2687
2,2704
2,2717
2,2724
2,2747
2,2770
2,2786
2,2922
2,2944
2,3054
2,3056
2,3557
2,3574
2,3708
2,3716
2,3731
2,3771
2,3772
2,3810
2,3970
3,23
3,24
3,25
3,27
3,28
3,29
3,30
3,32
3,33
3,34
3,36
3,37
3,40
3,41
3,44
3,45
3,48
3,50
3,51
3,52
3,59
3,63
3,64
3,77
3,79
3,108
3,112
3,118
3,123
3,124
3,129
3,132
3,143
3,154
3,170
3,178
3,202
3,226
3,236
3,242
3,251
3,253
3,254
3,260
3,287
3,288
3,319
3,320
3,335
3,338
3,343
3,366
3,370
3,379
3,388
3,401
3,413
3,422
3,460
3,462
3,464
3,476
3,481
3,497
3,502
3,506
3,515
3,556
3,569
3,586
3,588
3,616
3,617
3,691
3,700
3,705
3,720
3,733
3,756
3,768
3,772
3,777
3,830
3,833
3,842
3,850
3,945
3,971
3,974
3,983
3,1032
3,1088
3,1101
3,1114
3,1134
3,1158
3,1180
3,1212
3,1279
3,1297
3,1313
3,1323
3,1327
3,1328
3,1367
3,1375
3,1388
3,1392
3,1396
3,1460
3,1477
3,1481
3,1487
3,1589
3,1657
3,1661
3,1693
3,1806
3,1829
3,1848
3,1903
3,1904
3,1952
3,1956
3,1984
3,1989
3,2013
3,2039
3,2049
3,2050
3,2080
3,2150
3,2197
3,2200
3,2241
3,2245
3,2313
3,2318
3,2367
3,2490
3,2531
3,2561
3,2621
3,2627
3,2640
3,2651
3,2701
3,2714
3,2781
3,2797
3,2810
3,2812
3,2849
3,3056
3,3061
3,3072
3,3098
3,3115
3,3190
3,3246
3,3277
3,3316
3,3340
3,3349
3,3395
3,3404
3,3472
3,3527
3,3634
3,3693
3,3695
3,3728
3,3828
3,3938
3,3947
4,23
4,24
4,25
4,26
4,28
4,29
4,31
4,36
4,38
4,43
4,44
4,48
4,52
4,53
4,54
4,66
4,72
4,91
4,96
4,103
4,107
4,110
4,113
4,114
4,131
4,140
4,154
4,161
4,170
4,182
4,183
4,240
4,244
4,245
4,261
4,277
4,290
4,308
4,311
4,312
4,315
4,319
4,334
4,342
4,363
4,378
4,379
4,396
4,435
4,457
4,482
4,494
4,521
4,563
4,568
4,587
4,598
4,599
4,680
4,686
4,689
4,713
4,776
4,843
4,885
4,905
4,940
4,1167
4,1171
4,1243
4,1249
4,1306
4,1313
4,1361
4,1400
4,1424
4,1431
4,1437
4,1495
4,1615
4,1629
4,1679
4,1742
4,1843
4,1959
4,2099
4,2114
4,2130
4,2222
4,2324
4,2384
4,2427
4,2522
4,2533
4,2541
4,2652
4,2696
4,2719
4,2726
4,2774
4,2806
4,2829
4,2900
4,2954
4,2999
4,3064
4,3138
4,3140
4,3232
4,3352
4,3376
4,3409
4,3563
4,3566
4,3613
4,3655
4,3755
4,3827
4,3939
4,3991
5,23
5,25
5,26
5,27
5,28
5,30
5,31
5,38
5,45
5,46
5,50
5,56
5,58
5,76
5,77
5,81
5,84
5,111
5,112
5,116
5,137
5,138
5,139
5,165
5,170
5,174
5,178
5,183
5,189
5,207
5,216
5,220
5,226
5,233
5,240
5,243
5,246
5,261
5,262
5,264
5,270
5,303
5,318
5,325
5,331
5,347
5,375
5,394
5,439
5,457
5,470
5,496
5,529
5,589
5,616
5,658
5,679
5,688
5,717
5,742
5,748
5,768
5,786
5,797
5,805
5,811
5,827
5,838
5,857
5,864
5,913
5,950
5,978
5,1019
5,1021
5,1058
5,1146
5,1150
5,1156
5,1199
5,1230
5,1238
5,1240
5,1255
5,1278
5,1322
5,1339
5,1360
5,1368
5,1409
5,1458
5,1464
5,1515
5,1544
5,1580
5,1637
5,1646
5,1670
5,1697
5,1704
5,1713
5,1734
5,1748
5,1793
5,1897
5,1899
5,1969
5,1970
5,1971
5,1974
5,1984
5,2030
5,2088
5,2138
5,2144
5,2158
5,2159
5,2162
5,2302
5,2341
5,2410
5,2528
5,2644
5,2650
5,2654
5,2704
5,2717
5,2719
5,2770
5,2963
5,2986
5,3002
5,3079
5,3123
5,3152
5,3238
5,3301
5,3388
5,3413
5,3427
5,3451
5,3461
5,3539
5,3549
5,3703
5,3779
5,3794
5,3814
5,4009
6,23
6,24
6,25
6,26
6,27
6,29
6,30
6,33
6,34
6,38
6,39
6,50
6,53
6,57
6,60
6,72
6,76
6,79
6,94
6,95
6,101
6,102
6,103
6,105
6,113
6,119
6,127
6,137
6,143
6,150
6,153
6,157
6,164
6,166
6,189
6,192
6,202
6,208
6,216
6,229
6,232
6,239
6,253
6,256
6,259
6,264
6,277
6,279
6,301
6,311
6,312
6,341
6,345
6,348
6,381
6,422
6,434
6,443
6,451
6,456
6,480
6,493
6,504
6,505
6,508
6,519
6,526
6,543
6,554
6,577
6,581
6,604
6,621
6,641
6,646
6,671
6,679
6,683
6,692
6,696
6,725
6,753
6,800
6,802
6,823
6,826
6,875
6,899
6,916
6,953
6,958
6,979
6,998
6,1036
6,1063
6,1070
6,1077
6,1092
6,1113
6,1114
6,1125
6,1146
6,1160
6,1186
6,1221
6,1240
6,1255
6,1285
6,1296
6,1299
6,1358
6,1372
6,1379
6,1419
6,1437
6,1499
6,1501
6,1532
6,1537
6,1656
6,1676
6,1732
6,1831
6,1972
6,2033
6,2058
6,2088
6,2091
6,2103
6,2128
6,2137
6,2162
6,2188
6,2237
6,2305
6,2306
6,2310
6,2338
6,2359
6,2391
6,2433
6,2444
6,2475
6,2526
6,2533
6,2542
6,2601
6,2625
6,2663
6,2695
6,2794
6,2842
6,2853
6,2884
6,2954
6,2987
6,3090
6,3092
6,3102
6,3121
6,3124
6,3146
6,3162
6,3263
6,3273
6,3278
6,3286
6,3289
6,3301
6,3317
6,3357
6,3374
6,3384
6,3465
6,3550
6,3574
6,3647
6,3661
6,3808
6,3809
6,3901
6,3918
6,3924
6,3930
6,3946
6,3951
6,4029
7,23
7,24
7,26
7,27
7,28
7,29
7,34
7,36
7,37
7,38
7,47
7,48
7,60
7,61
7,75
7,77
7,78
7,82
7,87
7,99
7,110
7,115
7,127
7,169
7,211
7,213
7,220
7,254
7,259
7,272
7,273
7,295
7,299
7,329
7,330
7,333
7,355
7,370
7,392
7,421
7,460
7,487
7,537
7,539
7,610
7,621
7,659
7,683
7,684
7,721
7,758
7,845
7,908
7,917
7,922
7,967
7,1006
7,1076
7,1147
7,1176
7,1204
7,1253
7,1267
7,1306
7,1317
7,1418
7,1471
7,1748
7,1768
7,1770
7,1828
7,1857
7,1918
7,1963
7,1969
7,2036
7,2139
7,2282
7,2390
7,2563
7,2683
7,2732
7,3016
7,3127
7,3150
7,3502
7,3698
7,3720
7,3769
7,3823
8,23
8,25
8,26
8,32
8,33
8,34
8,35
8,40
8,41
8,44
8,50
8,53
8,68
8,80
8,84
8,94
8,111
8,129
8,140
8,141
8,144
8,161
8,173
8,238
8,303
8,349
8,353
8,394
8,426
8,446
8,451
8,517
8,574
8,579
8,615
8,625
8,632
8,641
8,650
8,663
8,679
8,680
8,683
8,710
8,716
8,756
8,813
8,815
8,824
8,838
8,874
8,912
8,972
8,979
8,1011
8,1038
8,1107
8,1118
8,1122
8,1159
8,1242
8,1275
8,1283
8,1289
8,1291
8,1295
8,1324
8,1348
8,1365
8,1373
8,1485
8,1489
8,1552
8,1591
8,1664
8,1684
8,1791
8,1823
8,1830
8,1845
8,1903
8,2137
8,2235
8,2319
8,2391
8,2454
8,2477
8,2504
8,2535
8,2568
8,2604
8,2605
8,2648
8,2661
8,2673
8,2681
8,2749
8,2778
8,2793
8,2815
8,2866
8,2927
8,2945
8,3027
8,3030
8,3067
8,3130
8,3132
8,3179
8,3185
8,3191
8,3242
8,3284
8,3339
8,3410
8,3524
8,3558
8,3729
8,3846
8,3864
8,3876
8,3919
8,3944
9,24
9,25
9,26
9,27
9,30
9,32
9,34
9,38
9,40
9,41
9,42
9,43
9,44
9,46
9,47
9,48
9,49
9,50
9,51
9,52
9,53
9,57
9,58
9,60
9,61
9,63
9,65
9,67
9,70
9,77
9,80
9,82
9,88
9,89
9,90
9,98
9,99
9,104
9,114
9,118
9,130
9,135
9,155
9,158
9,162
9,163
9,174
9,180
9,181
9,190
9,192
9,193
9,194
9,195
9,197
9,198
9,204
9,208
9,212
9,217
9,219
9,229
9,232
9,235
9,237
9,242
9,243
9,244
9,264
9,265
9,270
9,279
9,285
9,289
9,297
9,303
9,309
9,312
9,315
9,319
9,325
9,334
9,336
9,338
9,350
9,367
9,368
9,387
9,398
9,399
9,416
9,417
9,420
9,423
9,426
9,432
9,441
9,449
9,452
9,454
9,458
9,462
9,472
9,477
9,499
9,502
9,511
9,519
9,521
9,534
9,542
9,548
9,555
9,558
9,567
9,590
9,623
9,629
9,640
9,649
9,654
9,656
9,667
9,668
9,671
9,687
9,722
9,726
9,738
9,750
9,756
9,779
9,793
9,803
9,815
9,856
9,857
9,862
9,872
9,897
9,900
9,905
9,907
9,926
9,933
9,943
9,951
9,961
9,991
9,992
9,996
9,999
9,1012
9,1015
9,1044
9,1085
9,1092
9,1093
9,1110
9,1112
9,1154
9,1159
9,1162
9,1164
9,1174
9,1178
9,1207
9,1221
9,1242
9,1250
9,1264
9,1269
9,1270
9,1271
9,1274
9,1284
9,1305
9,1307
9,1308
9,1309
9,1329
9,1342
9,1368
9,1433
9,1463
9,1484
9,1497
9,1500
9,1527
9,1530
9,1548
9,1560
9,1563
9,1569
9,1592
9,1596
9,1602
9,1626
9,1628
9,1632
9,1635
9,1657
9,1683
9,1687
9,1695
9,1703
9,1707
9,1765
9,1767
9,1792
9,1803
9,1846
9,1847
9,1879
9,1886
9,1914
9,1922
9,1924
9,1973
9,1990
9,1992
9,1994
9,2017
9,2023
9,2037
9,2078
9,2088
9,2101
9,2116
9,2122
9,2162
9,2170
9,2190
9,2193
9,2223
9,2233
9,2269
9,2303
9,2306
9,2313
9,2316
9,2330
9,2340
9,2381
9,2383
9,2385
9,2388
9,2400
9,2442
9,2489
9,2511
9,2531
9,2560
9,2565
9,2607
9,2630
9,2634
9,2682
9,2690
9,2732
9,2777
9,2797
9,2806
9,2810
9,2816
9,2875
9,2880
9,2894
9,2912
9,2930
9,2934
9,2941
9,2943
9,2946
9,2947
9,2990
9,3000
9,3026
9,3038
9,3044
9,3053
9,3060
9,3087
9,3097
9,3103
9,3166
9,3179
9,3191
9,3196
9,3203
9,3211
9,3216
9,3240
9,3270
9,3291
9,3301
9,3387
9,3400
9,3420
9,3429
9,3438
9,3451
9,3460
9,3464
9,3496
9,3508
9,3528
9,3534
9,3542
9,3545
9,3587
9,3598
9,3609
9,3626
9,3651
9,3668
9,3831
9,3850
9,3873
9,3879
9,3948
9,3992
9,4008
9,4025
9,4037
10,23
10,24
10,26
10,27
10,29
10,30
10,33
10,35
10,36
10,38
10,39
10,44
10,50
10,52
10,54
10,62
10,66
10,70
10,83
10,84
10,86
10,99
10,104
10,125
10,136
10,145
10,147
10,152
10,160
10,162
10,166
10,192
10,195
10,198
10,212
10,227
10,251
10,277
10,283
10,285
10,287
10,293
10,327
10,339
10,412
10,416
10,458
10,486
10,522
10,523
10,539
10,541
10,548
10,574
10,611
10,681
10,690
10,691
10,873
10,973
10,1088
10,1099
10,1100
10,1117
10,1159
10,1248
10,1280
10,1324
10,1335
10,1355
10,1357
10,1362
10,1368
10,1414
10,1470
10,1543
10,1630
10,1663
10,1676
10,1739
10,1741
10,1763
10,1958
10,2007
10,2032
10,2147
10,2256
10,2304
10,2311
10,2363
10,2371
10,2482
10,2556
10,2651
10,2674
10,2715
10,2792
10,2819
10,2831
10,2867
10,2890
10,3082
10,3129
10,3210
10,3300
10,3778
10,3924
10,3969
10,4023
11,23
11,24
11,25
11,26
11,27
11,28
11,29
11,30
11,31
11,32
11,33
11,34
11,35
11,42
11,49
11,50
11,53
11,54
11,68
11,78
11,79
11,80
11,81
11,99
11,115
11,119
11,120
11,131
11,136
11,148
11,153
11,155
11,164
11,181
11,184
11,197
11,203
11,216
11,222
11,241
11,244
11,305
11,308
11,327
11,329
11,332
11,336
11,337
11,344
11,351
11,352
11,363
11,379
11,382
11,391
11,401
11,407
11,415
11,420
11,422
11,437
11,450
11,474
11,544
11,554
11,561
11,572
11,576
11,581
11,584
11,593
11,595
11,602
11,613
11,625
11,629
11,642
11,650
11,652
11,655
11,658
11,672
11,674
11,746
11,762
11,799
11,814
11,888
11,895
11,943
11,960
11,982
11,989
11,1041
11,1045
11,1051
11,1101
11,1105
11,1150
11,1151
11,1155
11,1158
11,1172
11,1196
11,1207
11,1349
11,1354
11,1405
11,1580
11,1594
11,1595
11,1627
11,1680
11,1692
11,1760
11,1772
11,1824
11,1873
11,1907
11,1919
11,1924
11,1963
11,1995
11,2038
11,2142
11,2164
11,2202
11,2246
11,2250
11,2334
11,2354
11,2444
11,2447
11,2449
11,2470
11,2493
11,2577
11,2579
11,2610
11,2644
11,2706
11,2712
11,2718
11,2742
11,2756
11,2789
11,2821
11,2833
11,2853
11,2907
11,2925
11,2927
11,2955
11,3023
11,3082
11,3105
11,3184
11,3202
11,3230
11,3314
11,3337
11,3386
11,3407
11,3472
11,3486
11,3488
11,3520
11,3533
11,3583
11,3602
11,3610
11,3616
11,3677
11,3729
11,3734
11,3759
11,3843
11,3866
11,3888
11,3890
11,3908
11,3964
12,23
12,24
12,25
12,26
12,27
12,28
12,29
12,31
12,32
12,35
12,37
12,38
12,39
12,40
12,49
12,54
12,55
12,58
12,66
12,72
12,83
12,90
12,105
12,109
12,120
12,137
12,138
12,147
12,154
12,160
12,167
12,170
12,172
12,178
12,180
12,190
12,207
12,212
12,217
12,220
12,223
12,234
12,241
12,242
12,255
12,270
12,280
12,298
12,313
12,334
12,360
12,362
12,424
12,440
12,449
12,451
12,468
12,469
12,476
12,491
12,493
12,534
12,555
12,615
12,618
12,622
12,635
12,646
12,650
12,663
12,668
12,682
12,684
12,688
12,706
12,748
12,792
12,852
12,899
12,923
12,968
12,1012
12,1016
12,1022
12,1040
12,1049
12,1073
12,1091
12,1146
12,1151
12,1188
12,1193
12,1218
12,1236
12,1240
12,1359
12,1364
12,1376
12,1430
12,1432
12,1450
12,1451
12,1453
12,1478
12,1607
12,1653
12,1882
12,1962
12,2007
12,2058
12,2064
12,2103
12,2128
12,2132
12,2205
12,2234
12,2260
12,2358
12,2529
12,2538
12,2550
12,2600
12,2602
12,2623
12,2648
12,2686
12,2728
12,2733
12,2757
12,2887
12,2971
12,3042
12,3081
12,3101
12,3102
12,3195
12,3250
12,3258
12,3347
12,3396
12,3524
12,3576
12,3845
12,3878
12,3973
12,3994
13,23
13,24
13,25
13,26
13,28
13,29
13,30
13,31
13,33
13,35
13,40
13,41
13,42
13,44
13,47
13,55
13,56
13,57
13,62
13,63
13,70
13,75
13,76
13,83
13,87
13,106
13,115
13,128
13,136
13,145
13,158
13,170
13,178
13,188
13,190
13,194
13,198
13,214
13,231
13,234
13,241
13,254
13,271
13,276
13,294
13,307
13,331
13,340
13,358
13,370
13,405
13,409
13,411
13,419
13,427
13,429
13,447
13,457
13,489
13,492
13,514
13,531
13,553
13,558
13,580
13,583
13,603
13,623
13,646
13,653
13,654
13,660
13,663
13,681
13,694
13,731
13,749
13,756
13,764
13,780
13,811
13,828
13,847
13,855
13,863
13,866
13,867
13,873
13,885
13,889
13,1008
13,1028
13,1033
13,1045
13,1118
13,1180
13,1236
13,1242
13,1266
13,1283
13,1317
13,1358
13,1391
13,1459
13,1477
13,1480
13,1488
13,1576
13,1594
13,1633
13,1648
13,1664
13,1681
13,1685
13,1711
13,1726
13,1769
13,1782
13,1784
13,1807
13,1822
13,1825
13,1838
13,1847
13,1881
13,1884
13,1910
13,1926
13,1939
13,1962
13,1964
13,1970
13,1980
13,2026
13,2030
13,2055
13,2246
13,2284
13,2291
13,2306
13,2316
13,2335
13,2339
13,2363
13,2408
13,2506
13,2581
13,2632
13,2670
13,2691
13,2804
13,2813
13,2863
13,2880
13,2891
13,2896
13,2973
13,3015
13,3059
13,3078
13,3099
13,3151
13,3154
13,3169
13,3180
13,3206
13,3267
13,3275
13,3281
13,3307
13,3317
13,3365
13,3398
13,3399
13,3464
13,3527
13,3550
13,3562
13,3598
13,3685
13,3771
13,3907
13,3908
13,3913
13,3962
13,3968
13,3988
14,23
14,24
14,25
14,27
14,28
14,31
14,32
14,36
14,43
14,44
14,46
14,51
14,81
14,82
14,90
14,93
14,102
14,108
14,117
14,125
14,136
14,137
14,142
14,148
14,153
14,155
14,162
14,167
14,179
14,189
14,192
14,198
14,215
14,219
14,230
14,236
14,272
14,274
14,278
14,298
14,299
14,337
14,346
14,355
14,356
14,360
14,368
14,375
14,385
14,403
14,408
14,414
14,433
14,444
14,449
14,467
14,476
14,489
14,493
14,498
14,502
14,514
14,585
14,598
14,620
14,684
14,755
14,826
14,871
14,888
14,891
14,935
14,942
14,982
14,994
14,1024
14,1044
14,1097
14,1098
14,1129
14,1171
14,1190
14,1210
14,1237
14,1251
14,1258
14,1259
14,1262
14,1287
14,1408
14,1434
14,1494
14,1502
14,1526
14,1624
14,1627
14,1632
14,1655
14,1668
14,1762
14,1793
14,1858
14,1871
14,1927
14,1931
14,1967
14,1979
14,2029
14,2096
14,2135
14,2161
14,2216
14,2227
14,2247
14,2276
14,2341
14,2363
14,2400
14,2412
14,2435
14,2531
14,2532
14,2551
14,2627
14,2669
14,2716
14,2770
14,2924
14,2980
14,3117
14,3168
14,3170
14,3235
14,3357
14,3424
14,3454
14,3478
14,3479
14,3487
14,3527
14,3600
14,3703
14,3724
14,3763
14,3841
14,3867
14,3868
14,3897
15,23
15,24
15,25
15,26
15,27
15,29
15,31
15,32
15,35
15,36
15,37
15,40
15,43
15,46
15,48
15,50
15,51
15,56
15,57
15,60
15,79
15,85
15,86
15,97
15,107
15,109
15,119
15,125
15,127
15,129
15,135
15,137
15,143
15,162
15,165
15,166
15,168
15,176
15,187
15,191
15,196
15,200
15,201
15,204
15,205
15,209
15,210
15,229
15,240
15,242
15,257
15,296
15,299
15,344
15,377
15,381
15,403
15,419
15,423
15,425
15,431
15,459
15,463
15,464
15,473
15,493
15,495
15,533
15,542
15,552
15,564
15,589
15,619
15,636
15,644
15,662
15,693
15,719
15,722
15,739
15,762
15,781
15,809
15,811
15,910
15,927
15,988
15,990
15,1018
15,1038
15,1063
15,1100
15,1120
15,1121
15,1124
15,1127
15,1144
15,1163
15,1167
15,1172
15,1182
15,1213
15,1230
15,1289
15,1320
15,1365
15,1381
15,1391
15,1463
15,1486
15,1553
15,1562
15,1575
15,1596
15,1599
15,1625
15,1642
15,1643
15,1645
15,1665
15,1666
15,1673
15,1684
15,1688
15,1704
15,1706
15,1833
15,1865
15,1889
15,1925
15,2014
15,2029
15,2035
15,2052
15,2079
15,2130
15,2192
15,2224
15,2243
15,2287
15,2313
15,2511
15,2555
15,2570
15,2587
15,2692
15,2714
15,2716
15,2747
15,2755
15,2767
15,2779
15,2837
15,2854
15,2902
15,2910
15,3005
15,3007
15,3021
15,3056
15,3057
15,3065
15,3077
15,3101
15,3291
15,3306
15,3312
15,3320
15,3381
15,3419
15,3437
15,3481
15,3530
15,3596
15,3621
15,3663
15,3718
15,3754
15,3808
15,3889
15,3931
15,3945
15,3972
16,23
16,24
16,25
16,27
16,28
16,29
16,30
16,31
16,33
16,34
16,35
16,36
16,37
16,38
16,39
16,42
16,43
16,44
16,52
16,53
16,55
16,56
16,59
16,61
16,63
16,64
16,65
16,68
16,70
16,75
16,77
16,79
16,81
16,83
16,92
16,94
16,98
16,102
16,105
16,109
16,111
16,112
16,121
16,128
16,129
16,130
16,131
16,137
16,142
16,148
16,149
16,156
16,157
16,165
16,170
16,172
16,186
16,194
16,215
16,227
16,238
16,241
16,245
16,260
16,261
16,274
16,310
16,316
16,320
16,326
16,330
16,351
16,353
16,363
16,365
16,372
16,376
16,398
16,400
16,403
16,410
16,420
16,423
16,434
16,454
16,460
16,464
16,468
16,475
16,497
16,498
16,510
16,515
16,544
16,558
16,581
16,585
16,586
16,591
16,607
16,643
16,651
16,667
16,676
16,684
16,687
16,693
16,745
16,750
16,762
16,774
16,778
16,780
16,793
16,801
16,806
16,827
16,833
16,858
16,862
16,867
16,874
16,877
16,928
16,932
16,946
16,956
16,966
16,976
16,977
16,979
16,995
16,1011
16,1035
16,1060
16,1084
16,1093
16,1118
16,1146
16,1170
16,1188
16,1203
16,1213
16,1235
16,1256
16,1272
16,1276
16,1280
16,1295
16,1297
16,1314
16,1326
16,1330
16,1336
16,1354
16,1363
16,1418
16,1448
16,1457
16,1483
16,1505
16,1517
16,1522
16,1538
16,1539
16,1564
16,1577
16,1588
16,1606
16,1640
16,1644
16,1680
16,1683
16,1686
16,1704
16,1705
16,1706
16,1729
16,1733
16,1766
16,1771
16,1776
16,1787
16,1822
16,1841
16,1896
16,1902
16,1908
16,1974
16,1979
16,1993
16,2041
16,2045
16,2061
16,2104
16,2133
16,2200
16,2239
16,2246
16,2253
16,2344
16,2358
16,2381
16,2389
16,2393
16,2400
16,2482
16,2483
16,2490
16,2540
16,2560
16,2562
16,2594
16,2611
16,2612
16,2615
16,2647
16,2648
16,2671
16,2690
16,2706
16,2751
16,2790
16,2795
16,2823
16,2826
16,2848
16,2858
16,2864
16,2865
16,2885
16,2944
16,2950
16,2959
16,2973
16,2981
16,2995
16,3000
16,3011
16,3032
16,3059
16,3064
16,3065
16,3073
16,3079
16,3103
16,3155
16,3156
16,3204
16,3224
16,3260
16,3280
16,3348
16,3353
16,3374
16,3384
16,3408
16,3417
16,3436
16,3446
16,3475
16,3483
16,3491
16,3515
16,3540
16,3568
16,3655
16,3663
16,3708
16,3726
16,3747
16,3749
16,3753
16,3762
16,3799
16,3881
16,3917
16,3947
16,3964
16,4009
17,23
17,24
17,25
17,27
17,28
17,30
17,31
17,32
17,37
17,38
17,43
17,45
17,48
17,49
17,52
17,55
17,58
17,72
17,74
17,77
17,82
17,83
17,85
17,93
17,94
17,98
17,115
17,132
17,140
17,156
17,160
17,163
17,171
17,172
17,173
17,178
17,179
17,180
17,187
17,190
17,202
17,205
17,212
17,225
17,226
17,245
17,256
17,257
17,275
17,277
17,293
17,308
17,327
17,330
17,331
17,336
17,353
17,355
17,360
17,380
17,393
17,407
17,423
17,433
17,440
17,442
17,460
17,496
17,507
17,540
17,547
17,550
17,560
17,568
17,608
17,612
17,617
17,620
17,651
17,671
17,674
17,696
17,701
17,704
17,715
17,731
17,733
17,738
17,761
17,768
17,818
17,823
17,834
17,835
17,842
17,848
17,853
17,873
17,876
17,881
17,894
17,898
17,901
17,924
17,983
17,987
17,1007
17,1058
17,1085
17,1100
17,1101
17,1104
17,1106
17,1162
17,1200
17,1229
17,1261
17,1269
17,1312
17,1339
17,1343
17,1361
17,1375
17,1395
17,1423
17,1427
17,1455
17,1507
17,1508
17,1516
17,1518
17,1537
17,1549
17,1643
17,1664
17,1671
17,1675
17,1698
17,1706
17,1727
17,1739
17,1764
17,1765
17,1772
17,1787
17,1821
17,1845
17,1849
17,1869
17,1879
17,1910
17,1966
17,1998
17,2047
17,2050
17,2056
17,2060
17,2061
17,2122
17,2125
17,2128
17,2133
17,2141
17,2232
17,2261
17,2326
17,2348
17,2359
17,2363
17,2399
17,2407
17,2499
17,2542
17,2574
17,2594
17,2612
17,2620
17,2635
17,2645
17,2754
17,2775
17,2784
17,2787
17,2801
17,2806
17,2838
17,2858
17,2859
17,2860
17,2881
17,2891
17,2893
17,2936
17,2960
17,2965
17,3034
17,3139
17,3152
17,3192
17,3200
17,3235
17,3302
17,3316
17,3330
17,3417
17,3515
17,3541
17,3560
17,3619
17,3632
17,3640
17,3747
17,3761
17,3787
17,3806
17,3846
17,3862
17,3952
17,3979
17,3991
17,4004
17,4011
17,4032
18,23
18,24
18,25
18,26
18,27
18,28
18,30
18,32
18,33
18,34
18,36
18,37
18,41
18,42
18,47
18,48
18,53
18,54
18,58
18,59
18,60
18,67
18,71
18,73
18,78
18,84
18,87
18,89
18,98
18,109
18,123
18,126
18,133
18,140
18,157
18,169
18,173
18,177
18,180
18,183
18,186
18,200
18,203
18,221
18,237
18,242
18,250
18,255
18,261
18,264
18,270
18,284
18,290
18,294
18,307
18,308
18,313
18,315
18,316
18,318
18,331
18,332
18,358
18,379
18,395
18,418
18,421
18,444
18,445
18,459
18,462
18,463
18,488
18,504
18,514
18,536
18,538
18,585
18,596
18,608
18,655
18,689
18,709
18,735
18,745
18,749
18,756
18,764
18,767
18,803
18,840
18,845
18,905
18,909
18,929
18,938
18,941
18,998
18,1011
18,1029
18,1041
18,1054
18,1103
18,1110
18,1121
18,1130
18,1144
18,1156
18,1179
18,1220
18,1228
18,1251
18,1294
18,1324
18,1345
18,1361
18,1393
18,1439
18,1512
18,1518
18,1528
18,1606
18,1608
18,1621
18,1625
18,1628
18,1654
18,1664
18,1667
18,1682
18,1698
18,1713
18,1772
18,1787
18,1821
18,1830
18,1849
18,1860
18,1907
18,1921
18,1934
18,1941
18,1963
18,1979
18,1991
18,2016
18,2022
18,2027
18,2063
18,2109
18,2115
18,2175
18,2212
18,2215
18,2234
18,2280
18,2282
18,2296
18,2347
18,2359
18,2377
18,2426
18,2439
18,2470
18,2493
18,2500
18,2514
18,2530
18,2576
18,2591
18,2616
18,2630
18,2647
18,2699
18,2721
18,2735
18,2766
18,2808
18,2832
18,2862
18,2868
18,2937
18,3031
18,3074
18,3146
18,3204
18,3209
18,3219
18,3246
18,3261
18,3367
18,3370
18,3396
18,3406
18,3448
18,3470
18,3502
18,3532
18,3540
18,3556
18,3601
18,3617
18,3669
18,3673
18,3679
18,3695
18,3745
18,3798
18,3834
18,3843
18,3889
18,3895
18,3962
18,3969
18,3985
18,4004
18,4038
19,23
19,24
19,25
19,26
19,27
19,29
19,30
19,32
19,33
19,34
19,35
19,36
19,37
19,38
19,41
19,42
19,53
19,55
19,57
19,65
19,78
19,92
19,93
19,98
19,100
19,105
19,107
19,110
19,138
19,141
19,150
19,168
19,177
19,180
19,190
19,243
19,255
19,279
19,287
19,316
19,326
19,341
19,349
19,356
19,382
19,384
19,400
19,401
19,409
19,440
19,462
19,479
19,499
19,579
19,625
19,637
19,652
19,741
19,748
19,757
19,770
19,830
19,834
19,841
19,860
19,867
19,906
19,931
19,1050
19,1081
19,1085
19,1094
19,1123
19,1199
19,1223
19,1257
19,1267
19,1293
19,1317
19,1428
19,1434
19,1496
19,1573
19,1607
19,1654
19,1665
19,1667
19,1670
19,1916
19,1986
19,2002
19,2026
19,2050
19,2112
19,2118
19,2133
19,2147
19,2172
19,2286
19,2335
19,2430
19,2449
19,2472
19,2486
19,2506
19,2510
19,2513
19,2671
19,2746
19,2763
19,2901
19,3112
19,3117
19,3136
19,3181
19,3218
19,3233
19,3248
19,3322
19,3417
19,3505
19,3510
19,3540
19,3552
19,3657
19,3902
19,3909
20,23
20,24
20,25
20,26
20,27
20,28
20,29
20,30
20,31
20,32
20,37
20,38
20,39
20,40
20,43
20,44
20,45
20,46
20,47
20,48
20,51
20,55
20,56
20,59
20,60
20,66
20,68
20,73
20,76
20,104
20,105
20,112
20,118
20,124
20,125
20,133
20,146
20,163
20,169
20,176
20,185
20,187
20,201
20,206
20,207
20,211
20,240
20,264
20,275
20,280
20,286
20,290
20,321
20,323
20,346
20,350
20,364
20,365
20,366
20,393
20,416
20,418
20,461
20,462
20,473
20,475
20,497
20,535
20,539
20,541
20,545
20,569
20,600
20,613
20,636
20,649
20,659
20,672
20,679
20,705
20,732
20,740
20,748
20,751
20,755
20,789
20,804
20,817
20,832
20,838
20,848
20,862
20,873
20,904
20,909
20,929
20,951
20,954
20,956
20,964
20,988
20,990
20,996
20,1003
20,1016
20,1018
20,1030
20,1045
20,1069
20,1099
20,1182
20,1197
20,1205
20,1237
20,1355
20,1389
20,1395
20,1419
20,1428
20,1436
20,1472
20,1476
20,1519
20,1536
20,1584
20,1602
20,1621
20,1644
20,1687
20,1692
20,1697
20,1699
20,1715
20,1728
20,1740
20,1801
20,1819
20,1829
20,1850
20,1858
20,1900
20,1935
20,1960
20,1994
20,2000
20,2050
20,2068
20,2084
20,2087
20,2135
20,2169
20,2172
20,2234
20,2269
20,2290
20,2327
20,2358
20,2413
20,2421
20,2432
20,2453
20,2510
20,2511
20,2534
20,2544
20,2558
20,2592
20,2640
20,2676
20,2695
20,2765
20,2779
20,2838
20,2871
20,2876
20,2883
20,2911
20,2932
20,3024
20,3058
20,3063
20,3068
20,3117
20,3121
20,3132
20,3139
20,3190
20,3228
20,3236
20,3254
20,3323
20,3353
20,3369
20,3480
20,3541
20,3558
20,3582
20,3635
20,3637
20,3717
20,3734
20,3752
20,3765
20,3785
20,3804
20,3807
20,3813
20,3838
20,3839
20,3853
20,3897
20,3923
20,3932
20,3960
21,23
21,24
21,25
21,26
21,28
21,30
21,31
21,39
21,40
21,41
21,42
21,50
21,51
21,56
21,58
21,61
21,63
21,68
21,77
21,92
21,100
21,102
21,105
21,112
21,117
21,118
21,136
21,142
21,144
21,157
21,162
21,217
21,225
21,231
21,232
21,238
21,242
21,253
21,270
21,273
21,281
21,282
21,286
21,296
21,328
21,334
21,376
21,401
21,424
21,431
21,439
21,440
21,449
21,452
21,456
21,486
21,500
21,510
21,517
21,523
21,538
21,556
21,572
21,588
21,654
21,670
21,672
21,677
21,700
21,724
21,744
21,750
21,785
21,790
21,794
21,800
21,822
21,824
21,843
21,872
21,876
21,895
21,910
21,914
21,916
21,920
21,933
21,951
21,958
21,990
21,1001
21,1017
21,1028
21,1107
21,1120
21,1161
21,1162
21,1207
21,1247
21,1260
21,1274
21,1310
21,1371
21,1448
21,1472
21,1474
21,1485
21,1515
21,1516
21,1613
21,1709
21,1796
21,1837
21,1872
21,1916
21,1947
21,1960
21,1983
21,1998
21,2007
21,2076
21,2153
21,2198
21,2243
21,2256
21,2283
21,2300
21,2311
21,2347
21,2358
21,2379
21,2381
21,2402
21,2418
21,2510
21,2513
21,2528
21,2533
21,2550
21,2591
21,2611
21,2616
21,2621
21,2689
21,2718
21,2860
21,2875
21,2885
21,2906
21,2993
21,3009
21,3096
21,3142
21,3186
21,3206
21,3317
21,3329
21,3338
21,3468
21,3486
21,3533
21,3569
21,3630
21,3677
21,3764
21,3786
21,3791
21,3869
21,3929
21,3940
21,3967
21,4029
21,4032
22,23
22,24
22,25
22,26
22,28
22,29
22,30
22,31
22,32
22,34
22,35
22,36
22,42
22,46
22,48
22,49
22,51
22,52
22,59
22,60
22,61
22,64
22,67
22,68
22,71
22,72
22,74
22,76
22,79
22,81
22,87
22,90
22,92
22,96
22,104
22,106
22,107
22,114
22,121
22,124
22,143
22,150
22,152
22,155
22,177
22,180
22,187
22,219
22,226
22,231
22,232
22,236
22,238
22,240
22,273
22,275
22,276
22,286
22,293
22,302
22,309
22,313
22,328
22,335
22,340
22,348
22,358
22,360
22,371
22,381
22,395
22,406
22,425
22,439
22,441
22,452
22,470
22,472
22,480
22,482
22,485
22,506
22,517
22,523
22,527
22,548
22,558
22,585
22,593
22,598
22,614
22,616
22,624
22,630
22,633
22,649
22,657
22,670
22,699
22,705
22,707
22,709
22,725
22,769
22,771
22,787
22,799
22,811
22,845
22,848
22,857
22,906
22,911
22,913
22,914
22,938
22,944
22,955
22,959
22,992
22,1005
22,1012
22,1019
22,1042
22,1046
22,1047
22,1052
22,1059
22,1065
22,1090
22,1110
22,1124
22,1153
22,1171
22,1187
22,1201
22,1229
22,1231
22,1263
22,1266
22,1281
22,1298
22,1322
22,1327
22,1367
22,1372
22,1379
22,1382
22,1393
22,1399
22,1419
22,1427
22,1443
22,1449
22,1485
22,1490
22,1500
22,1506
22,1513
22,1532
22,1566
22,1588
22,1591
22,1592
22,1593
22,1615
22,1616
22,1618
22,1659
22,1666
22,1668
22,1709
22,1782
22,1813
22,1817
22,1829
22,1830
22,1851
22,1876
22,1900
22,1943
22,1972
22,2018
22,2019
22,2080
22,2096
22,2110
22,2112
22,2132
22,2156
22,2195
22,2200
22,2202
22,2204
22,2262
22,2286
22,2294
22,2319
22,2328
22,2330
22,2340
22,2350
22,2351
22,2356
22,2371
22,2372
22,2385
22,2403
22,2424
22,2425
22,2430
22,2598
22,2620
22,2722
22,2732
22,2756
22,2757
22,2760
22,2764
22,2769
22,2781
22,2784
22,2809
22,2822
22,2864
22,2890
22,2921
22,2946
22,2988
22,3070
22,3093
22,3117
22,3179
22,3189
22,3204
22,3206
22,3223
22,3232
22,3233
22,3235
22,3365
22,3431
22,3438
22,3538
22,3547
22,3581
22,3745
22,3760
22,3775
22,3836
22,3847
22,3904
22,3923
22,3924
22,3946
22,4009
23,24
23,25
23,26
23,27
23,28
23,29
23,30
23,31
23,33
23,34
23,35
23,36
23,37
23,39
23,40
23,41
23,42
23,43
23,44
23,45
23,46
23,47
23,48
23,49
23,50
23,56
23,57
23,58
23,60
23,61
23,62
23,63
23,66
23,69
23,70
23,71
23,72
23,73
23,74
23,75
23,85
23,86
23,87
23,90
23,91
23,92
23,94
23,97
23,102
23,103
23,109
23,113
23,123
23,126
23,128
23,134
23,135
23,140
23,143
23,144
23,151
23,156
23,161
23,170
23,171
23,172
23,176
23,178
23,182
23,184
23,187
23,188
23,192
23,209
23,211
23,213
23,215
23,220
23,226
23,227
23,228
23,229
23,231
23,235
23,237
23,249
23,251
23,266
23,268
23,269
23,273
23,279
23,282
23,283
23,291
23,296
23,304
23,307
23,310
23,314
23,317
23,323
23,327
23,335
23,336
23,347
23,352
23,355
23,361
23,368
23,370
23,384
23,388
23,389
23,394
23,405
23,409
23,414
23,422
23,423
23,432
23,447
23,448
23,451
23,453
23,461
23,484
23,485
23,486
23,493
23,498
23,503
23,506
23,508
23,527
23,538
23,542
23,560
23,561
23,563
23,574
23,584
23,585
23,601
23,604
23,610
23,615
23,622
23,629
23,640
23,660
23,667
23,686
23,699
23,709
23,714
23,717
23,721
23,723
23,729
23,730
23,742
23,747
23,749
23,750
23,755
23,760
23,769
23,779
23,811
23,812
23,818
23,823
23,827
23,838
23,846
23,849
23,853
23,858
23,869
23,884
23,886
23,889
23,894
23,901
23,910
23,919
23,929
23,935
23,936
23,938
23,944
23,947
23,949
23,959
23,980
23,992
23,999
23,1011
23,1015
23,1040
23,1049
23,1050
23,1056
23,1063
23,1064
23,1067
23,1078
23,1081
23,1116
23,1127
23,1128
23,1131
23,1142
23,1158
23,1166
23,1175
23,1178
23,1182
23,1192
23,1198
23,1229
23,1235
23,1236
23,1238
23,1253
23,1290
23,1294
23,1299
23,1310
23,1311
23,1314
23,1324
23,1327
23,1336
23,1361
23,1368
23,1369
23,1372
23,1375
23,1383
23,1387
23,1397
23,1411
23,1429
23,1440
23,1447
23,1449
23,1454
23,1467
23,1471
23,1477
23,1478
23,1481
23,1493
23,1521
23,1531
23,1562
23,1600
23,1618
23,1631
23,1632
23,1638
23,1649
23,1686
23,1692
23,1703
23,1715
23,1718
23,1724
23,1725
23,1746
23,1760
23,1762
23,1772
23,1792
23,1793
23,1798
23,1802
23,1804
23,1811
23,1815
23,1855
23,1880
23,1891
23,1908
23,1949
23,1972
23,1988
23,1989
23,2041
23,2043
23,2052
23,2056
23,2087
23,2096
23,2097
23,2136
23,2140
23,2152
23,2209
23,2211
23,2220
23,2221
23,2234
23,2240
23,2243
23,2247
23,2250
23,2257
23,2259
23,2275
23,2286
23,2310
23,2321
23,2365
23,2372
23,2374
23,2408
23,2416
23,2424
23,2433
23,2511
23,2524
23,2540
23,2541
23,2556
23,2583
23,2584
23,2589
23,2590
23,2593
23,2610
23,2658
23,2690
23,2732
23,2736
23,2782
23,2793
23,2823
23,2875
23,2887
23,2899
23,2907
23,2921
23,2931
23,2952
23,2983
23,2995
23,3052
23,3070
23,3082
23,3083
23,3160
23,3173
23,3191
23,3192
23,3194
23,3213
23,3215
23,3235
23,3239
23,3246
23,3295
23,3348
23,3353
23,3354
23,3369
23,3393
23,3414
23,3435
23,3437
23,3473
23,3478
23,3491
23,3513
23,3534
23,3546
23,3574
23,3576
23,3578
23,3579
23,3604
23,3665
23,3696
23,3701
23,3703
23,3722
23,3725
23,3732
23,3777
23,3778
23,3794
23,3802
23,3822
23,3859
23,3882
23,3888
23,3890
23,3914
23,3927
23,3928
23,3976
23,3977
23,3996
24,25
24,26
24,27
24,28
24,29
24,30
24,31
24,32
24,33
24,34
24,35
24,36
24,37
24,39
24,40
24,41
24,42
24,44
24,47
24,48
24,49
24,51
24,53
24,55
24,57
24,61
24,62
24,63
24,64
24,65
24,70
24,71
24,75
24,77
24,78
24,80
24,82
24,87
24,88
24,91
24,92
24,98
24,99
24,100
24,101
24,106
24,111
24,115
24,116
24,120
24,123
24,124
24,125
24,134
24,135
24,138
24,141
24,159
24,162
24,169
24,170
24,180
24,192
24,210
24,218
24,223
24,224
24,225
24,229
24,231
24,240
24,243
24,246
24,248
24,253
24,255
24,259
24,265
24,268
24,270
24,274
24,283
24,295
24,298
24,301
24,307
24,312
24,315
24,320
24,330
24,332
24,337
24,340
24,344
24,345
24,350
24,354
24,367
24,378
24,384
24,390
24,391
24,394
24,395
24,401
24,408
24,418
24,424
24,425
24,431
24,438
24,455
24,466
24,472
24,479
24,488
24,497
24,503
24,504
24,523
24,524
24,525
24,537
24,541
24,565
24,566
24,575
24,588
24,598
24,606
24,613
24,616
24,617
24,632
24,638
24,644
24,658
24,660
24,662
24,663
24,674
24,678
24,686
24,689
24,700
24,711
24,723
24,742
24,745
24,746
24,767
24,793
24,800
24,815
24,819
24,862
24,863
24,877
24,890
24,905
24,922
24,924
24,925
24,934
24,947
24,949
24,953
24,982
24,986
24,1003
24,1005
24,1009
24,1056
24,1067
24,1072
24,1081
24,1086
24,1090
24,1094
24,1126
24,1137
24,1147
24,1149
24,1151
24,1195
24,1204
24,1207
24,1209
24,1245
24,1248
24,1263
24,1265
24,1267
24,1274
24,1282
24,1295
24,1329
24,1336
24,1339
24,1342
24,1350
24,1374
24,1387
24,1396
24,1400
24,1402
24,1406
24,1424
24,1425
24,1430
24,1439
24,1459
24,1465
24,1474
24,1498
24,1505
24,1510
24,1523
24,1531
24,1577
24,1596
24,1613
24,1619
24,1645
24,1651
24,1656
24,1659
24,1667
24,1673
24,1683
24,1687
24,1711
24,1713
24,1755
24,1767
24,1784
24,1799
24,1804
24,1818
24,1819
24,1827
24,1831
24,1833
24,1858
24,1864
24,1875
24,1880
24,1898
24,1934
24,1949
24,1954
24,1961
24,1973
24,1981
24,2003
24,2005
24,2022
24,2042
24,2056
24,2058
24,2081
24,2083
24,2093
24,2114
24,2121
24,2134
24,2159
24,2164
24,2172
24,2186
24,2207
24,2222
24,2223
24,2225
24,2228
24,2250
24,2253
24,2284
24,2300
24,2336
24,2367
24,2373
24,2404
24,2414
24,2438
24,2447
24,2457
24,2467
24,2473
24,2479
24,2486
24,2487
24,2491
24,2499
24,2513
24,2523
24,2528
24,2540
24,2567
24,2580
24,2595
24,2639
24,2642
24,2659
24,2661
24,2685
24,2688
24,2758
24,2767
24,2771
24,2801
24,2810
24,2812
24,2849
24,2896
24,2903
24,2949
24,2980
24,3005
24,3021
24,3074
24,3090
24,3124
24,3125
24,3165
24,3202
24,3258
24,3275
24,3296
24,3302
24,3324
24,3334
24,3335
24,3338
24,3351
24,3355
24,3364
24,3468
24,3476
24,3495
24,3508
24,3517
24,3533
24,3535
24,3551
24,3557
24,3596
24,3597
24,3621
24,3631
24,3649
24,3660
24,3665
24,3687
24,3696
24,3720
24,3728
24,3771
24,3796
24,3799
24,3802
24,3837
24,3868
24,3949
24,3953
24,3973
24,4001
25,26
25,27
25,28
25,29
25,30
25,31
25,32
25,33
25,34
25,35
25,36
25,37
25,39
25,40
25,42
25,43
25,44
25,45
25,46
25,47
25,48
25,49
25,51
25,53
25,55
25,56
25,57
25,58
25,59
25,60
25,61
25,62
25,64
25,65
25,66
25,70
25,73
25,74
25,76
25,79
25,83
25,84
25,85
25,86
25,90
25,95
25,101
25,103
25,105
25,106
25,108
25,109
25,111
25,116
25,120
25,121
25,126
25,127
25,130
25,138
25,139
25,140
25,145
25,148
25,150
25,151
25,153
25,157
25,158
25,159
25,161
25,162
25,167
25,171
25,172
25,179
25,180
25,181
25,182
25,183
25,186
25,188
25,193
25,198
25,208
25,214
25,217
25,218
25,225
25,226
25,229
25,234
25,237
25,238
25,240
25,245
25,260
25,268
25,274
25,275
25,278
25,286
25,292
25,296
25,298
25,303
25,315
25,323
25,326
25,330
25,333
25,334
25,337
25,339
25,342
25,350
25,351
25,352
25,354
25,356
25,362
25,373
25,374
25,385
25,387
25,388
25,390
25,401
25,404
25,411
25,421
25,425
25,427
25,431
25,433
25,436
25,463
25,468
25,472
25,475
25,483
25,484
25,485
25,486
25,496
25,497
25,500
25,507
25,511
25,512
25,519
25,520
25,522
25,523
25,525
25,533
25,535
25,544
25,545
25,546
25,548
25,551
25,559
25,560
25,561
25,562
25,570
25,572
25,574
25,578
25,591
25,602
25,603
25,618
25,621
25,624
25,638
25,647
25,648
25,653
25,656
25,660
25,661
25,662
25,664
25,665
25,669
25,671
25,683
25,686
25,693
25,696
25,706
25,713
25,717
25,733
25,736
25,745
25,749
25,753
25,759
25,769
25,772
25,782
25,785
25,786
25,799
25,807
25,819
25,828
25,830
25,848
25,854
25,868
25,872
25,878
25,891
25,892
25,900
25,913
25,914
25,916
25,925
25,945
25,962
25,966
25,968
25,972
25,982
25,983
25,991
25,1006
25,1019
25,1026
25,1029
25,1044
25,1048
25,1058
25,1072
25,1082
25,1104
25,1106
25,1127
25,1129
25,1141
25,1142
25,1152
25,1161
25,1168
25,1169
25,1173
25,1183
25,1194
25,1227
25,1232
25,1252
25,1254
25,1273
25,1285
25,1293
25,1306
25,1308
25,1310
25,1322
25,1332
25,1343
25,1364
25,1377
25,1405
25,1412
25,1416
25,1417
25,1426
25,1428
25,1431
25,1432
25,1443
25,1452
25,1462
25,1463
25,1469
25,1478
25,1479
25,1482
25,1483
25,1489
25,1492
25,1494
25,1497
25,1502
25,1505
25,1522
25,1527
25,1535
25,1550
25,1572
25,1576
25,1607
25,1609
25,1611
25,1613
25,1617
25,1630
25,1631
25,1640
25,1655
25,1666
25,1671
25,1684
25,1686
25,1689
25,1692
25,1697
25,1711
25,1715
25,1716
25,1722
25,1726
25,1765
25,1766
25,1777
25,1779
25,1790
25,1796
25,1806
25,1809
25,1815
25,1816
25,1834
25,1835
25,1840
25,1862
25,1870
25,1883
25,1904
25,1911
25,1921
25,1922
25,1923
25,1924
25,1931
25,1944
25,1948
25,1949
25,1964
25,2023
25,2027
25,2033
25,2035
25,2066
25,2069
25,2071
25,2077
25,2082
25,2083
25,2099
25,2105
25,2115
25,2122
25,2127
25,2139
25,2144
25,2145
25,2162
25,2189
25,2198
25,2207
25,2208
25,2219
25,2221
25,2238
25,2252
25,2253
25,2258
25,2263
25,2264
25,2268
25,2293
25,2306
25,2320
25,2362
25,2363
25,2368
25,2398
25,2407
25,2418
25,2442
25,2447
25,2449
25,2464
25,2467
25,2473
25,2479
25,2480
25,2495
25,2517
25,2518
25,2534
25,2536
25,2546
25,2553
25,2554
25,2577
25,2579
25,2584
25,2601
25,2614
25,2619
25,2670
25,2686
25,2696
25,2698
25,2708
25,2720
25,2723
25,2733
25,2746
25,2747
25,2748
25,2769
25,2780
25,2781
25,2809
25,2865
25,2870
25,2890
25,2909
25,2930
25,2938
25,2942
25,2946
25,2958
25,2960
25,2967
25,2977
25,2997
25,3008
25,3023
25,3041
25,3045
25,3091
25,3120
25,3149
25,3152
25,3176
25,3182
25,3213
25,3215
25,3220
25,3228
25,3315
25,3318
25,3333
25,3343
25,3357
25,3371
25,3372
25,3401
25,3423
25,3437
25,3444
25,3450
25,3454
25,3483
25,3484
25,3526
25,3533
25,3534
25,3539
25,3563
25,3609
25,3618
25,3624
25,3678
25,3700
25,3701
25,3707
25,3714
25,3729
25,3762
25,3775
25,3788
25,3791
25,3793
25,3794
25,3798
25,3799
25,3821
25,3857
25,3878
25,3901
25,3906
25,3907
25,3910
25,3946
25,3954
25,3959
25,3975
25,3997
25,4006
26,27
26,28
26,29
26,30
26,31
26,32
26,33
26,34
26,35
26,36
26,37
26,38
26,39
26,40
26,43
26,45
26,46
26,48
26,49
26,50
26,52
26,54
26,55
26,57
26,59
26,60
26,61
26,62
26,64
26,65
26,66
26,67
26,69
26,70
26,74
26,76
26,78
26,79
26,81
26,82
26,83
26,86
26,89
26,91
26,102
26,106
26,108
26,111
26,118
26,119
26,122
26,123
26,126
26,127
26,136
26,141
26,145
26,149
26,150
26,151
26,161
26,163
26,167
26,170
26,171
26,174
26,176
26,180
26,185
26,187
26,191
26,194
26,197
26,203
26,207
26,208
26,233
26,235
26,243
26,244
26,248
26,249
26,250
26,261
26,263
26,265
26,266
26,269
26,272
26,274
26,277
26,278
26,280
26,282
26,287
26,295
26,296
26,300
26,302
26,308
26,309
26,310
26,315
26,324
26,330
26,338
26,345
26,347
26,349
26,354
26,355
26,366
26,375
26,377
26,386
26,392
26,396
26,399
26,400
26,407
26,419
26,420
26,429
26,433
26,438
26,454
26,460
26,464
26,466
26,481
26,495
26,497
26,508
26,512
26,529
26,532
26,533
26,540
26,558
26,559
26,565
26,566
26,568
26,572
26,580
26,581
26,587
26,588
26,593
26,604
26,612
26,637
26,647
26,649
26,652
26,670
26,677
26,678
26,686
26,689
26,691
26,694
26,699
26,709
26,713
26,746
26,778
26,780
26,788
26,789
26,817
26,820
26,838
26,848
26,855
26,859
26,860
26,867
26,874
26,884
26,893
26,895
26,914
26,921
26,927
26,930
26,932
26,937
26,946
26,958
26,965
26,970
26,976
26,980
26,995
26,1005
26,1008
26,1031
26,1033
26,1042
26,1063
26,1080
26,1093
26,1105
26,1111
26,1124
26,1129
26,1141
26,1161
26,1165
26,1184
26,1199
26,1201
26,1206
26,1214
26,1231
26,1234
26,1237
26,1257
26,1266
26,1272
26,1286
26,1301
26,1317
26,1329
26,1345
26,1366
26,1368
26,1385
26,1391
26,1395
26,1451
26,1452
26,1462
26,1477
26,1488
26,1497
26,1517
26,1521
26,1523
26,1542
26,1554
26,1561
26,1568
26,1578
26,1580
26,1584
26,1602
26,1603
26,1613
26,1623
26,1626
26,1642
26,1685
26,1692
26,1696
26,1699
26,1708
26,1720
26,1739
26,1764
26,1789
26,1798
26,1818
26,1847
26,1861
26,1864
26,1876
26,2017
26,2020
26,2043
26,2045
26,2053
26,2056
26,2073
26,2074
26,2085
26,2089
26,2095
26,2108
26,2122
26,2135
26,2152
26,2155
26,2163
26,2179
26,2185
26,2190
26,2192
26,2194
26,2233
26,2243
26,2246
26,2280
26,2303
26,2343
26,2354
26,2357
26,2360
26,2364
26,2430
26,2437
26,2468
26,2480
26,2493
26,2518
26,2522
26,2561
26,2575
26,2580
26,2643
26,2660
26,2665
26,2678
26,2679
26,2689
26,2694
26,2698
26,2703
26,2707
26,2731
26,2758
26,2782
26,2790
26,2794
26,2797
26,2812
26,2851
26,2871
26,2884
26,2899
26,2928
26,2945
26,2955
26,2989
26,3007
26,3011
26,3042
26,3065
26,3096
26,3099
26,3115
26,3122
26,3194
26,3216
26,3247
26,3260
26,3278
26,3281
26,3284
26,3288
26,3305
26,3325
26,3326
26,3339
26,3357
26,3374
26,3382
26,3391
26,3451
26,3452
26,3460
26,3474
26,3479
26,3481
26,3492
26,3509
26,3523
26,3552
26,3587
26,3597
26,3642
26,3649
26,3661
26,3675
26,3712
26,3717
26,3728
26,3754
26,3769
26,3777
26,3781
26,3799
26,3832
26,3840
26,3859
26,3866
26,3875
26,3892
26,3936
26,3954
26,4007
26,4014
26,4030
26,4032
27,28
27,29
27,30
27,31
27,32
27,33
27,34
27,35
27,36
27,37
27,38
27,39
27,40
27,41
27,43
27,44
27,45
27,46
27,47
27,48
27,49
27,50
27,51
27,52
27,53
27,54
27,55
27,57
27,62
27,65
27,71
27,72
27,73
27,75
27,78
27,80
27,81
27,88
27,92
27,95
27,97
27,99
27,100
27,103
27,104
27,112
27,117
27,119
27,120
27,123
27,124
27,128
27,129
27,131
27,137
27,138
27,148
27,149
27,152
27,154
27,157
27,158
27,159
27,161
27,165
27,168
27,169
27,170
27,177
27,180
27,189
27,193
27,196
27,198
27,206
27,209
27,214
27,218
27,220
27,221
27,222
27,227
27,230
27,237
27,241
27,245
27,247
27,249
27,256
27,259
27,261
27,263
27,267
27,274
27,283
27,284
27,287
27,291
27,294
27,301
27,303
27,305
27,309
27,315
27,319
27,325
27,326
27,327
27,328
27,331
27,335
27,336
27,337
27,342
27,346
27,348
27,359
27,369
27,370
27,373
27,389
27,396
27,402
27,406
27,409
27,412
27,414
27,418
27,419
27,421
27,429
27,432
27,437
27,438
27,444
27,446
27,451
27,454
27,458
27,459
27,462
27,464
27,468
27,475
27,485
27,489
27,490
27,519
27,529
27,533
27,539
27,546
27,548
27,549
27,562
27,567
27,568
27,572
27,581
27,584
27,586
27,597
27,600
27,601
27,607
27,608
27,613
27,615
27,623
27,637
27,643
27,655
27,659
27,671
27,673
27,675
27,681
27,682
27,701
27,704
27,709
27,713
27,717
27,728
27,735
27,736
27,737
27,741
27,742
27,754
27,760
27,771
27,772
27,779
27,781
27,786
27,790
27,791
27,806
27,808
27,818
27,820
27,821
27,843
27,850
27,851
27,853
27,854
27,869
27,874
27,875
27,896
27,898
27,902
27,911
27,928
27,933
27,943
27,945
27,948
27,950
27,952
27,954
27,985
27,1013
27,1014
27,1043
27,1051
27,1064
27,1086
27,1094
27,1101
27,1102
27,1129
27,1132
27,1146
27,1150
27,1155
27,1158
27,1165
27,1166
27,1168
27,1170
27,1171
27,1178
27,1181
27,1182
27,1218
27,1228
27,1233
27,1242
27,1248
27,1250
27,1252
27,1253
27,1262
27,1269
27,1287
27,1290
27,1291
27,1304
27,1307
27,1308
27,1312
27,1313
27,1316
27,1318
27,1326
27,1327
27,1330
27,1334
27,1335
27,1349
27,1359
27,1371
27,1385
27,1389
27,1412
27,1419
27,1434
27,1443
27,1485
27,1489
27,1494
27,1500
27,1501
27,1515
27,1535
27,1541
27,1550
27,1556
27,1572
27,1578
27,1594
27,1600
27,1617
27,1620
27,1622
27,1623
27,1665
27,1679
27,1688
27,1690
27,1714
27,1716
27,1727
27,1735
27,1738
27,1766
27,1775
27,1781
27,1783
27,1787
27,1821
27,1851
27,1885
27,1887
27,1891
27,1906
27,1924
27,1929
27,1930
27,1931
27,1951
27,1979
27,1983
27,1988
27,1992
27,2026
27,2036
27,2059
27,2061
27,2076
27,2077
27,2080
27,2082
27,2102
27,2113
27,2128
27,2161
27,2179
27,2196
27,2218
27,2257
27,2269
27,2281
27,2284
27,2290
27,2300
27,2317
27,2325
27,2333
27,2344
27,2348
27,2354
27,2364
27,2370
27,2390
27,2396
27,2406
27,2410
27,2427
27,2448
27,2459
27,2461
27,2520
27,2530
27,2552
27,2565
27,2570
27,2582
27,2601
27,2613
27,2616
27,2660
27,2661
27,2665
27,2666
27,2667
27,2671
27,2687
27,2694
27,2715
27,2722
27,2742
27,2758
27,2762
27,2791
27,2804
27,2810
27,2820
27,2843
27,2851
27,2861
27,2869
27,2888
27,2935
27,2943
27,2944
27,2998
27,3013
27,3041
27,3048
27,3063
27,3075
27,3089
27,3091
27,3093
27,3098
27,3128
27,3134
27,3141
27,3151
27,3161
27,3209
27,3261
27,3277
27,3289
27,3306
27,3307
27,3345
27,3404
27,3444
27,3445
27,3456
27,3464
27,3484
27,3493
27,3503
27,3505
27,3513
27,3556
27,3613
27,3632
27,3644
27,3653
27,3666
27,3691
27,3711
27,3727
27,3730
27,3739
27,3741
27,3752
27,3771
27,3773
27,3779
27,3781
27,3782
27,3787
27,3794
27,3817
27,3823
27,3951
27,3956
27,3963
27,3968
27,3972
27,3973
27,3995
27,4002
27,4018
28,29
28,30
28,31
28,32
28,33
28,34
28,35
28,36
28,37
28,38
28,39
28,40
28,41
28,43
28,44
28,45
28,47
28,48
28,50
28,52
28,53
28,55
28,59
28,60
28,64
28,68
28,74
28,75
28,76
28,78
28,79
28,80
28,81
28,83
28,90
28,94
28,98
28,99
28,100
28,106
28,111
28,116
28,121
28,122
28,126
28,129
28,130
28,131
28,133
28,137
28,142
28,145
28,147
28,149
28,150
28,152
28,155
28,159
28,166
28,175
28,182
28,184
28,185
28,186
28,188
28,194
28,199
28,208
28,210
28,216
28,221
28,233
28,246
28,248
28,250
28,254
28,256
28,259
28,260
28,262
28,264
28,272
28,274
28,275
28,277
28,279
28,283
28,292
28,306
28,307
28,310
28,311
28,317
28,318
28,326
28,331
28,333
28,339
28,343
28,348
28,350
28,358
28,359
28,360
28,368
28,373
28,377
28,378
28,386
28,388
28,391
28,401
28,405
28,417
28,419
28,421
28,423
28,427
28,428
28,429
28,441
28,442
28,448
28,454
28,457
28,459
28,462
28,464
28,468
28,471
28,478
28,480
28,482
28,486
28,497
28,502
28,506
28,526
28,531
28,539
28,553
28,554
28,555
28,566
28,569
28,577
28,581
28,582
28,589
28,591
28,592
28,598
28,602
28,613
28,620
28,623
28,627
28,629
28,645
28,646
28,656
28,663
28,666
28,668
28,683
28,688
28,689
28,691
28,695
28,698
28,703
28,706
28,708
28,719
28,726
28,738
28,749
28,751
28,765
28,794
28,798
28,806
28,812
28,829
28,831
28,835
28,850
28,861
28,891
28,898
28,904
28,906
28,910
28,932
28,936
28,948
28,951
28,955
28,957
28,961
28,973
28,991
28,994
28,997
28,1002
28,1024
28,1031
28,1035
28,1046
28,1047
28,1054
28,1057
28,1076
28,1083
28,1084
28,1109
28,1127
28,1143
28,1147
28,1154
28,1167
28,1181
28,1190
28,1212
28,1257
28,1263
28,1265
28,1269
28,1273
28,1274
28,1286
28,1290
28,1294
28,1295
28,1305
28,1317
28,1359
28,1381
28,1390
28,1393
28,1413
28,1418
28,1431
28,1437
28,1443
28,1448
28,1466
28,1469
28,1472
28,1478
28,1503
28,1510
28,1533
28,1546
28,1549
28,1569
28,1576
28,1597
28,1605
28,1618
28,1623
28,1659
28,1669
28,1670
28,1685
28,1690
28,1711
28,1741
28,1768
28,1769
28,1773
28,1790
28,1796
28,1801
28,1814
28,1816
28,1841
28,1853
28,1866
28,1886
28,1888
28,1897
28,1899
28,1923
28,1926
28,1937
28,1947
28,1955
28,1957
28,1978
28,1990
28,1994
28,1998
28,2000
28,2016
28,2018
28,2042
28,2045
28,2053
28,2093
28,2127
28,2137
28,2147
28,2169
28,2186
28,2201
28,2206
28,2208
28,2211
28,2212
28,2225
28,2236
28,2245
28,2261
28,2267
28,2268
28,2279
28,2287
28,2291
28,2294
28,2296
28,2298
28,2305
28,2312
28,2325
28,2328
28,2376
28,2426
28,2433
28,2461
28,2466
28,2468
28,2485
28,2488
28,2491
28,2493
28,2501
28,2509
28,2520
28,2563
28,2564
28,2585
28,2615
28,2616
28,2622
28,2636
28,2643
28,2647
28,2656
28,2663
28,2685
28,2700
28,2733
28,2753
28,2759
28,2811
28,2818
28,2825
28,2854
28,2894
28,2901
28,2904
28,2905
28,2923
28,2932
28,2951
28,2974
28,2975
28,3035
28,3049
28,3054
28,3066
28,3102
28,3109
28,3110
28,3131
28,3153
28,3174
28,3206
28,3225
28,3238
28,3256
28,3266
28,3268
28,3270
28,3293
28,3315
28,3368
28,3372
28,3389
28,3390
28,3403
28,3416
28,3448
28,3458
28,3493
28,3528
28,3577
28,3579
28,3593
28,3613
28,3614
28,3626
28,3631
28,3655
28,3681
28,3688
28,3690
28,3691
28,3695
28,3705
28,3745
28,3766
28,3767
28,3781
28,3788
28,3798
28,3812
28,3840
28,3855
28,3870
28,3880
28,3889
28,3893
28,3896
28,3899
28,3918
28,3947
28,3955
28,3956
28,3977
28,3978
28,3985
28,4007
28,4012
28,4035
28,4038
29,30
29,31
29,32
29,33
29,34
29,35
29,37
29,38
29,39
29,41
29,42
29,43
29,44
29,47
29,53
29,54
29,56
29,58
29,59
29,63
29,66
29,67
29,68
29,69
29,70
29,71
29,73
29,74
29,76
29,78
29,80
29,82
29,84
29,85
29,86
29,90
29,93
29,95
29,96
29,97
29,99
29,106
29,114
29,115
29,116
29,119
29,128
29,129
29,131
29,132
29,134
29,136
29,138
29,139
29,144
29,145
29,146
29,147
29,149
29,159
29,164
29,166
29,169
29,175
29,177
29,179
29,182
29,183
29,187
29,194
29,199
29,203
29,207
29,208
29,212
29,214
29,221
29,227
29,228
29,234
29,246
29,248
29,254
29,261
29,262
29,264
29,271
29,278
29,284
29,286
29,290
29,309
29,315
29,321
29,322
29,329
29,331
29,336
29,345
29,348
29,349
29,357
29,364
29,368
29,372
29,377
29,383
29,384
29,389
29,400
29,401
29,404
29,408
29,412
29,415
29,417
29,418
29,426
29,428
29,432
29,436
29,443
29,446
29,449
29,450
29,462
29,470
29,474
29,481
29,483
29,486
29,499
29,505
29,507
29,515
29,518
29,520
29,527
29,534
29,543
29,548
29,549
29,551
29,561
29,567
29,573
29,578
29,580
29,584
29,596
29,599
29,625
29,627
29,629
29,632
29,637
29,638
29,644
29,687
29,692
29,723
29,748
29,754
29,755
29,762
29,769
29,784
29,790
29,793
29,804
29,808
29,816
29,820
29,855
29,865
29,931
29,937
29,938
29,942
29,960
29,963
29,969
29,970
29,972
29,991
29,1010
29,1022
29,1072
29,1078
29,1080
29,1092
29,1095
29,1115
29,1130
29,1153
29,1171
29,1197
29,1200
29,1231
29,1251
29,1267
29,1272
29,1283
29,1295
29,1351
29,1387
29,1391
29,1394
29,1406
29,1408
29,1409
29,1429
29,1432
29,1434
29,1439
29,1443
29,1462
29,1521
29,1526
29,1535
29,1549
29,1565
29,1570
29,1582
29,1588
29,1590
29,1604
29,1611
29,1613
29,1646
29,1650
29,1675
29,1682
29,1698
29,1708
29,1716
29,1718
29,1746
29,1764
29,1767
29,1774
29,1796
29,1802
29,1816
29,1824
29,1829
29,1831
29,1848
29,1863
29,1872
29,1875
29,1877
29,1884
29,1887
29,1892
29,1903
29,1904
29,1921
29,1930
29,1942
29,1983
29,1993
29,2020
29,2025
29,2028
29,2045
29,2057
29,2075
29,2086
29,2115
29,2121
29,2198
29,2225
29,2228
29,2254
29,2299
29,2301
29,2339
29,2347
29,2365
29,2368
29,2372
29,2373
29,2384
29,2392
29,2393
29,2434
29,2479
29,2498
29,2502
29,2509
29,2530
29,2537
29,2555
29,2557
29,2581
29,2583
29,2595
29,2622
29,2625
29,2627
29,2639
29,2641
29,2643
29,2644
29,2670
29,2681
29,2689
29,2706
29,2740
29,2754
29,2768
29,2778
29,2809
29,2826
29,2847
29,2853
29,2858
29,2865
29,2879
29,2923
29,2932
29,2941
29,2976
29,2978
29,2979
29,2991
29,3031
29,3032
29,3051
29,3076
29,3098
29,3116
29,3146
29,3168
29,3176
29,3206
29,3246
29,3269
29,3273
29,3281
29,3320
29,3321
29,3350
29,3371
29,3376
29,3393
29,3415
29,3422
29,3431
29,3434
29,3443
29,3445
29,3450
29,3462
29,3532
29,3568
29,3580
29,3596
29,3635
29,3643
29,3650
29,3661
29,3683
29,3687
29,3717
29,3743
29,3751
29,3757
29,3774
29,3807
29,3815
29,3822
29,3827
29,3834
29,3837
29,3840
29,3862
29,3880
29,3888
29,3895
29,3898
29,3919
29,3926
29,3928
29,3932
29,3937
29,3939
29,3944
29,3948
29,3951
29,3958
29,3987
29,4012
29,4018
29,4025
29,4027
30,31
30,32
30,33
30,34
30,35
30,36
30,38
30,40
30,41
30,42
30,43
30,44
30,46
30,49
30,54
30,58
30,61
30,62
30,64
30,65
30,69
30,72
30,79
30,88
30,89
30,92
30,94
30,95
30,96
30,100
30,101
30,104
30,105
30,106
30,108
30,109
30,112
30,113
30,115
30,116
30,120
30,121
30,123
30,125
30,129
30,133
30,142
30,143
30,145
30,152
30,153
30,154
30,157
30,159
30,160
30,162
30,168
30,175
30,177
30,178
30,181
30,183
30,188
30,189
30,190
30,191
30,192
30,197
30,198
30,199
30,200
30,204
30,205
30,208
30,211
30,212
30,216
30,217
30,218
30,219
30,220
30,222
30,235
30,237
30,238
30,240
30,243
30,249
30,257
30,258
30,259
30,260
30,268
30,269
30,277
30,281
30,283
30,289
30,300
30,304
30,306
30,310
30,313
30,320
30,329
30,345
30,346
30,352
30,363
30,370
30,383
30,386
30,390
30,395
30,410
30,413
30,414
30,421
30,436
30,438
30,439
30,441
30,447
30,448
30,450
30,453
30,460
30,473
30,479
30,488
30,493
30,502
30,503
30,508
30,517
30,530
30,531
30,538
30,539
30,552
30,553
30,561
30,566
30,577
30,582
30,584
30,589
30,593
30,594
30,595
30,598
30,602
30,603
30,607
30,612
30,615
30,617
30,629
30,633
30,635
30,643
30,644
30,652
30,656
30,659
30,670
30,677
30,678
30,707
30,708
30,709
30,714
30,725
30,726
30,738
30,744
30,746
30,747
30,752
30,753
30,759
30,764
30,765
30,768
30,771
30,779
30,782
30,784
30,785
30,789
30,791
30,792
30,793
30,794
30,795
30,796
30,799
30,817
30,827
30,830
30,866
30,898
30,904
30,912
30,919
30,921
30,927
30,938
30,947
30,952
30,964
30,967
30,968
30,974
30,979
30,984
30,987
30,988
30,1000
30,1001
30,1006
30,1008
30,1013
30,1014
30,1016
30,1023
30,1029
30,1040
30,1043
30,1055
30,1093
30,1100
30,1106
30,1108
30,1119
30,1134
30,1140
30,1143
30,1147
30,1171
30,1185
30,1187
30,1188
30,1192
30,1204
30,1221
30,1223
30,1232
30,1253
30,1262
30,1274
30,1280
30,1284
30,1286
30,1298
30,1299
30,1309
30,1313
30,1315
30,1320
30,1322
30,1336
30,1341
30,1345
30,1369
30,1370
30,1382
30,1401
30,1402
30,1429
30,1446
30,1447
30,1460
30,1466
30,1478
30,1482
30,1503
30,1506
30,1509
30,1526
30,1528
30,1532
30,1536
30,1538
30,1544
30,1549
30,1561
30,1565
30,1571
30,1573
30,1582
30,1589
30,1594
30,1609
30,1611
30,1631
30,1638
30,1640
30,1656
30,1678
30,1701
30,1706
30,1707
30,1712
30,1719
30,1736
30,1799
30,1821
30,1845
30,1854
30,1864
30,1869
30,1879
30,1885
30,1888
30,1898
30,1916
30,1919
30,1936
30,1937
30,1948
30,1953
30,1962
30,1966
30,1984
30,1986
30,1991
30,2000
30,2005
30,2008
30,2032
30,2036
30,2044
30,2046
30,2057
30,2063
30,2090
30,2121
30,2127
30,2140
30,2142
30,2143
30,2153
30,2156
30,2172
30,2192
30,2206
30,2230
30,2237
30,2242
30,2264
30,2270
30,2276
30,2278
30,2288
30,2296
30,2312
30,2319
30,2366
30,2367
30,2382
30,2384
30,2390
30,2402
30,2403
30,2420
30,2442
30,2444
30,2458
30,2461
30,2465
30,2466
30,2475
30,2481
30,2486
30,2492
30,2505
30,2523
30,2534
30,2556
30,2557
30,2569
30,2609
30,2616
30,2617
30,2618
30,2619
30,2645
30,2647
30,2649
30,2653
30,2672
30,2685
30,2694
30,2734
30,2771
30,2772
30,2775
30,2791
30,2817
30,2834
30,2838
30,2841
30,2857
30,2859
30,2878
30,2897
30,2904
30,2919
30,2927
30,2930
30,2937
30,2942
30,2944
30,2954
30,2956
30,2998
30,3001
30,3003
30,3008
30,3042
30,3043
30,3062
30,3071
30,3077
30,3083
30,3116
30,3139
30,3155
30,3157
30,3172
30,3186
30,3192
30,3193
30,3219
30,3229
30,3242
30,3251
30,3257
30,3259
30,3264
30,3310
30,3315
30,3317
30,3362
30,3370
30,3371
30,3375
30,3376
30,3383
30,3401
30,3415
30,3429
30,3460
30,3469
30,3479
30,3483
30,3486
30,3494
30,3535
30,3542
30,3608
30,3632
30,3650
30,3684
30,3709
30,3734
30,3756
30,3773
30,3789
30,3793
30,3797
30,3829
30,3844
30,3872
30,3875
30,3900
30,3905
30,3906
30,3916
30,3933
30,3939
30,3943
30,3948
30,3970
30,3971
30,3978
30,4006
30,4026
31,32
31,33
31,34
31,36
31,37
31,38
31,39
31,41
31,42
31,44
31,45
31,46
31,47
31,49
31,50
31,53
31,54
31,55
31,57
31,59
31,61
31,63
31,64
31,65
31,67
31,69
31,71
31,72
31,73
31,74
31,80
31,81
31,89
31,90
31,92
31,93
31,96
31,97
31,98
31,101
31,102
31,113
31,117
31,118
31,119
31,121
31,122
31,127
31,128
31,129
31,132
31,133
31,134
31,138
31,139
31,141
31,143
31,146
31,151
31,152
31,159
31,162
31,164
31,169
31,171
31,177
31,179
31,194
31,201
31,203
31,207
31,208
31,210
31,211
31,212
31,226
31,227
31,232
31,237
31,241
31,245
31,251
31,257
31,258
31,265
31,266
31,267
31,274
31,279
31,280
31,282
31,288
31,301
31,306
31,314
31,331
31,334
31,340
31,341
31,343
31,349
31,354
31,358
31,361
31,362
31,366
31,367
31,370
31,379
31,380
31,381
31,386
31,392
31,393
31,394
31,395
31,400
31,404
31,406
31,410
31,414
31,415
31,427
31,431
31,439
31,441
31,446
31,452
31,457
31,458
31,470
31,494
31,505
31,511
31,512
31,523
31,528
31,546
31,552
31,573
31,584
31,604
31,633
31,675
31,685
31,690
31,700
31,702
31,710
31,718
31,719
31,725
31,727
31,743
31,749
31,757
31,770
31,774
31,775
31,778
31,800
31,806
31,810
31,847
31,863
31,869
31,872
31,882
31,885
31,896
31,908
31,928
31,936
31,945
31,954
31,962
31,984
31,1009
31,1035
31,1045
31,1051
31,1055
31,1059
31,1071
31,1072
31,1074
31,1088
31,1103
31,1108
31,1114
31,1115
31,1119
31,1130
31,1136
31,1142
31,1166
31,1183
31,1205
31,1208
31,1211
31,1221
31,1225
31,1227
31,1238
31,1262
31,1274
31,1278
31,1305
31,1328
31,1331
31,1341
31,1350
31,1360
31,1379
31,1385
31,1386
31,1394
31,1402
31,1409
31,1424
31,1426
31,1436
31,1445
31,1452
31,1459
31,1463
31,1467
31,1473
31,1492
31,1535
31,1540
31,1549
31,1559
31,1574
31,1578
31,1583
31,1595
31,1623
31,1634
31,1651
31,1653
31,1663
31,1677
31,1680
31,1725
31,1736
31,1744
31,1745
31,1757
31,1758
31,1771
31,1793
31,1809
31,1818
31,1826
31,1850
31,1861
31,1886
31,1890
31,1897
31,1901
31,1902
31,1905
31,1920
31,1927
31,1933
31,1945
31,1994
31,2011
31,2022
31,2070
31,2076
31,2081
31,2103
31,2127
31,2167
31,2182
31,2196
31,2204
31,2210
31,2233
31,2249
31,2256
31,2309
31,2329
31,2340
31,2351
31,2374
31,2379
31,2404
31,2418
31,2423
31,2438
31,2456
31,2485
31,2496
31,2505
31,2514
31,2516
31,2532
31,2544
31,2546
31,2565
31,2590
31,2604
31,2635
31,2661
31,2665
31,2675
31,2695
31,2734
31,2746
31,2762
31,2810
31,2812
31,2837
31,2845
31,2861
31,2869
31,2885
31,2889
31,2891
31,2901
31,2903
31,2924
31,2933
31,2940
31,2961
31,2973
31,2976
31,2990
31,3007
31,3011
31,3035
31,3056
31,3067
31,3078
31,3100
31,3108
31,3110
31,3122
31,3126
31,3133
31,3137
31,3151
31,3156
31,3162
31,3173
31,3175
31,3193
31,3203
31,3216
31,3259
31,3290
31,3291
31,3307
31,3358
31,3382
31,3398
31,3410
31,3414
31,3445
31,3472
31,3483
31,3484
31,3498
31,3502
31,3514
31,3545
31,3572
31,3585
31,3612
31,3623
31,3630
31,3635
31,3653
31,3670
31,3718
31,3722
31,3757
31,3807
31,3811
31,3819
31,3848
31,3850
31,3852
31,3858
31,3909
31,3948
31,3954
31,3963
31,3969
31,3973
31,4000
31,4013
31,4022
31,4031
32,33
32,34
32,35
32,37
32,38
32,39
32,40
32,41
32,42
32,43
32,45
32,46
32,47
32,48
32,49
32,50
32,51
32,52
32,53
32,54
32,56
32,57
32,58
32,59
32,60
32,63
32,65
32,67
32,69
32,72
32,75
32,76
32,83
32,88
32,96
32,98
32,101
32,102
32,103
32,107
32,112
32,113
32,115
32,117
32,122
32,123
32,125
32,126
32,127
32,128
32,130
32,131
32,133
32,139
32,141
32,144
32,146
32,148
32,151
32,154
32,155
32,160
32,164
32,165
32,169
32,171
32,173
32,174
32,178
32,179
32,180
32,189
32,190
32,195
32,197
32,203
32,205
32,209
32,214
32,219
32,224
32,226
32,232
32,233
32,237
32,238
32,240
32,247
32,260
32,261
32,262
32,263
32,265
32,268
32,273
32,278
32,282
32,285
32,287
32,288
32,295
32,296
32,302
32,304
32,310
32,318
32,319
32,323
32,342
32,348
32,350
32,356
32,358
32,360
32,363
32,365
32,367
32,371
32,372
32,377
32,387
32,396
32,400
32,401
32,403
32,428
32,430
32,433
32,435
32,443
32,449
32,462
32,472
32,489
32,497
32,504
32,512
32,513
32,518
32,519
32,524
32,525
32,529
32,531
32,541
32,545
32,553
32,567
32,579
32,580
32,586
32,593
32,594
32,616
32,617
32,619
32,624
32,626
32,627
32,628
32,634
32,636
32,642
32,645
32,654
32,657
32,661
32,677
32,678
32,681
32,690
32,698
32,712
32,713
32,714
32,726
32,727
32,728
32,729
32,730
32,737
32,747
32,750
32,766
32,781
32,785
32,794
32,808
32,812
32,818
32,820
32,823
32,828
32,829
32,836
32,847
32,851
32,853
32,855
32,863
32,864
32,876
32,900
32,902
32,913
32,920
32,922
32,927
32,930
32,963
32,1035
32,1043
32,1044
32,1049
32,1076
32,1095
32,1106
32,1113
32,1117
32,1118
32,1124
32,1135
32,1136
32,1146
32,1155
32,1183
32,1201
32,1207
32,1216
32,1227
32,1230
32,1231
32,1244
32,1254
32,1286
32,1303
32,1304
32,1322
32,1336
32,1344
32,1348
32,1349
32,1352
32,1356
32,1374
32,1396
32,1403
32,1410
32,1416
32,1420
32,1432
32,1437
32,1452
32,1471
32,1481
32,1488
32,1490
32,1494
32,1516
32,1528
32,1563
32,1564
32,1566
32,1575
32,1593
32,1609
32,1623
32,1679
32,1681
32,1687
32,1710
32,1711
32,1736
32,1741
32,1760
32,1764
32,1770
32,1803
32,1812
32,1842
32,1872
32,1884
32,1886
32,1890
32,1905
32,1909
32,1914
32,1923
32,1937
32,1983
32,1984
32,1999
32,2008
32,2051
32,2066
32,2088
32,2089
32,2097
32,2100
32,2115
32,2128
32,2144
32,2157
32,2166
32,2174
32,2202
32,2210
32,2215
32,2218
32,2238
32,2262
32,2276
32,2277
32,2313
32,2350
32,2358
32,2392
32,2414
32,2415
32,2421
32,2445
32,2449
32,2452
32,2453
32,2464
32,2469
32,2485
32,2488
32,2505
32,2531
32,2563
32,2569
32,2576
32,2581
32,2594
32,2617
32,2627
32,2632
32,2635
32,2638
32,2684
32,2689
32,2711
32,2732
32,2767
32,2768
32,2804
32,2819
32,2844
32,2859
32,2869
32,2879
32,2891
32,2911
32,2914
32,2937
32,2957
32,2964
32,2965
32,2967
32,2991
32,3004
32,3010
32,3016
32,3025
32,3036
32,3092
32,3159
32,3173
32,3181
32,3199
32,3202
32,3205
32,3208
32,3209
32,3223
32,3277
32,3282
32,3284
32,3291
32,3297
32,3304
32,3339
32,3346
32,3361
32,3372
32,3399
32,3421
32,3445
32,3452
32,3462
32,3497
32,3518
32,3525
32,3545
32,3560
32,3562
32,3567
32,3604
32,3615
32,3629
32,3631
32,3633
32,3636
32,3648
32,3657
32,3674
32,3689
32,3714
32,3727
32,3753
32,3758
32,3784
32,3826
32,3834
32,3842
32,3858
32,3879
32,3887
32,3899
32,3902
32,3922
32,3935
32,3938
32,4005
32,4018
33,34
33,37
33,39
33,40
33,41
33,42
33,44
33,46
33,47
33,50
33,53
33,56
33,57
33,60
33,63
33,64
33,67
33,69
33,73
33,75
33,78
33,79
33,82
33,84
33,93
33,94
33,95
33,100
33,102
33,105
33,106
33,108
33,111
33,120
33,121
33,126
33,129
33,132
33,141
33,146
33,148
33,150
33,153
33,154
33,156
33,169
33,171
33,173
33,182
33,187
33,191
33,204
33,206
33,216
33,225
33,241
33,243
33,244
33,245
33,249
33,252
33,257
33,280
33,281
33,288
33,291
33,292
33,310
33,321
33,325
33,334
33,344
33,359
33,364
33,401
33,419
33,422
33,425
33,428
33,432
33,437
33,440
33,449
33,476
33,479
33,480
33,499
33,500
33,502
33,529
33,549
33,556
33,559
33,581
33,583
33,587
33,592
33,593
33,595
33,598
33,601
33,604
33,608
33,615
33,646
33,674
33,692
33,694
33,706
33,717
33,735
33,745
33,746
33,749
33,759
33,768
33,778
33,798
33,818
33,822
33,831
33,839
33,846
33,848
33,880
33,883
33,884
33,885
33,909
33,951
33,999
33,1005
33,1007
33,1010
33,1016
33,1020
33,1021
33,1027
33,1042
33,1052
33,1056
33,1057
33,1061
33,1103
33,1197
33,1202
33,1235
33,1261
33,1287
33,1298
33,1332
33,1348
33,1353
33,1388
33,1389
33,1392
33,1407
33,1432
33,1454
33,1458
33,1469
33,1516
33,1517
33,1531
33,1553
33,1570
33,1573
33,1587
33,1590
33,1663
33,1664
33,1672
33,1700
33,1708
33,1717
33,1721
33,1722
33,1747
33,1795
33,1805
33,1809
33,1822
33,1832
33,1851
33,1881
33,1887
33,1902
33,1906
33,1908
33,1911
33,1913
33,1920
33,1976
33,1989
33,1993
33,2004
33,2010
33,2017
33,2022
33,2028
33,2035
33,2037
33,2044
33,2048
33,2069
33,2087
33,2133
33,2180
33,2199
33,2212
33,2213
33,2240
33,2252
33,2253
33,2308
33,2315
33,2339
33,2395
33,2417
33,2426
33,2457
33,2458
33,2472
33,2481
33,2549
33,2551
33,2579
33,2612
33,2665
33,2709
33,2764
33,2830
33,2842
33,2868
33,2900
33,2902
33,2946
33,3006
33,3055
33,3070
33,3084
33,3108
33,3170
33,3203
33,3205
33,3241
33,3261
33,3266
33,3270
33,3273
33,3322
33,3390
33,3392
33,3394
33,3423
33,3431
33,3438
33,3449
33,3490
33,3506
33,3598
33,3661
33,3679
33,3702
33,3713
33,3741
33,3767
33,3823
33,3832
33,3835
33,3870
33,3885
33,3910
33,3957
34,35
34,36
34,37
34,39
34,40
34,41
34,42
34,43
34,45
34,46
34,47
34,49
34,50
34,52
34,53
34,54
34,55
34,56
34,59
34,61
34,66
34,67
34,69
34,70
34,72
34,75
34,76
34,77
34,83
34,85
34,86
34,88
34,90
34,91
34,96
34,99
34,110
34,112
34,116
34,121
34,122
34,124
34,135
34,138
34,139
34,140
34,143
34,146
34,157
34,158
34,166
34,168
34,178
34,179
34,184
34,192
34,196
34,199
34,203
34,211
34,224
34,227
34,232
34,234
34,238
34,241
34,245
34,253
34,289
34,303
34,304
34,307
34,313
34,324
34,334
34,340
34,344
34,361
34,366
34,377
34,379
34,381
34,388
34,409
34,410
34,411
34,433
34,471
34,477
34,488
34,499
34,505
34,508
34,516
34,525
34,531
34,554
34,556
34,581
34,586
34,589
34,592
34,604
34,618
34,619
34,637
34,643
34,655
34,669
34,670
34,671
34,711
34,712
34,754
34,758
34,770
34,773
34,784
34,796
34,802
34,820
34,837
34,863
34,864
34,865
34,891
34,916
34,924
34,932
34,941
34,957
34,966
34,977
34,983
34,988
34,990
34,1011
34,1022
34,1040
34,1050
34,1075
34,1080
34,1086
34,1106
34,1133
34,1143
34,1145
34,1146
34,1159
34,1177
34,1198
34,1206
34,1219
34,1224
34,1278
34,1322
34,1361
34,1364
34,1392
34,1431
34,1445
34,1448
34,1455
34,1471
34,1476
34,1477
34,1491
34,1511
34,1524
34,1530
34,1532
34,1536
34,1549
34,1556
34,1579
34,1582
34,1608
34,1609
34,1612
34,1623
34,1656
34,1661
34,1686
34,1689
34,1706
34,1714
34,1725
34,1755
34,1807
34,1857
34,1868
34,1878
34,1885
34,1903
34,1960
34,1972
34,1974
34,1980
34,2002
34,2024
34,2031
34,2032
34,2067
34,2071
34,2077
34,2123
34,2136
34,2156
34,2176
34,2200
34,2208
34,2224
34,2247
34,2257
34,2289
34,2296
34,2297
34,2298
34,2310
34,2316
34,2349
34,2363
34,2376
34,2402
34,2429
34,2448
34,2510
34,2513
34,2514
34,2528
34,2533
34,2548
34,2554
34,2593
34,2653
34,2658
34,2715
34,2721
34,2728
34,2742
34,2754
34,2767
34,2801
34,2806
34,2818
34,2821
34,2830
34,2849
34,2855
34,2878
34,2880
34,2891
34,2904
34,2939
34,2945
34,2947
34,2994
34,3008
34,3043
34,3044
34,3080
34,3091
34,3097
34,3101
34,3136
34,3141
34,3171
34,3175
34,3205
34,3239
34,3252
34,3276
34,3279
34,3280
34,3300
34,3313
34,3321
34,3358
34,3359
34,3402
34,3408
34,3412
34,3414
34,3421
34,3429
34,3442
34,3461
34,3474
34,3491
34,3513
34,3516
34,3541
34,3553
34,3561
34,3582
34,3640
34,3676
34,3719
34,3791
34,3803
34,3824
34,3855
34,3857
34,3879
34,3933
34,3966
34,3967
34,3980
34,3996
35,36
35,37
35,38
35,39
35,41
35,42
35,45
35,46
35,47
35,52
35,59
35,62
35,63
35,66
35,69
35,70
35,71
35,79
35,85
35,86
35,87
35,88
35,90
35,94
35,97
35,104
35,108
35,109
35,113
35,116
35,118
35,119
35,122
35,138
35,144
35,145
35,146
35,149
35,154
35,156
35,158
35,159
35,160
35,164
35,168
35,176
35,179
35,184
35,186
35,192
35,193
35,196
35,201
35,207
35,211
35,214
35,216
35,221
35,244
35,250
35,255
35,257
35,273
35,281
35,282
35,306
35,309
35,311
35,312
35,327
35,339
35,344
35,354
35,363
35,364
35,372
35,382
35,390
35,404
35,405
35,410
35,416
35,419
35,429
35,432
35,435
35,443
35,449
35,465
35,467
35,475
35,478
35,481
35,497
35,499
35,500
35,510
35,521
35,522
35,553
35,564
35,569
35,576
35,582
35,583
35,590
35,591
35,598
35,614
35,617
35,637
35,643
35,645
35,649
35,660
35,664
35,671
35,701
35,702
35,704
35,710
35,716
35,732
35,738
35,740
35,751
35,769
35,797
35,798
35,799
35,818
35,829
35,833
35,843
35,852
35,860
35,879
35,882
35,887
35,892
35,900
35,910
35,914
35,922
35,943
35,944
35,967
35,983
35,999
35,1003
35,1016
35,1044
35,1064
35,1067
35,1079
35,1119
35,1128
35,1150
35,1152
35,1160
35,1170
35,1179
35,1188
35,1201
35,1211
35,1224
35,1225
35,1231
35,1241
35,1256
35,1258
35,1259
35,1263
35,1273
35,1274
35,1290
35,1302
35,1303
35,1310
35,1354
35,1362
35,1372
35,1382
35,1420
35,1422
35,1423
35,1427
35,1441
35,1461
35,1468
35,1489
35,1512
35,1513
35,1534
35,1539
35,1551
35,1555
35,1571
35,1583
35,1591
35,1597
35,1622
35,1636
35,1643
35,1651
35,1699
35,1726
35,1728
35,1732
35,1764
35,1788
35,1809
35,1811
35,1815
35,1820
35,1823
35,1834
35,1839
35,1843
35,1877
35,1944
35,1955
35,2031
35,2032
35,2060
35,2064
35,2084
35,2141
35,2157
35,2160
35,2181
35,2193
35,2210
35,2241
35,2248
35,2252
35,2290
35,2304
35,2323
35,2352
35,2380
35,2382
35,2391
35,2396
35,2411
35,2449
35,2456
35,2496
35,2498
35,2524
35,2535
35,2587
35,2633
35,2649
35,2654
35,2656
35,2665
35,2684
35,2689
35,2694
35,2718
35,2730
35,2745
35,2806
35,2811
35,2850
35,2903
35,2925
35,2950
35,2964
35,2974
35,2991
35,2993
35,2995
35,3004
35,3074
35,3078
35,3082
35,3088
35,3127
35,3178
35,3181
35,3213
35,3255
35,3257
35,3268
35,3270
35,3289
35,3339
35,3350
35,3376
35,3399
35,3433
35,3492
35,3505
35,3508
35,3564
35,3615
35,3623
35,3633
35,3667
35,3673
35,3717
35,3748
35,3786
35,3820
35,3859
35,3882
35,3891
35,3934
35,3948
36,37
36,38
36,39
36,40
36,42
36,43
36,44
36,45
36,47
36,51
36,52
36,53
36,54
36,56
36,58
36,61
36,62
36,63
36,69
36,72
36,75
36,77
36,79
36,80
36,82
36,85
36,91
36,93
36,95
36,101
36,105
36,110
36,111
36,114
36,117
36,122
36,134
36,135
36,136
36,139
36,142
36,155
36,156
36,163
36,164
36,166
36,171
36,182
36,193
36,194
36,196
36,206
36,209
36,210
36,218
36,221
36,222
36,230
36,238
36,247
36,260
36,262
36,268
36,273
36,290
36,295
36,299
36,300
36,302
36,305
36,310
36,317
36,321
36,323
36,336
36,357
36,358
36,360
36,361
36,362
36,364
36,378
36,383
36,391
36,400
36,402
36,403
36,423
36,431
36,445
36,451
36,456
36,457
36,464
36,474
36,480
36,481
36,490
36,502
36,520
36,565
36,576
36,580
36,587
36,611
36,613
36,615
36,632
36,637
36,638
36,648
36,650
36,652
36,664
36,665
36,673
36,683
36,690
36,691
36,696
36,700
36,703
36,704
36,714
36,742
36,744
36,780
36,791
36,792
36,798
36,818
36,821
36,822
36,831
36,838
36,845
36,856
36,867
36,874
36,888
36,965
36,967
36,973
36,974
36,979
36,987
36,1007
36,1008
36,1010
36,1063
36,1064
36,1085
36,1088
36,1095
36,1096
36,1097
36,1108
36,1109
36,1135
36,1140
36,1149
36,1151
36,1157
36,1160
36,1173
36,1181
36,1211
36,1212
36,1213
36,1238
36,1263
36,1264
36,1267
36,1275
36,1279
36,1283
36,1291
36,1302
36,1325
36,1356
36,1403
36,1423
36,1425
36,1453
36,1459
36,1503
36,1540
36,1568
36,1579
36,1585
36,1593
36,1613
36,1621
36,1668
36,1670
36,1694
36,1702
36,1707
36,1719
36,1723
36,1757
36,1759
36,1771
36,1789
36,1797
36,1869
36,1920
36,1931
36,1952
36,1957
36,1961
36,1965
36,1975
36,1982
36,1988
36,1997
36,2006
36,2010
36,2017
36,2046
36,2053
36,2103
36,2108
36,2115
36,2134
36,2145
36,2160
36,2171
36,2186
36,2211
36,2221
36,2254
36,2264
36,2268
36,2276
36,2278
36,2321
36,2324
36,2380
36,2395
36,2424
36,2456
36,2477
36,2609
36,2619
36,2649
36,2672
36,2703
36,2751
36,2778
36,2780
36,2823
36,2865
36,2897
36,2904
36,2942
36,2958
36,2966
36,2978
36,2994
36,3006
36,3021
36,3046
36,3050
36,3074
36,3079
36,3196
36,3208
36,3215
36,3230
36,3271
36,3287
36,3450
36,3473
36,3490
36,3494
36,3519
36,3541
36,3561
36,3578
36,3594
36,3596
36,3599
36,3637
36,3662
36,3676
36,3693
36,3734
36,3738
36,3772
36,3817
36,3822
36,3857
36,3889
36,3904
36,3968
36,3975
36,4023
37,38
37,39
37,43
37,44
37,45
37,47
37,49
37,52
37,55
37,58
37,59
37,62
37,63
37,64
37,65
37,66
37,74
37,79
37,81
37,86
37,90
37,110
37,111
37,115
37,116
37,117
37,119
37,121
37,123
37,124
37,126
37,128
37,136
37,139
37,142
37,145
37,148
37,156
37,162
37,167
37,174
37,182
37,204
37,205
37,213
37,214
37,218
37,225
37,226
37,228
37,231
37,242
37,244
37,245
37,246
37,252
37,260
37,267
37,268
37,301
37,308
37,311
37,332
37,341
37,349
37,357
37,363
37,372
37,377
37,398
37,404
37,433
37,447
37,452
37,453
37,459
37,474
37,477
37,486
37,487
37,489
37,501
37,503
37,511
37,532
37,541
37,542
37,549
37,553
37,573
37,578
37,579
37,585
37,590
37,595
37,613
37,622
37,623
37,628
37,639
37,640
37,641
37,687
37,699
37,734
37,740
37,760
37,763
37,768
37,773
37,777
37,804
37,824
37,827
37,837
37,847
37,849
37,854
37,866
37,871
37,883
37,900
37,912
37,913
37,938
37,946
37,972
37,1001
37,1011
37,1013
37,1015
37,1025
37,1037
37,1059
37,1062
37,1065
37,1074
37,1092
37,1104
37,1119
37,1122
37,1141
37,1182
37,1194
37,1200
37,1206
37,1230
37,1239
37,1269
37,1273
37,1293
37,1297
37,1309
37,1326
37,1346
37,1354
37,1363
37,1388
37,1395
37,1397
37,1398
37,1410
37,1412
37,1442
37,1461
37,1466
37,1475
37,1480
37,1482
37,1507
37,1519
37,1568
37,1577
37,1593
37,1600
37,1636
37,1645
37,1673
37,1716
37,1748
37,1753
37,1768
37,1792
37,1831
37,1848
37,1912
37,1941
37,1982
37,1997
37,1998
37,2015
37,2026
37,2092
37,2094
37,2095
37,2152
37,2166
37,2181
37,2189
37,2215
37,2225
37,2263
37,2307
37,2350
37,2355
37,2369
37,2370
37,2401
37,2440
37,2442
37,2462
37,2493
37,2540
37,2595
37,2598
37,2604
37,2637
37,2650
37,2651
37,2664
37,2684
37,2705
37,2747
37,2770
37,2788
37,2794
37,2810
37,2820
37,2827
37,2840
37,2860
37,2867
37,2910
37,2925
37,2957
37,2968
37,2975
37,2978
37,3074
37,3078
37,3081
37,3095
37,3111
37,3117
37,3162
37,3188
37,3193
37,3200
37,3235
37,3271
37,3288
37,3326
37,3348
37,3369
37,3371
37,3385
37,3443
37,3446
37,3455
37,3493
37,3518
37,3524
37,3537
37,3605
37,3628
37,3636
37,3668
37,3856
37,3897
37,3931
37,3949
37,3951
37,3953
37,3982
37,4001
37,4011
37,4017
38,40
38,41
38,42
38,43
38,46
38,49
38,50
38,51
38,58
38,61
38,63
38,65
38,67
38,72
38,74
38,75
38,77
38,78
38,88
38,99
38,100
38,107
38,108
38,109
38,110
38,113
38,116
38,119
38,123
38,124
38,127
38,128
38,134
38,135
38,147
38,151
38,153
38,155
38,157
38,161
38,167
38,168
38,170
38,172
38,176
38,182
38,186
38,195
38,196
38,200
38,201
38,205
38,212
38,213
38,239
38,251
38,253
38,259
38,260
38,275
38,277
38,283
38,284
38,288
38,295
38,306
38,310
38,314
38,316
38,320
38,327
38,333
38,347
38,349
38,361
38,362
38,365
38,382
38,389
38,401
38,413
38,414
38,416
38,429
38,449
38,460
38,467
38,469
38,492
38,496
38,497
38,505
38,531
38,543
38,549
38,555
38,567
38,576
38,591
38,610
38,611
38,621
38,634
38,658
38,660
38,668
38,669
38,672
38,677
38,693
38,695
38,697
38,699
38,712
38,723
38,739
38,781
38,782
38,784
38,793
38,797
38,810
38,825
38,840
38,849
38,873
38,875
38,894
38,909
38,910
38,935
38,947
38,950
38,954
38,968
38,972
38,980
38,995
38,1000
38,1005
38,1013
38,1022
38,1023
38,1043
38,1051
38,1057
38,1066
38,1071
38,1079
38,1097
38,1118
38,1120
38,1129
38,1157
38,1197
38,1231
38,1236
38,1257
38,1259
38,1265
38,1272
38,1275
38,1276
38,1278
38,1294
38,1306
38,1312
38,1321
38,1324
38,1338
38,1372
38,1373
38,1388
38,1390
38,1407
38,1415
38,1418
38,1449
38,1492
38,1494
38,1506
38,1513
38,1531
38,1577
38,1596
38,1615
38,1645
38,1659
38,1670
38,1671
38,1674
38,1677
38,1689
38,1699
38,1702
38,1729
38,1752
38,1772
38,1774
38,1776
38,1780
38,1798
38,1811
38,1823
38,1826
38,1837
38,1839
38,1880
38,1888
38,1908
38,1989
38,1990
38,2018
38,2033
38,2053
38,2094
38,2150
38,2195
38,2212
38,2226
38,2244
38,2260
38,2267
38,2270
38,2276
38,2282
38,2286
38,2299
38,2313
38,2314
38,2347
38,2356
38,2357
38,2366
38,2409
38,2429
38,2475
38,2589
38,2598
38,2615
38,2642
38,2645
38,2679
38,2710
38,2744
38,2789
38,2810
38,2814
38,2840
38,2861
38,2881
38,2928
38,2975
38,2980
38,2986
38,3011
38,3025
38,3037
38,3041
38,3050
38,3055
38,3080
38,3103
38,3132
38,3143
38,3145
38,3194
38,3235
38,3258
38,3312
38,3374
38,3400
38,3447
38,3504
38,3511
38,3542
38,3565
38,3575
38,3593
38,3631
38,3689
38,3745
38,3767
38,3899
38,3918
38,3948
38,4036
39,40
39,41
39,43
39,46
39,47
39,48
39,52
39,55
39,57
39,58
39,62
39,64
39,66
39,68
39,71
39,73
39,77
39,78
39,79
39,82
39,84
39,85
39,87
39,89
39,93
39,94
39,100
39,101
39,106
39,107
39,110
39,114
39,116
39,123
39,124
39,128
39,129
39,131
39,134
39,137
39,142
39,145
39,147
39,148
39,150
39,154
39,160
39,161
39,168
39,175
39,183
39,187
39,190
39,191
39,192
39,195
39,198
39,200
39,202
39,204
39,216
39,222
39,225
39,228
39,231
39,234
39,239
39,241
39,242
39,253
39,258
39,269
39,271
39,272
39,281
39,290
39,294
39,299
39,323
39,325
39,328
39,330
39,333
39,345
39,351
39,366
39,371
39,389
39,397
39,404
39,407
39,413
39,417
39,426
39,427
39,433
39,438
39,453
39,464
39,478
39,482
39,494
39,500
39,502
39,504
39,509
39,515
39,517
39,518
39,521
39,522
39,531
39,546
39,553
39,554
39,565
39,586
39,599
39,614
39,616
39,617
39,622
39,650
39,655
39,660
39,665
39,669
39,672
39,681
39,691
39,697
39,731
39,737
39,738
39,750
39,756
39,765
39,766
39,782
39,798
39,799
39,825
39,861
39,867
39,874
39,878
39,881
39,893
39,901
39,907
39,920
39,929
39,930
39,936
39,939
39,940
39,941
39,953
39,963
39,974
39,1004
39,1010
39,1040
39,1044
39,1079
39,1086
39,1120
39,1121
39,1138
39,1142
39,1150
39,1155
39,1184
39,1210
39,1216
39,1229
39,1237
39,1292
39,1311
39,1336
39,1367
39,1392
39,1414
39,1416
39,1419
39,1425
39,1435
39,1452
39,1460
39,1466
39,1474
39,1478
39,1513
39,1523
39,1536
39,1546
39,1552
39,1574
39,1604
39,1622
39,1623
39,1642
39,1656
39,1660
39,1673
39,1683
39,1707
39,1714
39,1727
39,1730
39,1777
39,1803
39,1831
39,1838
39,1874
39,1887
39,1899
39,1913
39,1919
39,1941
39,1942
39,1976
39,1980
39,2016
39,2022
39,2030
39,2053
39,2058
39,2068
39,2095
39,2108
39,2127
39,2139
39,2143
39,2147
39,2176
39,2202
39,2254
39,2264
39,2265
39,2281
39,2292
39,2301
39,2359
39,2396
39,2405
39,2416
39,2420
39,2422
39,2439
39,2442
39,2455
39,2459
39,2478
39,2482
39,2487
39,2489
39,2492
39,2512
39,2535
39,2557
39,2565
39,2626
39,2627
39,2674
39,2682
39,2703
39,2745
39,2779
39,2800
39,2821
39,2841
39,2842
39,2914
39,2935
39,2971
39,2979
39,3040
39,3056
39,3060
39,3070
39,3078
39,3138
39,3153
39,3176
39,3184
39,3192
39,3269
39,3286
39,3298
39,3318
39,3320
39,3330
39,3346
39,3365
39,3400
39,3417
39,3440
39,3484
39,3524
39,3570
39,3580
39,3588
39,3589
39,3593
39,3623
39,3655
39,3677
39,3698
39,3737
39,3747
39,3763
39,3766
39,3770
39,3778
39,3784
39,3804
39,3848
39,3864
39,3906
39,3946
39,3960
40,41
40,44
40,45
40,46
40,49
40,50
40,51
40,52
40,55
40,58
40,59
40,68
40,72
40,73
40,76
40,77
40,81
40,84
40,87
40,90
40,91
40,97
40,98
40,99
40,102
40,106
40,109
40,118
40,124
40,126
40,133
40,136
40,143
40,144
40,147
40,148
40,152
40,155
40,158
40,159
40,166
40,184
40,186
40,187
40,194
40,197
40,198
40,216
40,218
40,223
40,234
40,239
40,256
40,266
40,268
40,275
40,276
40,277
40,284
40,285
40,287
40,296
40,304
40,313
40,331
40,342
40,345
40,375
40,384
40,390
40,405
40,411
40,423
40,426
40,435
40,443
40,448
40,453
40,465
40,478
40,479
40,484
40,495
40,501
40,502
40,508
40,510
40,513
40,519
40,522
40,532
40,542
40,546
40,571
40,572
40,590
40,619
40,624
40,631
40,632
40,651
40,659
40,665
40,680
40,694
40,697
40,703
40,717
40,722
40,764
40,765
40,775
40,805
40,814
40,823
40,830
40,864
40,876
40,886
40,898
40,915
40,920
40,921
40,936
40,947
40,950
40,973
40,997
40,1035
40,1055
40,1073
40,1083
40,1091
40,1095
40,1099
40,1110
40,1133
40,1143
40,1161
40,1220
40,1226
40,1241
40,1256
40,1269
40,1276
40,1278
40,1299
40,1307
40,1311
40,1327
40,1337
40,1341
40,1356
40,1367
40,1371
40,1431
40,1482
40,1496
40,1519
40,1534
40,1542
40,1550
40,1568
40,1579
40,1602
40,1627
40,1633
40,1648
40,1668
40,1673
40,1677
40,1692
40,1696
40,1705
40,1730
40,1732
40,1749
40,1754
40,1803
40,1823
40,1826
40,1835
40,1854
40,1877
40,1878
40,1906
40,1907
40,1919
40,1941
40,1976
40,1989
40,2045
40,2063
40,2093
40,2097
40,2128
40,2131
40,2162
40,2173
40,2200
40,2219
40,2256
40,2287
40,2306
40,2364
40,2398
40,2401
40,2429
40,2431
40,2440
40,2460
40,2486
40,2498
40,2500
40,2533
40,2575
40,2605
40,2607
40,2662
40,2678
40,2736
40,2763
40,2769
40,2804
40,2816
40,2842
40,2873
40,2888
40,2893
40,2902
40,2931
40,2951
40,2977
40,2978
40,3008
40,3025
40,3049
40,3228
40,3250
40,3270
40,3306
40,3369
40,3397
40,3436
40,3453
40,3505
40,3509
40,3516
40,3548
40,3549
40,3602
40,3606
40,3624
40,3652
40,3657
40,3661
40,3700
40,3712
40,3716
40,3747
40,3757
40,3770
40,3798
40,3806
40,3903
40,3996
40,4009
41,42
41,43
41,45
41,49
41,51
41,53
41,54
41,55
41,56
41,58
41,59
41,63
41,65
41,73
41,76
41,80
41,82
41,84
41,90
41,91
41,107
41,116
41,118
41,120
41,123
41,129
41,130
41,141
41,143
41,146
41,164
41,166
41,169
41,177
41,179
41,184
41,185
41,187
41,197
41,199
41,203
41,205
41,213
41,227
41,229
41,234
41,248
41,259
41,261
41,266
41,277
41,279
41,280
41,286
41,290
41,292
41,295
41,297
41,300
41,301
41,304
41,316
41,318
41,319
41,320
41,332
41,333
41,335
41,337
41,344
41,347
41,354
41,358
41,365
41,372
41,377
41,379
41,380
41,384
41,386
41,389
41,391
41,392
41,395
41,396
41,401
41,427
41,435
41,438
41,442
41,446
41,454
41,509
41,510
41,512
41,521
41,529
41,535
41,536
41,539
41,563
41,568
41,578
41,579
41,593
41,596
41,598
41,602
41,604
41,608
41,610
41,619
41,621
41,622
41,634
41,637
41,642
41,690
41,701
41,703
41,719
41,731
41,736
41,737
41,753
41,777
41,788
41,792
41,799
41,809
41,829
41,840
41,842
41,852
41,858
41,861
41,865
41,868
41,870
41,883
41,904
41,917
41,923
41,934
41,941
41,944
41,950
41,952
41,963
41,987
41,992
41,998
41,1008
41,1043
41,1051
41,1055
41,1095
41,1097
41,1106
41,1124
41,1144
41,1148
41,1152
41,1157
41,1173
41,1191
41,1204
41,1207
41,1273
41,1275
41,1287
41,1295
41,1307
41,1319
41,1323
41,1326
41,1331
41,1344
41,1347
41,1355
41,1389
41,1397
41,1404
41,1411
41,1441
41,1476
41,1501
41,1519
41,1525
41,1580
41,1620
41,1622
41,1633
41,1670
41,1678
41,1682
41,1703
41,1729
41,1760
41,1764
41,1811
41,1834
41,1843
41,1865
41,1889
41,1929
41,1936
41,1944
41,1951
41,1956
41,1959
41,1978
41,1993
41,2004
41,2014
41,2024
41,2063
41,2065
41,2092
41,2097
41,2103
41,2107
41,2112
41,2116
41,2129
41,2132
41,2135
41,2151
41,2163
41,2167
41,2179
41,2188
41,2203
41,2222
41,2248
41,2276
41,2278
41,2310
41,2329
41,2335
41,2336
41,2337
41,2342
41,2358
41,2376
41,2386
41,2417
41,2421
41,2427
41,2455
41,2466
41,2493
41,2519
41,2535
41,2542
41,2556
41,2585
41,2595
41,2597
41,2665
41,2670
41,2673
41,2708
41,2759
41,2766
41,2775
41,2785
41,2790
41,2791
41,2797
41,2820
41,2862
41,2875
41,2893
41,2898
41,2910
41,2914
41,2918
41,2921
41,2940
41,2947
41,2955
41,2956
41,2975
41,2998
41,3008
41,3017
41,3024
41,3042
41,3048
41,3055
41,3075
41,3088
41,3093
41,3131
41,3185
41,3187
41,3211
41,3222
41,3242
41,3252
41,3254
41,3258
41,3260
41,3294
41,3310
41,3336
41,3343
41,3356
41,3379
41,3397
41,3422
41,3439
41,3440
41,3452
41,3466
41,3552
41,3588
41,3597
41,3638
41,3677
41,3689
41,3703
41,3736
41,3740
41,3768
41,3786
41,3805
41,3871
41,3907
41,3967
41,3969
41,3971
41,3985
41,4004
42,43
42,45
42,46
42,49
42,51
42,56
42,60
42,61
42,62
42,67
42,68
42,69
42,70
42,71
42,77
42,79
42,89
42,96
42,100
42,103
42,105
42,109
42,118
42,125
42,137
42,150
42,154
42,160
42,164
42,165
42,174
42,186
42,197
42,202
42,221
42,224
42,235
42,243
42,244
42,255
42,273
42,276
42,279
42,288
42,309
42,311
42,324
42,326
42,327
42,331
42,338
42,341
42,361
42,365
42,373
42,375
42,376
42,382
42,400
42,407
42,410
42,414
42,415
42,416
42,417
42,426
42,435
42,449
42,461
42,471
42,481
42,491
42,500
42,504
42,510
42,512
42,513
42,523
42,527
42,532
42,543
42,549
42,562
42,568
42,576
42,599
42,607
42,613
42,634
42,647
42,649
42,657
42,662
42,677
42,680
42,743
42,749
42,757
42,768
42,783
42,784
42,791
42,793
42,798
42,818
42,848
42,852
42,853
42,860
42,862
42,863
42,875
42,877
42,902
42,931
42,936
42,956
42,962
42,988
42,993
42,1009
42,1020
42,1045
42,1061
42,1078
42,1080
42,1102
42,1126
42,1133
42,1137
42,1154
42,1165
42,1173
42,1198
42,1206
42,1222
42,1228
42,1285
42,1303
42,1309
42,1337
42,1339
42,1362
42,1367
42,1392
42,1413
42,1422
42,1428
42,1430
42,1435
42,1440
42,1453
42,1478
42,1496
42,1499
42,1501
42,1550
42,1568
42,1591
42,1601
42,1626
42,1628
42,1659
42,1677
42,1683
42,1690
42,1691
42,1693
42,1718
42,1719
42,1727
42,1745
42,1759
42,1760
42,1778
42,1800
42,1824
42,1828
42,1876
42,1903
42,1935
42,1937
42,1940
42,1969
42,1973
42,1987
42,2003
42,2026
42,2048
42,2049
42,2081
42,2099
42,2125
42,2149
42,2221
42,2229
42,2283
42,2307
42,2308
42,2326
42,2358
42,2371
42,2463
42,2485
42,2514
42,2607
42,2619
42,2674
42,2697
42,2710
42,2713
42,2744
42,2759
42,2776
42,2799
42,2801
42,2803
42,2811
42,2848
42,2872
42,2882
42,2895
42,2896
42,2898
42,2918
42,2938
42,3068
42,3076
42,3092
42,3098
42,3158
42,3178
42,3179
42,3201
42,3235
42,3259
42,3300
42,3301
42,3305
42,3310
42,3394
42,3403
42,3412
42,3417
42,3432
42,3454
42,3458
42,3467
42,3520
42,3539
42,3592
42,3594
42,3614
42,3647
42,3659
42,3673
42,3750
42,3790
42,3799
42,3909
42,3916
42,3989
42,4010
43,45
43,47
43,48
43,60
43,61
43,62
43,68
43,69
43,70
43,71
43,73
43,75
43,87
43,89
43,91
43,92
43,95
43,97
43,102
43,103
43,107
43,108
43,110
43,112
43,113
43,124
43,126
43,127
43,128
43,130
43,131
43,139
43,140
43,153
43,160
43,161
43,170
43,172
43,177
43,178
43,183
43,185
43,187
43,191
43,192
43,202
43,237
43,240
43,249
43,250
43,251
43,266
43,270
43,271
43,275
43,296
43,311
43,316
43,342
43,343
43,357
43,359
43,375
43,386
43,388
43,395
43,398
43,419
43,421
43,448
43,450
43,461
43,466
43,488
43,514
43,536
43,543
43,560
43,571
43,573
43,600
43,611
43,614
43,638
43,667
43,668
43,690
43,702
43,703
43,707
43,710
43,746
43,751
43,763
43,788
43,810
43,817
43,865
43,887
43,902
43,905
43,942
43,948
43,958
43,962
43,964
43,971
43,985
43,987
43,993
43,1001
43,1006
43,1070
43,1095
43,1096
43,1097
43,1099
43,1116
43,1131
43,1150
43,1163
43,1178
43,1181
43,1212
43,1225
43,1252
43,1299
43,1378
43,1418
43,1427
43,1444
43,1457
43,1468
43,1469
43,1492
43,1498
43,1539
43,1543
43,1589
43,1598
43,1639
43,1669
43,1705
43,1707
43,1711
43,1715
43,1717
43,1733
43,1738
43,1785
43,1801
43,1808
43,1810
43,1815
43,1830
43,1838
43,1847
43,1849
43,1857
43,1860
43,1863
43,1880
43,1981
43,2030
43,2048
43,2050
43,2070
43,2075
43,2086
43,2095
43,2151
43,2153
43,2179
43,2261
43,2280
43,2349
43,2387
43,2401
43,2467
43,2473
43,2479
43,2481
43,2483
43,2499
43,2517
43,2518
43,2537
43,2541
43,2549
43,2555
43,2556
43,2559
43,2590
43,2604
43,2650
43,2735
43,2780
43,2789
43,2823
43,2841
43,2856
43,2857
43,2896
43,2968
43,2989
43,2999
43,3002
43,3008
43,3023
43,3039
43,3063
43,3082
43,3100
43,3118
43,3164
43,3176
43,3179
43,3207
43,3216
43,3219
43,3254
43,3328
43,3369
43,3396
43,3429
43,3450
43,3547
43,3550
43,3617
43,3645
43,3677
43,3682
43,3689
43,3723
43,3876
43,3883
43,3928
43,3929
43,3938
43,4003
43,4008
43,4017
44,45
44,48
44,49
44,51
44,56
44,57
44,60
44,63
44,65
44,66
44,71
44,80
44,81
44,87
44,89
44,90
44,91
44,93
44,94
44,96
44,102
44,105
44,107
44,110
44,114
44,115
44,117
44,133
44,134
44,136
44,139
44,140
44,148
44,149
44,150
44,153
44,154
44,160
44,164
44,170
44,176
44,182
44,198
44,202
44,205
44,212
44,217
44,234
44,242
44,243
44,246
44,250
44,251
44,253
44,264
44,278
44,290
44,298
44,301
44,313
44,321
44,340
44,349
44,359
44,362
44,368
44,394
44,397
44,415
44,454
44,476
44,495
44,498
44,516
44,527
44,539
44,557
44,594
44,630
44,633
44,639
44,643
44,651
44,659
44,717
44,719
44,729
44,732
44,734
44,735
44,744
44,751
44,766
44,789
44,872
44,890
44,896
44,942
44,985
44,1008
44,1036
44,1077
44,1103
44,1112
44,1126
44,1143
44,1164
44,1180
44,1189
44,1196
44,1238
44,1246
44,1259
44,1287
44,1293
44,1333
44,1396
44,1398
44,1425
44,1460
44,1466
44,1537
44,1558
44,1618
44,1627
44,1635
44,1636
44,1649
44,1653
44,1677
44,1800
44,1803
44,1841
44,1881
44,1902
44,1905
44,1915
44,1934
44,1986
44,2019
44,2020
44,2025
44,2045
44,2111
44,2113
44,2151
44,2188
44,2199
44,2236
44,2247
44,2261
44,2277
44,2312
44,2349
44,2354
44,2381
44,2383
44,2394
44,2402
44,2499
44,2518
44,2561
44,2566
44,2585
44,2599
44,2635
44,2646
44,2707
44,2762
44,2803
44,2820
44,2854
44,2887
44,2919
44,2987
44,2993
44,3000
44,3004
44,3138
44,3157
44,3166
44,3170
44,3248
44,3254
44,3360
44,3387
44,3439
44,3559
44,3568
44,3577
44,3582
44,3622
44,3737
44,3744
44,3764
44,3781
44,3787
44,3826
44,3835
44,3865
44,3881
44,4023
45,51
45,52
45,54
45,56
45,59
45,61
45,62
45,65
45,66
45,70
45,72
45,73
45,76
45,79
45,85
45,86
45,90
45,93
45,95
45,99
45,106
45,110
45,115
45,119
45,121
45,123
45,131
45,140
45,149
45,151
45,152
45,156
45,161
45,166
45,169
45,176
45,196
45,199
45,201
45,204
45,207
45,212
45,226
45,228
45,237
45,243
45,248
45,250
45,258
45,264
45,266
45,273
45,281
45,304
45,313
45,314
45,318
45,329
45,370
45,373
45,386
45,390
45,404
45,405
45,424
45,434
45,436
45,441
45,442
45,443
45,452
45,465
45,470
45,474
45,488
45,496
45,511
45,527
45,540
45,560
45,563
45,580
45,591
45,642
45,647
45,657
45,674
45,697
45,698
45,716
45,740
45,759
45,771
45,776
45,782
45,785
45,790
45,812
45,818
45,821
45,829
45,848
45,854
45,855
45,859
45,860
45,886
45,894
45,909
45,916
45,945
45,956
45,959
45,998
45,1034
45,1049
45,1082
45,1096
45,1113
45,1116
45,1130
45,1140
45,1157
45,1189
45,1228
45,1232
45,1236
45,1241
45,1246
45,1254
45,1259
45,1266
45,1267
45,1274
45,1278
45,1285
45,1291
45,1293
45,1294
45,1298
45,1333
45,1335
45,1338
45,1350
45,1425
45,1472
45,1473
45,1475
45,1513
45,1572
45,1583
45,1637
45,1664
45,1676
45,1707
45,1712
45,1717
45,1762
45,1771
45,1787
45,1796
45,1817
45,1825
45,1849
45,1860
45,1864
45,1866
45,1880
45,1988
45,1999
45,2033
45,2047
45,2058
45,2063
45,2075
45,2113
45,2119
45,2121
45,2123
45,2133
45,2141
45,2147
45,2168
45,2190
45,2204
45,2211
45,2215
45,2222
45,2281
45,2290
45,2307
45,2321
45,2335
45,2344
45,2406
45,2425
45,2461
45,2468
45,2483
45,2518
45,2563
45,2567
45,2569
45,2582
45,2587
45,2591
45,2594
45,2653
45,2710
45,2719
45,2739
45,2744
45,2765
45,2782
45,2874
45,2936
45,2987
45,2989
45,2994
45,3002
45,3014
45,3019
45,3031
45,3041
45,3065
45,3071
45,3082
45,3134
45,3153
45,3159
45,3226
45,3265
45,3280
45,3286
45,3363
45,3394
45,3465
45,3478
45,3501
45,3526
45,3578
45,3581
45,3590
45,3600
45,3639
45,3646
45,3751
45,3772
45,3782
45,3841
45,3877
45,3934
45,3937
45,4011
46,47
46,52
46,55
46,57
46,59
46,65
46,66
46,67
46,68
46,73
46,74
46,80
46,81
46,82
46,83
46,86
46,87
46,88
46,95
46,106
46,114
46,118
46,126
46,131
46,133
46,134
46,135
46,137
46,145
46,146
46,157
46,161
46,170
46,171
46,181
46,189
46,200
46,202
46,209
46,226
46,239
46,241
46,245
46,249
46,250
46,261
46,262
46,267
46,280
46,287
46,288
46,316
46,327
46,328
46,340
46,341
46,342
46,350
46,359
46,363
46,373
46,380
46,400
46,401
46,403
46,411
46,412
46,416
46,424
46,426
46,427
46,438
46,450
46,459
46,492
46,496
46,506
46,514
46,527
46,530
46,536
46,541
46,549
46,563
46,564
46,573
46,574
46,588
46,592
46,612
46,624
46,630
46,632
46,633
46,635
46,639
46,673
46,682
46,689
46,709
46,714
46,721
46,732
46,733
46,744
46,757
46,762
46,768
46,775
46,798
46,807
46,855
46,858
46,865
46,888
46,901
46,909
46,925
46,935
46,947
46,953
46,970
46,978
46,1025
46,1057
46,1083
46,1089
46,1091
46,1092
46,1121
46,1134
46,1148
46,1169
46,1170
46,1181
46,1195
46,1224
46,1225
46,1232
46,1236
46,1249
46,1252
46,1253
46,1264
46,1286
46,1330
46,1348
46,1421
46,1441
46,1445
46,1467
46,1483
46,1501
46,1548
46,1566
46,1614
46,1622
46,1627
46,1651
46,1652
46,1695
46,1700
46,1721
46,1741
46,1771
46,1782
46,1784
46,1810
46,1843
46,1951
46,1995
46,2003
46,2023
46,2053
46,2081
46,2137
46,2155
46,2161
46,2165
46,2173
46,2200
46,2205
46,2226
46,2239
46,2245
46,2283
46,2314
46,2315
46,2328
46,2344
46,2351
46,2354
46,2362
46,2387
46,2389
46,2394
46,2488
46,2497
46,2501
46,2508
46,2530
46,2630
46,2719
46,2746
46,2755
46,2805
46,2831
46,2864
46,2870
46,2926
46,2970
46,3028
46,3051
46,3054
46,3055
46,3094
46,3113
46,3115
46,3125
46,3126
46,3163
46,3186
46,3240
46,3246
46,3269
46,3356
46,3358
46,3372
46,3386
46,3498
46,3575
46,3595
46,3611
46,3647
46,3672
46,3680
46,3686
46,3696
46,3697
46,3702
46,3709
46,3808
46,3816
46,3836
46,3906
46,3942
46,3954
46,4030
47,49
47,52
47,53
47,54
47,62
47,63
47,74
47,75
47,79
47,85
47,89
47,95
47,100
47,101
47,103
47,109
47,112
47,113
47,118
47,119
47,122
47,127
47,130
47,135
47,138
47,140
47,147
47,148
47,150
47,151
47,163
47,165
47,175
47,176
47,178
47,182
47,184
47,188
47,200
47,214
47,217
47,222
47,227
47,240
47,247
47,248
47,256
47,257
47,258
47,264
47,266
47,268
47,280
47,282
47,283
47,290
47,299
47,300
47,305
47,306
47,308
47,322
47,354
47,403
47,409
47,416
47,425
47,434
47,438
47,444
47,448
47,458
47,469
47,477
47,491
47,503
47,504
47,510
47,535
47,586
47,600
47,609
47,613
47,651
47,667
47,669
47,675
47,707
47,713
47,810
47,813
47,819
47,820
47,825
47,832
47,837
47,850
47,859
47,861
47,884
47,908
47,927
47,930
47,933
47,942
47,952
47,985
47,1001
47,1030
47,1035
47,1043
47,1054
47,1055
47,1056
47,1069
47,1078
47,1100
47,1108
47,1122
47,1136
47,1159
47,1168
47,1246
47,1277
47,1301
47,1331
47,1354
47,1369
47,1376
47,1380
47,1414
47,1435
47,1522
47,1529
47,1540
47,1544
47,1559
47,1566
47,1605
47,1610
47,1622
47,1632
47,1647
47,1655
47,1677
47,1714
47,1722
47,1751
47,1753
47,1759
47,1782
47,1806
47,1810
47,1844
47,1855
47,1870
47,1916
47,1933
47,1950
47,1962
47,1992
47,2003
47,2005
47,2123
47,2212
47,2215
47,2216
47,2240
47,2287
47,2304
47,2313
47,2323
47,2347
47,2391
47,2393
47,2394
47,2399
47,2405
47,2406
47,2416
47,2452
47,2464
47,2470
47,2478
47,2499
47,2522
47,2565
47,2568
47,2572
47,2658
47,2669
47,2675
47,2687
47,2689
47,2704
47,2709
47,2711
47,2737
47,2770
47,2794
47,2803
47,2855
47,2859
47,2939
47,2990
47,3021
47,3118
47,3169
47,3180
47,3198
47,3199
47,3204
47,3217
47,3233
47,3261
47,3283
47,3318
47,3324
47,3343
47,3355
47,3397
47,3410
47,3411
47,3431
47,3455
47,3478
47,3481
47,3490
47,3536
47,3549
47,3562
47,3577
47,3628
47,3670
47,3685
47,3750
47,3755
47,3801
47,3808
47,3841
47,3850
47,3863
47,3914
47,3956
47,3964
48,54
48,58
48,60
48,62
48,68
48,69
48,70
48,73
48,76
48,78
48,80
48,83
48,89
48,90
48,92
48,99
48,103
48,104
48,105
48,106
48,111
48,113
48,115
48,116
48,120
48,135
48,137
48,138
48,145
48,154
48,158
48,166
48,178
48,180
48,189
48,196
48,200
48,204
48,207
48,209
48,211
48,214
48,216
48,221
48,228
48,236
48,243
48,256
48,258
48,263
48,274
48,282
48,284
48,287
48,294
48,297
48,298
48,305
48,312
48,322
48,341
48,347
48,365
48,368
48,387
48,395
48,405
48,442
48,474
48,477
48,509
48,514
48,520
48,521
48,524
48,546
48,551
48,576
48,578
48,579
48,584
48,594
48,607
48,615
48,636
48,656
48,660
48,667
48,675
48,713
48,720
48,746
48,765
48,799
48,801
48,804
48,808
48,809
48,842
48,844
48,851
48,887
48,890
48,897
48,940
48,960
48,974
48,990
48,991
48,1010
48,1030
48,1066
48,1080
48,1089
48,1097
48,1098
48,1108
48,1135
48,1140
48,1150
48,1160
48,1171
48,1177
48,1185
48,1198
48,1210
48,1218
48,1251
48,1253
48,1262
48,1281
48,1282
48,1305
48,1318
48,1333
48,1391
48,1443
48,1459
48,1501
48,1526
48,1546
48,1577
48,1586
48,1594
48,1613
48,1643
48,1680
48,1686
48,1752
48,1754
48,1786
48,1813
48,1845
48,1846
48,1850
48,1913
48,1940
48,1965
48,1989
48,2022
48,2045
48,2060
48,2074
48,2075
48,2188
48,2215
48,2272
48,2293
48,2301
48,2319
48,2339
48,2345
48,2348
48,2382
48,2398
48,2416
48,2423
48,2489
48,2550
48,2567
48,2587
48,2610
48,2618
48,2676
48,2804
48,2806
48,2829
48,2867
48,2892
48,2898
48,2913
48,3018
48,3062
48,3064
48,3096
48,3121
48,3122
48,3125
48,3147
48,3150
48,3155
48,3245
48,3278
48,3289
48,3294
48,3296
48,3307
48,3323
48,3351
48,3357
48,3368
48,3395
48,3584
48,3617
48,3651
48,3678
48,3701
48,3747
48,3752
48,3758
48,3805
48,3821
48,3825
48,3841
48,3874
48,3876
48,3883
48,3907
48,3938
48,3981
48,4017
49,50
49,51
49,52
49,54
49,55
49,56
49,57
49,59
49,61
49,62
49,63
49,64
49,66
49,74
49,76
49,77
49,80
49,81
49,82
49,85
49,86
49,89
49,92
49,93
49,96
49,97
49,99
49,101
49,102
49,103
49,104
49,105
49,108
49,109
49,114
49,123
49,127
49,128
49,129
49,132
49,138
49,142
49,144
49,145
49,147
49,150
49,154
49,158
49,159
49,162
49,164
49,165
49,168
49,174
49,179
49,186
49,192
49,199
49,201
49,203
49,222
49,225
49,236
49,238
49,263
49,269
49,275
49,279
49,282
49,285
49,286
49,294
49,295
49,297
49,306
49,314
49,338
49,349
49,358
49,360
49,364
49,372
49,394
49,402
49,408
49,409
49,410
49,421
49,426
49,427
49,433
49,440
49,444
49,459
49,466
49,481
49,492
49,499
49,509
49,515
49,516
49,517
49,520
49,540
49,542
49,556
49,559
49,570
49,572
49,589
49,591
49,598
49,599
49,621
49,629
49,650
49,651
49,688
49,699
49,713
49,730
49,733
49,739
49,745
49,759
49,785
49,788
49,791
49,803
49,804
49,806
49,817
49,839
49,849
49,870
49,883
49,888
49,924
49,929
49,937
49,985
49,992
49,999
49,1005
49,1008
49,1041
49,1061
49,1073
49,1074
49,1077
49,1090
49,1096
49,1110
49,1154
49,1166
49,1184
49,1216
49,1222
49,1236
49,1254
49,1259
49,1262
49,1308
49,1327
49,1332
49,1335
49,1342
49,1343
49,1359
49,1364
49,1370
49,1388
49,1408
49,1430
49,1447
49,1450
49,1456
49,1457
49,1477
49,1491
49,1498
49,1507
49,1510
49,1511
49,1512
49,1519
49,1526
49,1573
49,1578
49,1612
49,1617
49,1642
49,1645
49,1663
49,1685
49,1723
49,1726
49,1735
49,1736
49,1775
49,1785
49,1795
49,1805
49,1825
49,1847
49,1850
49,1853
49,1869
49,1877
49,1911
49,1936
49,1943
49,1951
49,1953
49,1983
49,2002
49,2023
49,2028
49,2029
49,2065
49,2069
49,2106
49,2108
49,2109
49,2120
49,2130
49,2135
49,2152
49,2157
49,2165
49,2186
49,2189
49,2221
49,2222
49,2231
49,2247
49,2248
49,2275
49,2334
49,2343
49,2358
49,2383
49,2447
49,2471
49,2479
49,2530
49,2545
49,2593
49,2598
49,2613
49,2652
49,2687
49,2689
49,2692
49,2741
49,2772
49,2793
49,2804
49,2851
49,2884
49,2889
49,2911
49,2939
49,2999
49,3008
49,3014
49,3051
49,3059
49,3088
49,3101
49,3122
49,3143
49,3153
49,3188
49,3198
49,3208
49,3217
49,3225
49,3240
49,3249
49,3272
49,3276
49,3289
49,3306
49,3343
49,3372
49,3441
49,3455
49,3463
49,3477
49,3480
49,3519
49,3540
49,3545
49,3552
49,3582
49,3589
49,3597
49,3610
49,3613
49,3618
49,3699
49,3707
49,3727
49,3752
49,3756
49,3777
49,3802
49,3837
49,3871
49,3874
49,3876
49,3901
49,3930
49,3947
49,3952
49,3962
49,3983
50,51
50,54
50,56
50,58
50,61
50,66
50,73
50,74
50,77
50,82
50,83
50,86
50,87
50,95
50,96
50,97
50,98
50,108
50,113
50,118
50,122
50,130
50,139
50,140
50,146
50,151
50,155
50,160
50,171
50,174
50,179
50,181
50,183
50,201
50,208
50,209
50,211
50,212
50,214
50,216
50,219
50,236
50,241
50,242
50,249
50,253
50,254
50,260
50,299
50,328
50,330
50,336
50,338
50,344
50,349
50,367
50,384
50,392
50,396
50,405
50,438
50,445
50,453
50,457
50,470
50,491
50,508
50,518
50,521
50,527
50,551
50,559
50,578
50,588
50,591
50,600
50,606
50,608
50,617
50,618
50,648
50,657
50,660
50,751
50,758
50,769
50,775
50,777
50,779
50,780
50,781
50,787
50,793
50,797
50,799
50,805
50,807
50,849
50,867
50,885
50,898
50,900
50,926
50,939
50,944
50,946
50,984
50,987
50,1002
50,1005
50,1042
50,1044
50,1078
50,1123
50,1132
50,1138
50,1139
50,1168
50,1174
50,1187
50,1198
50,1205
50,1237
50,1244
50,1250
50,1260
50,1277
50,1281
50,1299
50,1334
50,1347
50,1363
50,1373
50,1386
50,1398
50,1416
50,1436
50,1447
50,1492
50,1512
50,1530
50,1656
50,1658
50,1718
50,1743
50,1744
50,1772
50,1796
50,1810
50,1855
50,1886
50,1890
50,1906
50,1952
50,1966
50,1982
50,1996
50,2002
50,2014
50,2017
50,2020
50,2025
50,2029
50,2043
50,2055
50,2057
50,2061
50,2070
50,2147
50,2252
50,2254
50,2266
50,2273
50,2311
50,2326
50,2339
50,2341
50,2350
50,2412
50,2465
50,2468
50,2475
50,2531
50,2576
50,2588
50,2621
50,2654
50,2675
50,2686
50,2718
50,2783
50,2834
50,2875
50,2887
50,2928
50,2955
50,2973
50,3048
50,3067
50,3071
50,3076
50,3092
50,3093
50,3106
50,3141
50,3173
50,3192
50,3213
50,3216
50,3229
50,3279
50,3316
50,3325
50,3362
50,3407
50,3443
50,3477
50,3572
50,3578
50,3603
50,3608
50,3688
50,3703
50,3728
50,3823
50,3829
50,3877
50,3912
50,3955
50,3969
50,3980
50,3982
50,3987
50,4005
50,4019
50,4021
50,4033
50,4034
50,4037
51,54
51,58
51,60
51,64
51,70
51,74
51,76
51,78
51,79
51,81
51,85
51,89
51,90
51,92
51,95
51,97
51,98
51,103
51,104
51,105
51,108
51,109
51,125
51,130
51,133
51,147
51,152
51,159
51,161
51,168
51,185
51,189
51,197
51,203
51,208
51,209
51,214
51,226
51,227
51,237
51,243
51,250
51,256
51,263
51,266
51,272
51,273
51,274
51,281
51,282
51,285
51,296
51,303
51,309
51,310
51,311
51,322
51,325
51,329
51,330
51,351
51,373
51,379
51,391
51,392
51,397
51,401
51,413
51,448
51,488
51,497
51,514
51,516
51,525
51,530
51,536
51,537
51,542
51,562
51,565
51,568
51,571
51,574
51,593
51,596
51,604
51,610
51,645
51,655
51,660
51,668
51,673
51,682
51,683
51,684
51,692
51,707
51,718
51,730
51,738
51,752
51,775
51,778
51,783
51,801
51,815
51,834
51,837
51,846
51,854
51,868
51,869
51,887
51,901
51,954
51,956
51,972
51,1019
51,1056
51,1085
51,1099
51,1105
51,1121
51,1141
51,1162
51,1180
51,1209
51,1229
51,1231
51,1239
51,1241
51,1249
51,1251
51,1288
51,1323
51,1343
51,1357
51,1375
51,1470
51,1499
51,1503
51,1552
51,1590
51,1611
51,1627
51,1629
51,1641
51,1643
51,1653
51,1662
51,1695
51,1741
51,1744
51,1765
51,1824
51,1830
51,1840
51,1854
51,1859
51,1894
51,1901
51,1915
51,1946
51,1964
51,1974
51,1999
51,2052
51,2073
51,2078
51,2085
51,2131
51,2138
51,2161
51,2196
51,2256
51,2260
51,2270
51,2284
51,2286
51,2340
51,2366
51,2377
51,2383
51,2436
51,2451
51,2469
51,2480
51,2485
51,2488
51,2500
51,2559
51,2576
51,2582
51,2623
51,2626
51,2630
51,2661
51,2665
51,2673
51,2750
51,2755
51,2758
51,2764
51,2830
51,2837
51,2840
51,2844
51,2863
51,2869
51,2879
51,2895
51,2902
51,2904
51,2933
51,2977
51,2986
51,3017
51,3042
51,3044
51,3065
51,3117
51,3138
51,3154
51,3205
51,3254
51,3310
51,3321
51,3362
51,3387
51,3409
51,3448
51,3475
51,3534
51,3539
51,3585
51,3603
51,3604
51,3640
51,3766
51,3768
51,3781
51,3809
51,3824
51,3833
51,3938
51,3961
51,3972
51,4025
51,4034
51,4037
52,53
52,54
52,55
52,56
52,60
52,64
52,66
52,67
52,72
52,73
52,74
52,85
52,86
52,87
52,91
52,93
52,94
52,95
52,96
52,97
52,98
52,99
52,101
52,105
52,106
52,107
52,109
52,115
52,120
52,123
52,125
52,126
52,128
52,130
52,134
52,135
52,140
52,146
52,148
52,149
52,158
52,159
52,162
52,163
52,165
52,169
52,181
52,185
52,190
52,193
52,197
52,210
52,216
52,218
52,233
52,236
52,238
52,242
52,257
52,263
52,269
52,275
52,299
52,304
52,307
52,323
52,324
52,329
52,332
52,333
52,339
52,340
52,342
52,348
52,353
52,355
52,356
52,381
52,385
52,390
52,391
52,393
52,403
52,409
52,437
52,460
52,467
52,485
52,490
52,494
52,502
52,504
52,513
52,527
52,528
52,557
52,560
52,562
52,571
52,581
52,588
52,591
52,597
52,615
52,622
52,630
52,634
52,651
52,686
52,720
52,723
52,725
52,737
52,744
52,748
52,751
52,752
52,753
52,760
52,766
52,778
52,782
52,784
52,793
52,804
52,809
52,821
52,822
52,826
52,831
52,839
52,841
52,847
52,858
52,878
52,895
52,938
52,950
52,980
52,993
52,1005
52,1006
52,1007
52,1026
52,1045
52,1047
52,1052
52,1074
52,1081
52,1090
52,1094
52,1121
52,1139
52,1151
52,1152
52,1153
52,1181
52,1195
52,1205
52,1216
52,1222
52,1244
52,1249
52,1279
52,1290
52,1295
52,1324
52,1334
52,1335
52,1338
52,1367
52,1368
52,1418
52,1422
52,1483
52,1484
52,1506
52,1511
52,1523
52,1533
52,1548
52,1550
52,1556
52,1564
52,1570
52,1579
52,1582
52,1604
52,1639
52,1694
52,1715
52,1723
52,1737
52,1739
52,1752
52,1758
52,1777
52,1779
52,1782
52,1788
52,1789
52,1797
52,1801
52,1818
52,1898
52,1909
52,1916
52,1935
52,1951
52,1976
52,2036
52,2051
52,2056
52,2060
52,2065
52,2076
52,2100
52,2115
52,2128
52,2141
52,2153
52,2167
52,2170
52,2175
52,2178
52,2198
52,2205
52,2207
52,2218
52,2238
52,2260
52,2297
52,2303
52,2360
52,2375
52,2456
52,2523
52,2536
52,2553
52,2583
52,2615
52,2625
52,2666
52,2679
52,2681
52,2704
52,2719
52,2732
52,2749
52,2805
52,2826
52,2835
52,2855
52,2859
52,2897
52,2918
52,2930
52,2954
52,2955
52,2981
52,3002
52,3035
52,3120
52,3160
52,3202
52,3221
52,3245
52,3246
52,3253
52,3284
52,3291
52,3317
52,3324
52,3370
52,3376
52,3517
52,3556
52,3571
52,3572
52,3609
52,3632
52,3641
52,3723
52,3781
52,3811
52,3867
52,3936
52,3984
52,4007
53,57
53,60
53,63
53,64
53,65
53,68
53,72
53,73
53,76
53,78
53,80
53,81
53,84
53,88
53,91
53,94
53,108
53,112
53,119
53,124
53,130
53,135
53,144
53,151
53,159
53,161
53,172
53,175
53,188
53,213
53,218
53,221
53,224
53,237
53,257
53,259
53,270
53,286
53,294
53,298
53,307
53,310
53,338
53,343
53,351
53,355
53,363
53,368
53,387
53,422
53,453
53,476
53,484
53,492
53,509
53,519
53,537
53,566
53,569
53,583
53,631
53,632
53,658
53,662
53,663
53,698
53,711
53,723
53,740
53,773
53,841
53,866
53,871
53,886
53,891
53,892
53,960
53,999
53,1000
53,1013
53,1017
53,1043
53,1072
53,1089
53,1131
53,1144
53,1176
53,1184
53,1224
53,1271
53,1304
53,1312
53,1319
53,1325
53,1356
53,1394
53,1428
53,1476
53,1545
53,1592
53,1635
53,1652
53,1661
53,1668
53,1684
53,1712
53,1718
53,1737
53,1763
53,1775
53,1777
53,1787
53,1827
53,1835
53,1847
53,1866
53,1871
53,1882
53,1886
53,1928
53,1929
53,1930
53,1935
53,1962
53,2001
53,2004
53,2012
53,2021
53,2029
53,2055
53,2091
53,2096
53,2131
53,2239
53,2245
53,2326
53,2327
53,2332
53,2355
53,2357
53,2360
53,2363
53,2371
53,2403
53,2467
53,2473
53,2491
53,2509
53,2596
53,2606
53,2630
53,2669
53,2671
53,2683
53,2815
53,2833
53,2899
53,2993
53,2995
53,3005
53,3023
53,3033
53,3105
53,3112
53,3162
53,3210
53,3265
53,3291
53,3310
53,3426
53,3443
53,3445
53,3469
53,3498
53,3506
53,3515
53,3548
53,3574
53,3576
53,3607
53,3709
53,3719
53,3729
53,3798
53,3811
53,3816
53,3838
53,3859
53,3895
53,3908
53,3910
53,3989
53,4008
53,4010
53,4026
53,4035
54,55
54,57
54,63
54,64
54,65
54,67
54,69
54,71
54,72
54,74
54,83
54,88
54,98
54,105
54,108
54,109
54,111
54,114
54,117
54,121
54,140
54,147
54,151
54,152
54,153
54,155
54,161
54,178
54,187
54,193
54,199
54,201
54,202
54,211
54,215
54,221
54,222
54,226
54,237
54,239
54,240
54,260
54,261
54,263
54,274
54,276
54,278
54,281
54,296
54,301
54,309
54,316
54,317
54,330
54,332
54,337
54,338
54,340
54,347
54,363
54,367
54,376
54,382
54,396
54,403
54,417
54,429
54,432
54,439
54,445
54,449
54,450
54,456
54,465
54,475
54,487
54,495
54,502
54,511
54,523
54,540
54,545
54,574
54,582
54,588
54,607
54,609
54,630
54,633
54,643
54,650
54,651
54,695
54,696
54,705
54,736
54,754
54,766
54,796
54,821
54,822
54,849
54,850
54,855
54,861
54,878
54,884
54,896
54,898
54,904
54,929
54,937
54,939
54,950
54,957
54,959
54,1007
54,1027
54,1049
54,1055
54,1064
54,1077
54,1114
54,1150
54,1203
54,1217
54,1226
54,1229
54,1234
54,1240
54,1256
54,1264
54,1295
54,1299
54,1346
54,1365
54,1375
54,1411
54,1423
54,1431
54,1443
54,1523
54,1535
54,1573
54,1577
54,1599
54,1620
54,1665
54,1678
54,1679
54,1700
54,1703
54,1780
54,1808
54,1831
54,1834
54,1855
54,1862
54,1865
54,1877
54,1879
54,1883
54,1925
54,1927
54,1932
54,2068
54,2103
54,2118
54,2175
54,2194
54,2205
54,2255
54,2260
54,2304
54,2307
54,2353
54,2354
54,2376
54,2377
54,2393
54,2486
54,2539
54,2562
54,2604
54,2647
54,2717
54,2731
54,2776
54,2801
54,2823
54,2829
54,2872
54,2884
54,2887
54,2901
54,2902
54,2905
54,2920
54,2924
54,2961
54,2985
54,3029
54,3031
54,3043
54,3099
54,3173
54,3192
54,3212
54,3319
54,3326
54,3353
54,3386
54,3387
54,3426
54,3430
54,3494
54,3518
54,3569
54,3587
54,3626
54,3630
54,3662
54,3719
54,3720
54,3778
54,3797
54,3827
54,3839
54,3844
54,3847
54,3861
54,3883
54,3894
54,3908
54,3959
54,3961
55,56
55,59
55,64
55,67
55,71
55,75
55,77
55,81
55,83
55,91
55,97
55,120
55,126
55,148
55,156
55,160
55,176
55,178
55,190
55,195
55,203
55,216
55,217
55,226
55,227
55,242
55,256
55,269
55,270
55,281
55,282
55,290
55,292
55,299
55,309
55,311
55,314
55,315
55,321
55,325
55,327
55,330
55,340
55,350
55,372
55,373
55,374
55,378
55,383
55,399
55,417
55,421
55,442
55,477
55,496
55,497
55,507
55,508
55,541
55,543
55,552
55,554
55,570
55,571
55,581
55,588
55,600
55,606
55,608
55,612
55,618
55,642
55,649
55,658
55,659
55,675
55,706
55,727
55,745
55,755
55,759
55,784
55,786
55,798
55,852
55,863
55,869
55,880
55,884
55,887
55,899
55,904
55,934
55,941
55,951
55,961
55,966
55,975
55,1002
55,1032
55,1062
55,1092
55,1117
55,1120
55,1144
55,1153
55,1163
55,1174
55,1175
55,1182
55,1197
55,1201
55,1206
55,1226
55,1248
55,1251
55,1277
55,1293
55,1299
55,1304
55,1307
55,1368
55,1374
55,1386
55,1407
55,1417
55,1426
55,1450
55,1472
55,1473
55,1497
55,1514
55,1520
55,1560
55,1561
55,1580
55,1594
55,1615
55,1624
55,1661
55,1681
55,1741
55,1749
55,1795
55,1846
55,1864
55,1889
55,1944
55,2004
55,2009
55,2071
55,2073
55,2092
55,2106
55,2199
55,2218
55,2240
55,2254
55,2318
55,2333
55,2353
55,2367
55,2385
55,2405
55,2460
55,2495
55,2501
55,2517
55,2526
55,2561
55,2566
55,2629
55,2679
55,2820
55,2826
55,2827
55,2850
55,2882
55,2920
55,2921
55,2948
55,3035
55,3048
55,3094
55,3095
55,3113
55,3121
55,3145
55,3149
55,3160
55,3176
55,3204
55,3246
55,3259
55,3263
55,3287
55,3293
55,3335
55,3363
55,3384
55,3459
55,3467
55,3482
55,3507
55,3540
55,3704
55,3711
55,3727
55,3772
55,3861
55,3968
55,3972
55,3986
55,4002
55,4036
56,57
56,58
56,59
56,67
56,69
56,70
56,72
56,75
56,84
56,89
56,92
56,96
56,100
56,104
56,106
56,109
56,112
56,114
56,117
56,118
56,121
56,125
56,126
56,127
56,128
56,150
56,162
56,168
56,173
56,180
56,182
56,184
56,197
56,207
56,210
56,223
56,230
56,244
56,245
56,272
56,275
56,286
56,324
56,329
56,343
56,354
56,355
56,356
56,364
56,388
56,394
56,405
56,425
56,427
56,436
56,443
56,445
56,469
56,472
56,484
56,513
56,541
56,543
56,544
56,595
56,612
56,620
56,649
56,709
56,719
56,733
56,749
56,766
56,774
56,776
56,810
56,828
56,831
56,835
56,877
56,879
56,909
56,933
56,952
56,986
56,990
56,1022
56,1033
56,1052
56,1075
56,1117
56,1134
56,1137
56,1158
56,1170
56,1193
56,1200
56,1203
56,1232
56,1240
56,1270
56,1283
56,1286
56,1288
56,1297
56,1317
56,1334
56,1337
56,1381
56,1442
56,1458
56,1503
56,1504
56,1529
56,1562
56,1578
56,1586
56,1629
56,1635
56,1637
56,1648
56,1761
56,1762
56,1781
56,1783
56,1784
56,1812
56,1818
56,1832
56,1834
56,1837
56,1845
56,1901
56,1927
56,1983
56,2034
56,2041
56,2080
56,2136
56,2166
56,2181
56,2199
56,2202
56,2208
56,2229
56,2245
56,2270
56,2279
56,2319
56,2324
56,2334
56,2350
56,2354
56,2370
56,2427
56,2436
56,2448
56,2482
56,2535
56,2569
56,2581
56,2613
56,2724
56,2725
56,2780
56,2803
56,2871
56,2956
56,2981
56,2996
56,3064
56,3083
56,3150
56,3163
56,3177
56,3204
56,3227
56,3230
56,3327
56,3378
56,3400
56,3416
56,3456
56,3518
56,3558
56,3595
56,3623
56,3647
56,3654
56,3714
56,3737
56,3784
56,3821
56,3823
56,3867
56,3881
56,3890
56,3911
56,3959
56,4025
56,4031
57,60
57,65
57,66
57,67
57,68
57,69
57,73
57,75
57,77
57,81
57,82
57,84
57,91
57,93
57,94
57,99
57,100
57,103
57,121
57,127
57,139
57,151
57,152
57,156
57,164
57,165
57,169
57,171
57,197
57,209
57,210
57,222
57,225
57,235
57,237
57,239
57,249
57,255
57,264
57,275
57,280
57,293
57,306
57,317
57,320
57,321
57,345
57,350
57,357
57,358
57,365
57,368
57,378
57,379
57,394
57,398
57,399
57,410
57,414
57,417
57,418
57,448
57,463
57,480
57,501
57,506
57,514
57,518
57,519
57,525
57,543
57,544
57,548
57,550
57,557
57,562
57,574
57,583
57,586
57,592
57,602
57,667
57,677
57,696
57,707
57,714
57,726
57,732
57,736
57,742
57,744
57,752
57,753
57,757
57,772
57,775
57,787
57,805
57,810
57,816
57,828
57,830
57,831
57,845
57,870
57,873
57,889
57,904
57,912
57,918
57,921
57,922
57,931
57,935
57,947
57,977
57,1014
57,1039
57,1041
57,1075
57,1093
57,1118
57,1139
57,1145
57,1156
57,1200
57,1240
57,1248
57,1255
57,1276
57,1287
57,1307
57,1315
57,1319
57,1331
57,1348
57,1353
57,1355
57,1373
57,1399
57,1408
57,1420
57,1434
57,1437
57,1456
57,1475
57,1483
57,1528
57,1572
57,1580
57,1586
57,1600
57,1610
57,1621
57,1635
57,1645
57,1654
57,1677
57,1706
57,1716
57,1732
57,1754
57,1764
57,1773
57,1778
57,1786
57,1791
57,1811
57,1877
57,1886
57,1915
57,1930
57,1958
57,1993
57,1996
57,1997
57,2011
57,2019
57,2024
57,2028
57,2034
57,2040
57,2045
57,2061
57,2079
57,2088
57,2113
57,2115
57,2130
57,2135
57,2148
57,2151
57,2158
57,2159
57,2166
57,2185
57,2208
57,2228
57,2230
57,2231
57,2234
57,2293
57,2298
57,2301
57,2317
57,2329
57,2344
57,2345
57,2371
57,2398
57,2443
57,2451
57,2463
57,2508
57,2541
57,2597
57,2650
57,2701
57,2706
57,2708
57,2751
57,2766
57,2774
57,2790
57,2858
57,2934
57,2974
57,3092
57,3104
57,3106
57,3116
57,3202
57,3240
57,3249
57,3258
57,3262
57,3292
57,3305
57,3310
57,3318
57,3335
57,3340
57,3366
57,3381
57,3405
57,3438
57,3443
57,3467
57,3468
57,3480
57,3499
57,3559
57,3560
57,3599
57,3641
57,3657
57,3764
57,3784
57,3790
57,3937
57,3941
57,3966
57,4032
58,62
58,63
58,64
58,66
58,68
58,69
58,82
58,84
58,85
58,87
58,88
58,89
58,91
58,92
58,94
58,98
58,99
58,100
58,108
58,112
58,114
58,125
58,126
58,127
58,129
58,136
58,138
58,140
58,144
58,145
58,146
58,148
58,149
58,151
58,167
58,170
58,171
58,173
58,174
58,184
58,185
58,189
58,207
58,209
58,210
58,214
58,215
58,219
58,232
58,234
58,242
58,249
58,257
58,263
58,271
58,276
58,277
58,282
58,293
58,298
58,300
58,302
58,306
58,307
58,320
58,321
58,323
58,339
58,342
58,344
58,347
58,351
58,352
58,362
58,366
58,370
58,382
58,395
58,409
58,416
58,422
58,445
58,450
58,454
58,457
58,459
58,465
58,468
58,470
58,479
58,482
58,514
58,516
58,519
58,522
58,541
58,548
58,550
58,551
58,566
58,591
58,603
58,613
58,614
58,625
58,636
58,646
58,666
58,674
58,698
58,703
58,726
58,728
58,745
58,753
58,761
58,763
58,770
58,780
58,785
58,788
58,805
58,810
58,817
58,818
58,823
58,825
58,831
58,839
58,840
58,845
58,846
58,857
58,860
58,866
58,868
58,875
58,903
58,921
58,928
58,942
58,945
58,953
58,963
58,964
58,967
58,1011
58,1033
58,1067
58,1075
58,1085
58,1086
58,1087
58,1089
58,1098
58,1118
58,1129
58,1131
58,1141
58,1216
58,1269
58,1283
58,1285
58,1301
58,1314
58,1319
58,1340
58,1349
58,1365
58,1386
58,1409
58,1444
58,1477
58,1478
58,1488
58,1491
58,1493
58,1497
58,1520
58,1525
58,1534
58,1538
58,1546
58,1555
58,1581
58,1586
58,1592
58,1600
58,1601
58,1603
58,1606
58,1624
58,1644
58,1669
58,1679
58,1689
58,1700
58,1738
58,1742
58,1748
58,1751
58,1785
58,1786
58,1790
58,1828
58,1839
58,1840
58,1851
58,1889
58,1909
58,1914
58,1919
58,1932
58,1954
58,1974
58,1984
58,1994
58,2012
58,2019
58,2130
58,2145
58,2206
58,2214
58,2217
58,2256
58,2271
58,2286
58,2288
58,2314
58,2324
58,2328
58,2408
58,2433
58,2445
58,2454
58,2456
58,2467
58,2494
58,2495
58,2511
58,2554
58,2572
58,2594
58,2604
58,2632
58,2643
58,2696
58,2703
58,2738
58,2755
58,2812
58,2824
58,2857
58,2931
58,2936
58,2941
58,2996
58,3023
58,3048
58,3060
58,3131
58,3178
58,3238
58,3282
58,3291
58,3307
58,3324
58,3327
58,3346
58,3397
58,3461
58,3484
58,3487
58,3506
58,3536
58,3542
58,3564
58,3598
58,3599
58,3605
58,3659
58,3698
58,3710
58,3716
58,3764
58,3772
58,3773
58,3774
58,3784
58,3791
58,3809
58,3822
58,3830
58,3837
58,3865
58,3868
58,3874
58,3953
59,62
59,65
59,67
59,68
59,74
59,80
59,82
59,83
59,86
59,91
59,94
59,95
59,108
59,111
59,112
59,114
59,115
59,119
59,120
59,126
59,133
59,139
59,146
59,151
59,154
59,164
59,177
59,178
59,185
59,188
59,193
59,201
59,203
59,204
59,206
59,214
59,231
59,232
59,246
59,251
59,262
59,291
59,293
59,355
59,367
59,380
59,393
59,402
59,406
59,438
59,462
59,470
59,472
59,477
59,484
59,491
59,510
59,561
59,564
59,578
59,593
59,615
59,635
59,638
59,642
59,647
59,653
59,660
59,661
59,671
59,690
59,698
59,720
59,742
59,767
59,769
59,787
59,788
59,789
59,790
59,800
59,805
59,845
59,853
59,878
59,892
59,896
59,919
59,944
59,961
59,980
59,998
59,1019
59,1020
59,1032
59,1033
59,1051
59,1083
59,1135
59,1139
59,1146
59,1168
59,1175
59,1193
59,1198
59,1212
59,1214
59,1223
59,1247
59,1273
59,1290
59,1291
59,1294
59,1301
59,1310
59,1361
59,1381
59,1420
59,1486
59,1509
59,1527
59,1596
59,1629
59,1633
59,1650
59,1705
59,1714
59,1780
59,1807
59,1836
59,1869
59,1917
59,1922
59,1927
59,1929
59,1960
59,1970
59,1997
59,2004
59,2021
59,2031
59,2073
59,2086
59,2087
59,2090
59,2123
59,2163
59,2189
59,2198
59,2221
59,2268
59,2272
59,2280
59,2288
59,2333
59,2373
59,2387
59,2413
59,2435
59,2492
59,2501
59,2549
59,2552
59,2558
59,2643
59,2655
59,2660
59,2714
59,2843
59,2850
59,2885
59,2888
59,2908
59,2967
59,2982
59,3007
59,3080
59,3097
59,3117
59,3155
59,3184
59,3250
59,3280
59,3315
59,3316
59,3325
59,3364
59,3371
59,3416
59,3453
59,3462
59,3502
59,3594
59,3689
59,3690
59,3720
59,3726
59,3735
59,3737
59,3738
59,3743
59,3748
59,3765
59,3768
59,3801
59,3891
59,3942
59,3970
59,3974
59,3983
59,3991
60,61
60,62
60,65
60,66
60,67
60,68
60,69
60,71
60,74
60,80
60,82
60,84
60,86
60,87
60,92
60,96
60,98
60,101
60,104
60,105
60,109
60,110
60,116
60,124
60,130
60,144
60,147
60,157
60,160
60,161
60,169
60,171
60,179
60,185
60,187
60,194
60,195
60,211
60,231
60,236
60,238
60,244
60,251
60,264
60,268
60,290
60,301
60,304
60,313
60,319
60,322
60,339
60,357
60,369
60,372
60,392
60,418
60,420
60,425
60,428
60,454
60,457
60,489
60,492
60,499
60,502
60,507
60,533
60,540
60,548
60,560
60,565
60,580
60,585
60,586
60,587
60,601
60,615
60,617
60,620
60,629
60,636
60,638
60,692
60,724
60,739
60,740
60,748
60,768
60,780
60,785
60,794
60,808
60,833
60,837
60,847
60,852
60,864
60,895
60,909
60,916
60,924
60,931
60,950
60,953
60,963
60,966
60,970
60,993
60,1067
60,1093
60,1115
60,1127
60,1131
60,1140
60,1169
60,1173
60,1177
60,1183
60,1228
60,1240
60,1245
60,1251
60,1252
60,1258
60,1263
60,1281
60,1303
60,1319
60,1321
60,1322
60,1323
60,1336
60,1337
60,1338
60,1384
60,1401
60,1407
60,1421
60,1433
60,1457
60,1503
60,1504
60,1537
60,1540
60,1552
60,1568
60,1604
60,1609
60,1617
60,1621
60,1648
60,1689
60,1714
60,1730
60,1734
60,1769
60,1793
60,1830
60,1901
60,1902
60,1949
60,1956
60,1967
60,1969
60,1970
60,2067
60,2097
60,2105
60,2118
60,2236
60,2266
60,2279
60,2291
60,2311
60,2323
60,2371
60,2389
60,2423
60,2448
60,2469
60,2471
60,2473
60,2502
60,2513
60,2546
60,2578
60,2589
60,2592
60,2633
60,2666
60,2711
60,2726
60,2738
60,2774
60,2820
60,2836
60,2898
60,2924
60,2928
60,2939
60,2990
60,3022
60,3053
60,3054
60,3093
60,3106
60,3109
60,3113
60,3114
60,3197
60,3242
60,3256
60,3282
60,3285
60,3298
60,3305
60,3359
60,3365
60,3388
60,3463
60,3468
60,3469
60,3479
60,3532
60,3572
60,3615
60,3629
60,3677
60,3706
60,3723
60,3735
60,3807
60,3843
60,3903
60,3905
60,3922
61,64
61,65
61,71
61,74
61,94
61,104
61,117
61,125
61,134
61,135
61,146
61,150
61,160
61,171
61,186
61,212
61,224
61,228
61,231
61,243
61,246
61,249
61,265
61,273
61,281
61,288
61,307
61,310
61,313
61,334
61,346
61,350
61,352
61,354
61,357
61,375
61,415
61,434
61,496
61,549
61,551
61,559
61,563
61,599
61,639
61,653
61,655
61,710
61,713
61,742
61,819
61,883
61,940
61,954
61,993
61,1035
61,1037
61,1045
61,1048
61,1083
61,1149
61,1163
61,1204
61,1208
61,1210
61,1211
61,1218
61,1245
61,1264
61,1290
61,1305
61,1341
61,1370
61,1373
61,1424
61,1425
61,1448
61,1580
61,1595
61,1625
61,1636
61,1754
61,1804
61,1859
61,1897
61,2044
61,2084
61,2099
61,2173
61,2184
61,2192
61,2234
61,2249
61,2288
61,2364
61,2390
61,2420
61,2518
61,2553
61,2618
61,2619
61,2632
61,2703
61,2784
61,2896
61,2900
61,2906
61,2929
61,2984
61,3048
61,3080
61,3139
61,3152
61,3161
61,3194
61,3202
61,3206
61,3233
61,3347
61,3407
61,3505
61,3679
61,3770
61,3806
61,3932
61,3944
61,3953
61,4019
62,64
62,66
62,69
62,73
62,75
62,80
62,102
62,115
62,129
62,132
62,141
62,145
62,151
62,152
62,153
62,172
62,173
62,184
62,191
62,214
62,216
62,218
62,223
62,229
62,247
62,268
62,274
62,275
62,292
62,300
62,308
62,330
62,335
62,342
62,353
62,357
62,361
62,373
62,405
62,423
62,427
62,430
62,454
62,489
62,509
62,511
62,513
62,519
62,533
62,534
62,564
62,565
62,612
62,639
62,645
62,651
62,653
62,659
62,679
62,682
62,719
62,754
62,791
62,805
62,837
62,872
62,878
62,882
62,887
62,924
62,941
62,949
62,961
62,1034
62,1043
62,1058
62,1101
62,1112
62,1117
62,1176
62,1187
62,1208
62,1223
62,1226
62,1248
62,1316
62,1317
62,1336
62,1373
62,1388
62,1390
62,1406
62,1442
62,1465
62,1532
62,1572
62,1580
62,1608
62,1638
62,1648
62,1650
62,1698
62,1736
62,1751
62,1799
62,1879
62,1936
62,1964
62,1974
62,1977
62,2001
62,2018
62,2105
62,2131
62,2218
62,2265
62,2284
62,2404
62,2432
62,2435
62,2505
62,2576
62,2592
62,2616
62,2657
62,2677
62,2678
62,2685
62,2690
62,2698
62,2707
62,2752
62,2791
62,2793
62,2833
62,2834
62,2835
62,2854
62,2856
62,2922
62,2982
62,2990
62,2999
62,3007
62,3033
62,3078
62,3096
62,3103
62,3144
62,3182
62,3230
62,3282
62,3286
62,3328
62,3330
62,3343
62,3352
62,3365
62,3380
62,3406
62,3448
62,3466
62,3475
62,3526
62,3582
62,3605
62,3615
62,3654
62,3699
62,3774
62,3786
62,3835
62,3844
62,3857
62,3882
62,3915
62,3939
62,3956
63,69
63,70
63,74
63,75
63,76
63,78
63,79
63,81
63,84
63,85
63,92
63,95
63,97
63,100
63,102
63,106
63,122
63,129
63,142
63,143
63,147
63,155
63,158
63,159
63,171
63,172
63,175
63,176
63,182
63,191
63,195
63,204
63,206
63,217
63,224
63,240
63,247
63,252
63,258
63,259
63,264
63,270
63,281
63,285
63,287
63,293
63,295
63,299
63,302
63,318
63,322
63,327
63,330
63,331
63,336
63,348
63,349
63,374
63,382
63,393
63,399
63,411
63,417
63,424
63,428
63,433
63,441
63,461
63,472
63,479
63,503
63,509
63,512
63,535
63,554
63,583
63,586
63,591
63,624
63,635
63,640
63,655
63,681
63,692
63,712
63,715
63,747
63,826
63,873
63,894
63,919
63,928
63,945
63,952
63,977
63,995
63,1000
63,1001
63,1003
63,1009
63,1017
63,1021
63,1025
63,1028
63,1029
63,1039
63,1062
63,1092
63,1093
63,1095
63,1096
63,1099
63,1120
63,1126
63,1136
63,1148
63,1156
63,1206
63,1208
63,1222
63,1225
63,1229
63,1239
63,1256
63,1263
63,1270
63,1275
63,1277
63,1280
63,1313
63,1325
63,1340
63,1391
63,1403
63,1428
63,1430
63,1464
63,1481
63,1487
63,1508
63,1526
63,1546
63,1549
63,1613
63,1645
63,1665
63,1710
63,1742
63,1743
63,1750
63,1759
63,1787
63,1799
63,1808
63,1863
63,1901
63,1909
63,1914
63,1927
63,1975
63,1981
63,1993
63,2008
63,2013
63,2015
63,2050
63,2058
63,2062
63,2071
63,2082
63,2100
63,2125
63,2141
63,2142
63,2156
63,2163
63,2173
63,2186
63,2189
63,2211
63,2224
63,2226
63,2232
63,2267
63,2314
63,2315
63,2394
63,2413
63,2452
63,2527
63,2539
63,2554
63,2570
63,2571
63,2575
63,2600
63,2609
63,2616
63,2671
63,2679
63,2680
63,2770
63,2781
63,2800
63,2812
63,2828
63,2830
63,2832
63,2836
63,2839
63,2887
63,2889
63,2903
63,2952
63,3024
63,3055
63,3070
63,3157
63,3162
63,3206
63,3239
63,3242
63,3267
63,3270
63,3282
63,3353
63,3357
63,3371
63,3396
63,3427
63,3472
63,3484
63,3488
63,3560
63,3593
63,3612
63,3638
63,3659
63,3767
63,3795
63,3798
63,3808
63,3813
63,3851
63,3997
63,4020
64,70
64,72
64,77
64,82
64,85
64,88
64,91
64,93
64,98
64,101
64,102
64,110
64,111
64,114
64,116
64,117
64,122
64,130
64,132
64,135
64,138
64,141
64,142
64,149
64,150
64,166
64,182
64,209
64,210
64,211
64,214
64,217
64,243
64,244
64,260
64,261
64,263
64,270
64,283
64,289
64,305
64,307
64,313
64,320
64,364
64,367
64,393
64,397
64,416
64,422
64,430
64,435
64,442
64,458
64,463
64,483
64,486
64,495
64,499
64,504
64,513
64,516
64,517
64,518
64,532
64,544
64,545
64,556
64,587
64,595
64,603
64,605
64,633
64,681
64,691
64,706
64,723
64,742
64,749
64,789
64,795
64,870
64,875
64,876
64,895
64,905
64,906
64,910
64,919
64,946
64,951
64,963
64,968
64,977
64,993
64,1002
64,1017
64,1020
64,1027
64,1063
64,1075
64,1076
64,1081
64,1096
64,1110
64,1213
64,1242
64,1251
64,1288
64,1294
64,1305
64,1307
64,1321
64,1326
64,1330
64,1344
64,1357
64,1393
64,1400
64,1425
64,1452
64,1457
64,1461
64,1492
64,1493
64,1527
64,1543
64,1550
64,1560
64,1575
64,1580
64,1626
64,1631
64,1637
64,1653
64,1680
64,1696
64,1701
64,1723
64,1728
64,1749
64,1788
64,1807
64,1867
64,1916
64,1926
64,1944
64,1965
64,1978
64,2094
64,2100
64,2119
64,2136
64,2167
64,2217
64,2267
64,2354
64,2395
64,2400
64,2423
64,2458
64,2476
64,2477
64,2489
64,2518
64,2521
64,2550
64,2587
64,2591
64,2617
64,2621
64,2636
64,2641
64,2667
64,2708
64,2713
64,2725
64,2732
64,2733
64,2767
64,2812
64,2814
64,2819
64,2821
64,2844
64,2853
64,2863
64,2869
64,2874
64,2878
64,2880
64,2912
64,2937
64,2943
64,3000
64,3062
64,3076
64,3200
64,3234
64,3244
64,3288
64,3300
64,3322
64,3325
64,3356
64,3413
64,3436
64,3473
64,3475
64,3525
64,3566
64,3570
64,3579
64,3682
64,3684
64,3688
64,3706
64,3726
64,3737
64,3739
64,3770
64,3798
64,3808
64,3826
64,3855
64,3865
64,3866
64,3887
64,3975
64,3983
64,4008
65,70
65,71
65,77
65,83
65,87
65,91
65,93
65,96
65,99
65,108
65,124
65,134
65,135
65,142
65,144
65,152
65,160
65,163
65,166
65,186
65,193
65,200
65,220
65,222
65,224
65,228
65,232
65,261
65,272
65,277
65,280
65,282
65,283
65,317
65,324
65,333
65,336
65,348
65,351
65,359
65,370
65,372
65,383
65,385
65,386
65,390
65,393
65,418
65,426
65,430
65,461
65,469
65,500
65,511
65,514
65,515
65,535
65,551
65,582
65,590
65,611
65,620
65,621
65,625
65,629
65,677
65,717
65,753
65,766
65,816
65,883
65,884
65,894
65,895
65,911
65,925
65,963
65,971
65,1055
65,1057
65,1091
65,1104
65,1162
65,1171
65,1195
65,1204
65,1219
65,1222
65,1233
65,1237
65,1239
65,1253
65,1263
65,1269
65,1273
65,1304
65,1329
65,1384
65,1386
65,1389
65,1393
65,1396
65,1403
65,1414
65,1422
65,1456
65,1484
65,1497
65,1502
65,1509
65,1520
65,1525
65,1545
65,1547
65,1609
65,1641
65,1671
65,1689
65,1698
65,1701
65,1735
65,1819
65,1830
65,1844
65,1891
65,1892
65,1910
65,1923
65,1943
65,1983
65,2022
65,2056
65,2111
65,2122
65,2161
65,2252
65,2312
65,2332
65,2370
65,2466
65,2470
65,2495
65,2592
65,2611
65,2619
65,2645
65,2691
65,2784
65,2838
65,2845
65,2858
65,2862
65,2903
65,2907
65,2948
65,2966
65,3005
65,3021
65,3066
65,3079
65,3084
65,3089
65,3094
65,3109
65,3131
65,3251
65,3330
65,3545
65,3608
65,3628
65,3631
65,3633
65,3641
65,3701
65,3749
65,3751
65,3795
65,3800
65,3924
65,3982
65,4004
65,4019
65,4026
66,68
66,69
66,72
66,76
66,78
66,80
66,86
66,88
66,89
66,90
66,96
66,107
66,110
66,112
66,116
66,133
66,137
66,152
66,157
66,165
66,169
66,174
66,182
66,192
66,193
66,230
66,231
66,232
66,245
66,255
66,259
66,264
66,267
66,277
66,305
66,314
66,321
66,343
66,352
66,360
66,372
66,374
66,375
66,377
66,381
66,410
66,420
66,427
66,432
66,438
66,452
66,466
66,482
66,506
66,508
66,511
66,522
66,528
66,530
66,537
66,543
66,544
66,546
66,572
66,579
66,584
66,594
66,610
66,615
66,619
66,628
66,643
66,644
66,661
66,672
66,696
66,703
66,715
66,724
66,734
66,747
66,750
66,797
66,799
66,838
66,840
66,844
66,872
66,873
66,879
66,880
66,893
66,910
66,918
66,920
66,945
66,950
66,979
66,1000
66,1016
66,1026
66,1030
66,1037
66,1043
66,1044
66,1074
66,1080
66,1110
66,1139
66,1140
66,1156
66,1191
66,1192
66,1196
66,1209
66,1244
66,1247
66,1250
66,1266
66,1271
66,1276
66,1285
66,1289
66,1300
66,1323
66,1325
66,1353
66,1358
66,1364
66,1365
66,1367
66,1384
66,1390
66,1393
66,1398
66,1425
66,1427
66,1434
66,1440
66,1444
66,1457
66,1459
66,1467
66,1475
66,1477
66,1488
66,1501
66,1517
66,1531
66,1574
66,1587
66,1608
66,1617
66,1658
66,1662
66,1674
66,1684
66,1695
66,1748
66,1758
66,1762
66,1769
66,1819
66,1828
66,1919
66,1925
66,1926
66,1981
66,1992
66,2001
66,2051
66,2074
66,2078
66,2085
66,2122
66,2172
66,2175
66,2207
66,2226
66,2269
66,2317
66,2322
66,2381
66,2414
66,2415
66,2465
66,2489
66,2500
66,2517
66,2545
66,2553
66,2564
66,2570
66,2591
66,2634
66,2667
66,2671
66,2678
66,2690
66,2752
66,2766
66,2770
66,2785
66,2787
66,2805
66,2817
66,2847
66,2856
66,2865
66,2875
66,2899
66,2901
66,2927
66,2932
66,2939
66,2959
66,2979
66,3022
66,3028
66,3053
66,3056
66,3077
66,3079
66,3085
66,3144
66,3189
66,3192
66,3230
66,3250
66,3274
66,3277
66,3305
66,3306
66,3314
66,3324
66,3341
66,3422
66,3455
66,3546
66,3555
66,3585
66,3670
66,3690
66,3756
66,3801
66,3818
66,3843
66,3846
66,3939
66,3948
66,3952
66,3995
66,4034
67,68
67,76
67,77
67,86
67,89
67,93
67,97
67,98
67,102
67,110
67,117
67,118
67,120
67,131
67,139
67,142
67,144
67,150
67,183
67,213
67,222
67,244
67,249
67,250
67,260
67,282
67,285
67,302
67,312
67,323
67,326
67,329
67,334
67,356
67,374
67,379
67,388
67,408
67,413
67,433
67,448
67,451
67,492
67,531
67,600
67,626
67,636
67,648
67,659
67,707
67,739
67,788
67,793
67,822
67,825
67,835
67,836
67,848
67,869
67,908
67,910
67,926
67,968
67,973
67,984
67,986
67,997
67,1000
67,1015
67,1023
67,1025
67,1034
67,1048
67,1079
67,1080
67,1095
67,1211
67,1316
67,1364
67,1383
67,1405
67,1421
67,1432
67,1435
67,1473
67,1478
67,1577
67,1590
67,1602
67,1634
67,1653
67,1733
67,1759
67,1777
67,1785
67,1838
67,1848
67,1867
67,1910
67,1922
67,1925
67,1954
67,1958
67,2006
67,2009
67,2013
67,2049
67,2059
67,2125
67,2201
67,2205
67,2302
67,2441
67,2486
67,2488
67,2489
67,2544
67,2637
67,2693
67,2741
67,2768
67,2802
67,2879
67,3008
67,3042
67,3043
67,3095
67,3113
67,3158
67,3207
67,3242
67,3249
67,3256
67,3275
67,3417
67,3530
67,3597
67,3622
67,3636
67,3697
67,3705
67,3739
67,3752
67,3801
67,3829
67,3860
67,3887
67,3926
67,3973
68,69
68,71
68,78
68,79
68,84
68,87
68,91
68,93
68,95
68,103
68,106
68,113
68,115
68,120
68,134
68,141
68,145
68,147
68,148
68,155
68,158
68,167
68,169
68,172
68,179
68,204
68,206
68,207
68,208
68,222
68,237
68,242
68,246
68,278
68,292
68,293
68,307
68,336
68,348
68,350
68,351
68,367
68,426
68,428
68,441
68,455
68,456
68,460
68,461
68,475
68,500
68,516
68,531
68,537
68,555
68,570
68,586
68,587
68,599
68,665
68,729
68,743
68,777
68,779
68,803
68,805
68,811
68,813
68,825
68,835
68,841
68,852
68,867
68,881
68,896
68,897
68,962
68,971
68,974
68,996
68,1003
68,1038
68,1058
68,1060
68,1065
68,1097
68,1100
68,1101
68,1113
68,1121
68,1128
68,1132
68,1160
68,1178
68,1183
68,1189
68,1238
68,1249
68,1314
68,1315
68,1353
68,1366
68,1374
68,1475
68,1512
68,1585
68,1598
68,1721
68,1742
68,1760
68,1763
68,1786
68,1805
68,1858
68,1876
68,1878
68,1903
68,1934
68,1938
68,1939
68,1943
68,1952
68,2024
68,2114
68,2119
68,2151
68,2223
68,2254
68,2265
68,2269
68,2286
68,2391
68,2413
68,2416
68,2421
68,2430
68,2443
68,2451
68,2491
68,2497
68,2532
68,2594
68,2708
68,2726
68,2736
68,2799
68,2841
68,2891
68,2971
68,3039
68,3040
68,3145
68,3148
68,3155
68,3183
68,3197
68,3201
68,3214
68,3219
68,3258
68,3275
68,3321
68,3343
68,3397
68,3435
68,3450
68,3453
68,3517
68,3524
68,3551
68,3580
68,3732
68,3754
68,3774
68,3780
68,3804
68,3842
68,3877
68,3919
68,3939
68,3944
68,3952
68,3955
68,3994
69,71
69,73
69,75
69,81
69,82
69,85
69,94
69,96
69,98
69,108
69,125
69,127
69,154
69,157
69,173
69,182
69,186
69,190
69,205
69,214
69,219
69,220
69,231
69,234
69,274
69,303
69,307
69,329
69,337
69,348
69,351
69,362
69,383
69,390
69,395
69,412
69,444
69,462
69,474
69,501
69,507
69,537
69,538
69,572
69,590
69,683
69,690
69,698
69,706
69,724
69,737
69,760
69,771
69,808
69,833
69,839
69,858
69,916
69,933
69,944
69,995
69,1002
69,1008
69,1031
69,1050
69,1101
69,1126
69,1184
69,1200
69,1263
69,1264
69,1300
69,1307
69,1359
69,1381
69,1411
69,1424
69,1437
69,1460
69,1581
69,1590
69,1677
69,1682
69,1767
69,1806
69,1872
69,1890
69,1937
69,1950
69,1951
69,1982
69,2016
69,2048
69,2101
69,2139
69,2166
69,2213
69,2223
69,2229
69,2250
69,2290
69,2403
69,2417
69,2420
69,2422
69,2441
69,2450
69,2475
69,2483
69,2539
69,2580
69,2691
69,2700
69,2722
69,2726
69,2740
69,2745
69,2758
69,2816
69,2851
69,2887
69,2992
69,3006
69,3056
69,3100
69,3136
69,3179
69,3211
69,3271
69,3299
69,3305
69,3313
69,3344
69,3363
69,3394
69,3398
69,3457
69,3464
69,3526
69,3530
69,3573
69,3585
69,3621
69,3710
69,3735
69,3849
69,3895
69,3897
69,3930
69,3972
69,4007
69,4019
69,4021
70,71
70,78
70,85
70,87
70,88
70,93
70,97
70,103
70,104
70,111
70,113
70,115
70,126
70,130
70,138
70,141
70,146
70,153
70,158
70,173
70,177
70,185
70,191
70,195
70,209
70,223
70,228
70,233
70,238
70,239
70,245
70,257
70,265
70,272
70,283
70,284
70,285
70,286
70,296
70,297
70,308
70,311
70,313
70,328
70,329
70,342
70,347
70,359
70,360
70,361
70,362
70,377
70,392
70,407
70,419
70,424
70,428
70,434
70,451
70,463
70,464
70,466
70,513
70,518
70,521
70,542
70,545
70,575
70,600
70,621
70,634
70,685
70,686
70,705
70,712
70,722
70,724
70,741
70,742
70,743
70,747
70,753
70,761
70,796
70,811
70,819
70,823
70,830
70,838
70,855
70,920
70,921
70,924
70,936
70,941
70,946
70,960
70,993
70,1045
70,1048
70,1062
70,1071
70,1081
70,1086
70,1089
70,1135
70,1139
70,1164
70,1173
70,1190
70,1194
70,1205
70,1235
70,1271
70,1283
70,1286
70,1289
70,1303
70,1313
70,1323
70,1330
70,1344
70,1345
70,1348
70,1392
70,1432
70,1435
70,1466
70,1468
70,1478
70,1510
70,1548
70,1550
70,1554
70,1596
70,1608
70,1650
70,1682
70,1757
70,1758
70,1790
70,1794
70,1799
70,1844
70,1877
70,1932
70,1942
70,1944
70,1955
70,1973
70,2010
70,2039
70,2044
70,2051
70,2071
70,2093
70,2119
70,2135
70,2155
70,2178
70,2232
70,2245
70,2247
70,2271
70,2275
70,2278
70,2305
70,2309
70,2324
70,2335
70,2350
70,2396
70,2443
70,2462
70,2490
70,2505
70,2508
70,2533
70,2561
70,2569
70,2579
70,2591
70,2677
70,2687
70,2715
70,2750
70,2777
70,2803
70,2811
70,2902
70,2905
70,2914
70,2939
70,2956
70,2963
70,2973
70,3011
70,3023
70,3065
70,3097
70,3162
70,3174
70,3234
70,3289
70,3311
70,3315
70,3405
70,3433
70,3435
70,3458
70,3569
70,3589
70,3619
70,3692
70,3715
70,3746
70,3771
70,3855
70,3881
70,3884
70,3919
70,3930
70,3960
70,4028
71,79
71,83
71,85
71,88
71,92
71,97
71,101
71,106
71,108
71,113
71,118
71,119
71,129
71,131
71,132
71,138
71,140
71,152
71,161
71,169
71,188
71,203
71,217
71,223
71,245
71,255
71,266
71,275
71,306
71,315
71,331
71,348
71,374
71,382
71,384
71,387
71,400
71,445
71,452
71,467
71,478
71,512
71,537
71,545
71,566
71,571
71,585
71,616
71,625
71,626
71,664
71,675
71,697
71,714
71,721
71,746
71,763
71,773
71,809
71,815
71,828
71,849
71,875
71,888
71,941
71,950
71,1005
71,1012
71,1027
71,1049
71,1061
71,1097
71,1120
71,1127
71,1137
71,1166
71,1197
71,1206
71,1235
71,1236
71,1255
71,1357
71,1371
71,1372
71,1379
71,1383
71,1417
71,1438
71,1442
71,1450
71,1465
71,1552
71,1563
71,1565
71,1577
71,1588
71,1595
71,1606
71,1639
71,1679
71,1731
71,1737
71,1811
71,1853
71,1882
71,1990
71,2039
71,2046
71,2053
71,2101
71,2112
71,2114
71,2137
71,2233
71,2281
71,2383
71,2455
71,2536
71,2537
71,2676
71,2732
71,2735
71,2757
71,2870
71,2895
71,2903
71,2921
71,2964
71,3000
71,3106
71,3119
71,3121
71,3166
71,3296
71,3299
71,3326
71,3330
71,3492
71,3532
71,3537
71,3607
71,3652
71,3703
71,3839
71,3842
71,3863
71,3901
71,3903
71,3934
71,4024
71,4033
72,73
72,74
72,80
72,88
72,89
72,93
72,97
72,98
72,101
72,111
72,117
72,125
72,141
72,142
72,146
72,179
72,180
72,189
72,200
72,201
72,211
72,213
72,240
72,241
72,274
72,279
72,294
72,321
72,340
72,346
72,353
72,372
72,381
72,428
72,431
72,447
72,467
72,468
72,473
72,506
72,518
72,543
72,570
72,576
72,603
72,605
72,631
72,650
72,655
72,674
72,694
72,722
72,737
72,906
72,907
72,950
72,999
72,1039
72,1068
72,1082
72,1161
72,1164
72,1212
72,1234
72,1243
72,1250
72,1261
72,1267
72,1273
72,1283
72,1339
72,1351
72,1356
72,1473
72,1521
72,1626
72,1643
72,1687
72,1746
72,1755
72,1787
72,1858
72,1870
72,1894
72,1928
72,2007
72,2052
72,2078
72,2125
72,2137
72,2148
72,2265
72,2293
72,2296
72,2304
72,2316
72,2366
72,2393
72,2394
72,2474
72,2481
72,2506
72,2524
72,2568
72,2591
72,2598
72,2599
72,2613
72,2658
72,2726
72,2738
72,2741
72,2792
72,2843
72,2883
72,2886
72,2902
72,2909
72,2918
72,2935
72,3008
72,3034
72,3083
72,3105
72,3207
72,3214
72,3349
72,3434
72,3456
72,3461
72,3631
72,3686
72,3803
72,3878
72,4026
73,77
73,83
73,84
73,89
73,103
73,104
73,105
73,107
73,109
73,117
73,126
73,131
73,132
73,136
73,139
73,148
73,173
73,184
73,193
73,208
73,209
73,215
73,219
73,223
73,230
73,252
73,254
73,264
73,290
73,293
73,315
73,325
73,328
73,336
73,339
73,347
73,372
73,378
73,379
73,388
73,392
73,395
73,408
73,409
73,442
73,460
73,466
73,495
73,501
73,514
73,517
73,522
73,542
73,547
73,553
73,604
73,614
73,620
73,650
73,660
73,701
73,705
73,713
73,736
73,739
73,749
73,767
73,826
73,834
73,843
73,857
73,864
73,882
73,972
73,974
73,981
73,982
73,989
73,1019
73,1025
73,1026
73,1037
73,1041
73,1134
73,1140
73,1141
73,1177
73,1205
73,1284
73,1287
73,1300
73,1321
73,1343
73,1363
73,1370
73,1380
73,1382
73,1428
73,1524
73,1563
73,1583
73,1600
73,1623
73,1631
73,1641
73,1703
73,1704
73,1726
73,1762
73,1785
73,1792
73,1809
73,1850
73,1923
73,1994
73,2014
73,2027
73,2031
73,2053
73,2064
73,2086
73,2092
73,2128
73,2144
73,2161
73,2182
73,2191
73,2199
73,2244
73,2272
73,2284
73,2307
73,2368
73,2434
73,2501
73,2601
73,2672
73,2688
73,2760
73,2777
73,2799
73,2854
73,3006
73,3049
73,3232
73,3269
73,3275
73,3435
73,3486
73,3548
73,3650
73,3700
73,3809
73,3874
73,3973
73,3974
74,75
74,92
74,94
74,97
74,114
74,132
74,143
74,173
74,174
74,185
74,213
74,246
74,255
74,260
74,269
74,284
74,296
74,312
74,314
74,315
74,320
74,339
74,344
74,367
74,369
74,380
74,390
74,396
74,413
74,415
74,416
74,451
74,455
74,467
74,470
74,474
74,476
74,478
74,508
74,518
74,544
74,547
74,550
74,551
74,566
74,570
74,571
74,575
74,578
74,602
74,627
74,654
74,656
74,676
74,686
74,687
74,722
74,726
74,734
74,745
74,763
74,773
74,796
74,798
74,807
74,813
74,873
74,916
74,971
74,987
74,995
74,1030
74,1067
74,1076
74,1103
74,1111
74,1138
74,1164
74,1177
74,1184
74,1195
74,1203
74,1205
74,1214
74,1276
74,1310
74,1328
74,1335
74,1336
74,1421
74,1476
74,1505
74,1549
74,1585
74,1593
74,1620
74,1645
74,1646
74,1652
74,1661
74,1676
74,1703
74,1708
74,1720
74,1722
74,1797
74,1948
74,1982
74,2002
74,2042
74,2056
74,2076
74,2081
74,2107
74,2124
74,2146
74,2169
74,2176
74,2177
74,2199
74,2205
74,2237
74,2252
74,2258
74,2330
74,2343
74,2421
74,2427
74,2442
74,2469
74,2472
74,2483
74,2534
74,2536
74,2538
74,2572
74,2575
74,2597
74,2659
74,2696
74,2702
74,2730
74,2779
74,2811
74,2846
74,2890
74,2948
74,2958
74,2966
74,3057
74,3075
74,3076
74,3102
74,3114
74,3178
74,3215
74,3246
74,3336
74,3347
74,3349
74,3418
74,3426
74,3454
74,3456
74,3462
74,3463
74,3477
74,3578
74,3584
74,3618
74,3627
74,3672
74,3690
74,3716
74,3787
74,3810
74,3865
74,3928
74,3943
74,3974
75,78
75,80
75,81
75,82
75,86
75,99
75,103
75,109
75,115
75,127
75,129
75,131
75,147
75,157
75,165
75,189
75,205
75,213
75,236
75,262
75,271
75,286
75,293
75,294
75,295
75,306
75,318
75,320
75,345
75,375
75,376
75,377
75,391
75,456
75,484
75,501
75,510
75,554
75,574
75,590
75,603
75,615
75,630
75,646
75,697
75,744
75,753
75,764
75,776
75,777
75,794
75,818
75,832
75,841
75,902
75,937
75,939
75,943
75,966
75,1016
75,1021
75,1039
75,1048
75,1064
75,1071
75,1146
75,1148
75,1258
75,1267
75,1296
75,1309
75,1313
75,1358
75,1360
75,1378
75,1386
75,1411
75,1442
75,1452
75,1461
75,1477
75,1502
75,1660
75,1704
75,1713
75,1791
75,1823
75,1830
75,1845
75,1890
75,1943
75,2008
75,2010
75,2016
75,2032
75,2047
75,2100
75,2116
75,2165
75,2193
75,2255
75,2322
75,2339
75,2342
75,2352
75,2390
75,2459
75,2460
75,2469
75,2476
75,2513
75,2522
75,2562
75,2611
75,2636
75,2657
75,2674
75,2742
75,2759
75,2773
75,2774
75,2887
75,2919
75,2922
75,2923
75,3032
75,3152
75,3186
75,3222
75,3223
75,3259
75,3287
75,3364
75,3394
75,3396
75,3421
75,3449
75,3454
75,3511
75,3513
75,3586
75,3634
75,3672
75,3691
75,3748
75,3816
75,3821
75,3854
75,3856
75,3879
75,3941
75,3961
75,3989
75,3995
75,4030
76,78
76,90
76,104
76,107
76,118
76,135
76,137
76,140
76,144
76,150
76,156
76,158
76,161
76,165
76,176
76,177
76,183
76,185
76,196
76,200
76,203
76,204
76,207
76,220
76,221
76,244
76,249
76,259
76,263
76,277
76,291
76,301
76,309
76,333
76,335
76,347
76,354
76,357
76,359
76,382
76,406
76,414
76,432
76,446
76,456
76,467
76,482
76,492
76,502
76,509
76,534
76,535
76,547
76,551
76,552
76,595
76,597
76,600
76,640
76,644
76,665
76,672
76,698
76,736
76,753
76,797
76,810
76,840
76,845
76,850
76,864
76,872
76,968
76,969
76,974
76,988
76,996
76,1012
76,1076
76,1101
76,1108
76,1110
76,1134
76,1138
76,1174
76,1187
76,1189
76,1205
76,1269
76,1287
76,1313
76,1342
76,1373
76,1388
76,1414
76,1436
76,1450
76,1455
76,1561
76,1621
76,1649
76,1683
76,1691
76,1734
76,1750
76,1855
76,1965
76,2014
76,2018
76,2042
76,2084
76,2154
76,2162
76,2180
76,2214
76,2217
76,2225
76,2244
76,2257
76,2267
76,2271
76,2293
76,2312
76,2331
76,2334
76,2363
76,2366
76,2378
76,2414
76,2439
76,2529
76,2541
76,2558
76,2566
76,2598
76,2603
76,2620
76,2670
76,2722
76,2759
76,2789
76,2794
76,2827
76,2851
76,2858
76,2903
76,2909
76,2987
76,3022
76,3047
76,3054
76,3070
76,3081
76,3146
76,3171
76,3191
76,3237
76,3276
76,3309
76,3336
76,3347
76,3425
76,3436
76,3565
76,3570
76,3674
76,3676
76,3765
76,3848
76,3866
76,3867
76,4014
76,4032
77,83
77,86
77,102
77,103
77,116
77,120
77,121
77,124
77,129
77,135
77,147
77,163
77,166
77,167
77,173
77,174
77,175
77,177
77,181
77,185
77,193
77,200
77,201
77,220
77,222
77,234
77,235
77,256
77,271
77,280
77,283
77,289
77,291
77,318
77,336
77,365
77,371
77,384
77,431
77,442
77,447
77,460
77,461
77,484
77,494
77,496
77,508
77,517
77,527
77,540
77,544
77,546
77,577
77,580
77,582
77,589
77,604
77,643
77,644
77,649
77,653
77,687
77,702
77,717
77,721
77,722
77,735
77,750
77,765
77,773
77,809
77,821
77,833
77,837
77,839
77,843
77,876
77,880
77,891
77,899
77,903
77,907
77,916
77,935
77,945
77,990
77,996
77,1016
77,1057
77,1061
77,1063
77,1102
77,1106
77,1111
77,1127
77,1128
77,1173
77,1175
77,1224
77,1284
77,1307
77,1321
77,1330
77,1348
77,1374
77,1380
77,1402
77,1415
77,1477
77,1478
77,1492
77,1552
77,1581
77,1590
77,1615
77,1619
77,1624
77,1631
77,1635
77,1640
77,1690
77,1708
77,1776
77,1837
77,1868
77,1885
77,1907
77,1917
77,1927
77,1932
77,1934
77,1942
77,1995
77,1998
77,2011
77,2016
77,2019
77,2031
77,2077
77,2085
77,2115
77,2191
77,2304
77,2307
77,2334
77,2355
77,2450
77,2527
77,2549
77,2556
77,2615
77,2633
77,2678
77,2721
77,2734
77,2751
77,2798
77,2836
77,2898
77,2951
77,3000
77,3222
77,3298
77,3299
77,3317
77,3462
77,3534
77,3550
77,3584
77,3586
77,3588
77,3635
77,3646
77,3724
77,3742
77,3746
77,3747
77,3763
77,3833
77,3911
77,3932
77,3985
78,84
78,87
78,89
78,94
78,104
78,106
78,107
78,116
78,120
78,127
78,134
78,136
78,137
78,143
78,147
78,171
78,172
78,176
78,179
78,181
78,195
78,196
78,215
78,216
78,228
78,242
78,263
78,265
78,286
78,332
78,358
78,386
78,390
78,396
78,399
78,407
78,420
78,424
78,438
78,445
78,488
78,505
78,506
78,526
78,534
78,565
78,582
78,596
78,616
78,623
78,630
78,634
78,638
78,657
78,704
78,715
78,736
78,774
78,858
78,861
78,885
78,893
78,909
78,931
78,949
78,984
78,1016
78,1041
78,1053
78,1069
78,1082
78,1095
78,1121
78,1144
78,1146
78,1177
78,1179
78,1214
78,1220
78,1276
78,1285
78,1306
78,1314
78,1373
78,1404
78,1431
78,1473
78,1506
78,1559
78,1637
78,1654
78,1704
78,1705
78,1799
78,1827
78,1915
78,1971
78,2013
78,2185
78,2235
78,2270
78,2313
78,2370
78,2432
78,2445
78,2456
78,2482
78,2493
78,2560
78,2576
78,2588
78,2688
78,2722
78,2880
78,2941
78,2946
78,2955
78,3053
78,3062
78,3249
78,3259
78,3303
78,3309
78,3326
78,3331
78,3333
78,3375
78,3410
78,3422
78,3538
78,3545
78,3581
78,3678
78,3740
78,3749
78,3781
78,3783
78,3867
78,3879
78,3906
78,3907
79,80
79,87
79,102
79,109
79,112
79,113
79,114
79,117
79,121
79,139
79,140
79,141
79,143
79,149
79,152
79,153
79,156
79,165
79,167
79,168
79,201
79,224
79,229
79,238
79,240
79,246
79,248
79,250
79,254
79,269
79,279
79,312
79,326
79,346
79,362
79,378
79,416
79,422
79,429
79,432
79,441
79,447
79,479
79,480
79,501
79,513
79,524
79,533
79,537
79,563
79,564
79,592
79,594
79,597
79,600
79,603
79,611
79,612
79,622
79,625
79,627
79,629
79,650
79,703
79,720
79,729
79,732
79,771
79,799
79,805
79,808
79,822
79,843
79,845
79,851
79,872
79,879
79,900
79,918
79,924
79,940
79,942
79,943
79,984
79,987
79,994
79,997
79,1027
79,1032
79,1040
79,1071
79,1098
79,1103
79,1123
79,1131
79,1189
79,1219
79,1239
79,1270
79,1334
79,1353
79,1356
79,1358
79,1396
79,1407
79,1436
79,1451
79,1527
79,1598
79,1603
79,1622
79,1628
79,1669
79,1709
79,1745
79,1825
79,1904
79,1945
79,2060
79,2083
79,2148
79,2189
79,2193
79,2208
79,2218
79,2234
79,2261
79,2308
79,2327
79,2341
79,2357
79,2420
79,2446
79,2458
79,2482
79,2492
79,2528
79,2544
79,2547
79,2625
79,2632
79,2646
79,2722
79,2845
79,2846
79,2895
79,2927
79,2964
79,2993
79,3025
79,3095
79,3129
79,3141
79,3165
79,3207
79,3270
79,3287
79,3514
79,3528
79,3672
79,3697
79,3811
79,3819
79,3840
79,3891
79,3938
79,3941
79,3955
79,3969
79,3972
80,86
80,87
80,96
80,112
80,116
80,118
80,123
80,128
80,136
80,137
80,146
80,162
80,166
80,178
80,191
80,194
80,215
80,220
80,227
80,246
80,248
80,252
80,264
80,283
80,315
80,319
80,382
80,398
80,406
80,449
80,455
80,491
80,498
80,510
80,516
80,532
80,550
80,577
80,579
80,588
80,605
80,647
80,658
80,663
80,680
80,734
80,746
80,750
80,774
80,776
80,791
80,807
80,811
80,838
80,844
80,861
80,875
80,892
80,894
80,906
80,912
80,919
80,978
80,993
80,1014
80,1023
80,1044
80,1134
80,1161
80,1165
80,1185
80,1199
80,1217
80,1222
80,1285
80,1397
80,1457
80,1465
80,1482
80,1498
80,1499
80,1570
80,1592
80,1598
80,1613
80,1621
80,1636
80,1637
80,1638
80,1684
80,1713
80,1735
80,1739
80,1750
80,1787
80,1799
80,1859
80,1918
80,1923
80,1949
80,1973
80,1986
80,2037
80,2142
80,2169
80,2181
80,2203
80,2215
80,2388
80,2401
80,2448
80,2485
80,2528
80,2539
80,2548
80,2627
80,2690
80,2709
80,2728
80,2816
80,2880
80,2881
80,2996
80,3068
80,3101
80,3111
80,3135
80,3262
80,3307
80,3354
80,3412
80,3455
80,3483
80,3539
80,3638
80,3669
80,3761
80,3849
80,3917
80,3947
80,4014
81,88
81,93
81,100
81,104
81,110
81,111
81,120
81,121
81,127
81,131
81,133
81,142
81,151
81,164
81,168
81,170
81,174
81,180
81,193
81,200
81,213
81,220
81,223
81,226
81,233
81,247
81,265
81,271
81,333
81,351
81,371
81,374
81,379
81,380
81,385
81,420
81,442
81,450
81,454
81,455
81,459
81,498
81,513
81,530
81,537
81,568
81,624
81,647
81,653
81,654
81,668
81,793
81,813
81,815
81,851
81,857
81,870
81,872
81,894
81,895
81,966
81,1005
81,1029
81,1063
81,1069
81,1095
81,1143
81,1248
81,1269
81,1304
81,1309
81,1373
81,1375
81,1380
81,1415
81,1439
81,1458
81,1468
81,1510
81,1527
81,1551
81,1582
81,1583
81,1590
81,1691
81,1736
81,1758
81,1786
81,1815
81,1875
81,1876
81,1930
81,1955
81,2034
81,2093
81,2109
81,2120
81,2151
81,2181
81,2219
81,2248
81,2268
81,2299
81,2316
81,2321
81,2346
81,2361
81,2367
81,2387
81,2389
81,2414
81,2430
81,2436
81,2459
81,2518
81,2682
81,2697
81,2753
81,2838
81,2872
81,2891
81,2929
81,2935
81,2984
81,2988
81,3069
81,3101
81,3130
81,3180
81,3196
81,3215
81,3254
81,3350
81,3398
81,3403
81,3415
81,3465
81,3530
81,3537
81,3567
81,3570
81,3643
81,3738
81,3754
81,3764
81,3773
81,3828
81,3836
81,3838
81,3841
81,3858
81,3961
81,3968
81,3980
81,4014
82,83
82,91
82,92
82,95
82,100
82,110
82,114
82,117
82,119
82,121
82,126
82,132
82,139
82,140
82,143
82,146
82,152
82,153
82,155
82,157
82,165
82,173
82,180
82,196
82,203
82,214
82,234
82,237
82,241
82,266
82,288
82,334
82,339
82,343
82,344
82,346
82,356
82,365
82,369
82,371
82,392
82,396
82,399
82,420
82,426
82,435
82,444
82,452
82,454
82,460
82,464
82,507
82,510
82,516
82,519
82,522
82,531
82,581
82,591
82,597
82,622
82,638
82,656
82,664
82,673
82,707
82,717
82,748
82,800
82,807
82,854
82,874
82,878
82,902
82,905
82,915
82,934
82,943
82,960
82,1006
82,1019
82,1023
82,1033
82,1041
82,1073
82,1075
82,1096
82,1110
82,1113
82,1145
82,1154
82,1158
82,1161
82,1206
82,1301
82,1329
82,1378
82,1385
82,1414
82,1474
82,1487
82,1529
82,1530
82,1534
82,1555
82,1596
82,1606
82,1702
82,1714
82,1788
82,1821
82,1853
82,1909
82,1917
82,2017
82,2035
82,2043
82,2045
82,2062
82,2082
82,2105
82,2115
82,2131
82,2138
82,2158
82,2179
82,2188
82,2250
82,2255
82,2292
82,2302
82,2309
82,2374
82,2394
82,2397
82,2408
82,2423
82,2490
82,2523
82,2579
82,2612
82,2669
82,2708
82,2748
82,2795
82,2853
82,2898
82,3163
82,3164
82,3278
82,3306
82,3309
82,3317
82,3353
82,3354
82,3362
82,3410
82,3429
82,3482
82,3542
82,3639
82,3673
82,3772
83,88
83,96
83,100
83,112
83,116
83,120
83,123
83,125
83,149
83,151
83,154
83,156
83,159
83,160
83,167
83,175
83,177
83,178
83,186
83,193
83,195
83,208
83,217
83,219
83,221
83,224
83,228
83,230
83,235
83,246
83,252
83,254
83,261
83,269
83,280
83,322
83,333
83,351
83,374
83,389
83,396
83,417
83,437
83,456
83,473
83,490
83,498
83,499
83,533
83,543
83,546
83,608
83,623
83,635
83,641
83,647
83,651
83,663
83,696
83,718
83,721
83,727
83,751
83,757
83,762
83,765
83,767
83,805
83,814
83,829
83,841
83,847
83,867
83,876
83,886
83,913
83,919
83,932
83,957
83,981
83,997
83,1016
83,1017
83,1022
83,1046
83,1114
83,1167
83,1183
83,1204
83,1215
83,1231
83,1248
83,1286
83,1302
83,1367
83,1374
83,1375
83,1387
83,1397
83,1413
83,1441
83,1479
83,1490
83,1556
83,1582
83,1686
83,1723
83,1729
83,1779
83,1812
83,1815
83,1844
83,1845
83,1877
83,1930
83,1951
83,2062
83,2068
83,2117
83,2218
83,2232
83,2254
83,2274
83,2276
83,2297
83,2339
83,2345
83,2371
83,2444
83,2462
83,2486
83,2494
83,2544
83,2556
83,2588
83,2593
83,2604
83,2628
83,2630
83,2641
83,2665
83,2703
83,2781
83,2800
83,2825
83,2877
83,2889
83,2953
83,2971
83,2991
83,3001
83,3047
83,3079
83,3107
83,3118
83,3137
83,3139
83,3140
83,3166
83,3178
83,3215
83,3315
83,3352
83,3358
83,3370
83,3410
83,3543
83,3632
83,3636
83,3702
83,3727
83,3770
83,3772
83,3780
83,3830
83,3930
83,3953
83,3989
83,3992
83,3995
83,4009
83,4037
83,4038
84,86
84,88
84,89
84,94
84,95
84,98
84,101
84,102
84,103
84,106
84,107
84,111
84,113
84,125
84,132
84,133
84,139
84,144
84,145
84,155
84,157
84,159
84,161
84,167
84,170
84,173
84,181
84,191
84,197
84,206
84,215
84,230
84,298
84,306
84,308
84,314
84,325
84,356
84,380
84,384
84,394
84,398
84,402
84,408
84,409
84,429
84,436
84,471
84,483
84,494
84,498
84,507
84,518
84,533
84,544
84,549
84,555
84,585
84,590
84,636
84,645
84,656
84,706
84,758
84,768
84,793
84,802
84,827
84,842
84,850
84,851
84,853
84,857
84,878
84,887
84,946
84,987
84,1034
84,1035
84,1060
84,1070
84,1077
84,1079
84,1098
84,1105
84,1111
84,1117
84,1122
84,1124
84,1196
84,1256
84,1283
84,1326
84,1345
84,1360
84,1403
84,1405
84,1426
84,1433
84,1460
84,1477
84,1517
84,1542
84,1546
84,1570
84,1590
84,1597
84,1627
84,1662
84,1673
84,1712
84,1721
84,1734
84,1764
84,1778
84,1842
84,1855
84,1859
84,1862
84,1870
84,1903
84,1910
84,1936
84,1950
84,1960
84,1983
84,2047
84,2083
84,2091
84,2092
84,2131
84,2189
84,2245
84,2252
84,2286
84,2334
84,2349
84,2353
84,2367
84,2434
84,2446
84,2463
84,2469
84,2505
84,2562
84,2614
84,2626
84,2650
84,2694
84,2715
84,2725
84,2873
84,3018
84,3052
84,3062
84,3104
84,3198
84,3238
84,3263
84,3299
84,3311
84,3322
84,3328
84,3397
84,3464
84,3485
84,3552
84,3566
84,3572
84,3590
84,3601
84,3621
84,3715
84,3717
84,3718
84,3722
84,3860
84,3866
84,3893
84,3933
84,3934
84,3956
84,3958
84,3965
84,4019
85,95
85,100
85,110
85,114
85,124
85,125
85,133
85,134
85,140
85,158
85,163
85,175
85,178
85,181
85,185
85,188
85,196
85,200
85,220
85,221
85,232
85,238
85,247
85,271
85,278
85,279
85,284
85,287
85,293
85,313
85,317
85,322
85,332
85,338
85,347
85,352
85,354
85,374
85,379
85,427
85,440
85,461
85,475
85,494
85,520
85,541
85,561
85,588
85,686
85,757
85,783
85,801
85,812
85,815
85,886
85,919
85,1058
85,1078
85,1123
85,1128
85,1220
85,1226
85,1231
85,1318
85,1345
85,1351
85,1375
85,1382
85,1408
85,1429
85,1457
85,1477
85,1483
85,1497
85,1504
85,1539
85,1550
85,1572
85,1640
85,1663
85,1747
85,1757
85,1761
85,1765
85,1806
85,1825
85,1849
85,1889
85,1919
85,1970
85,1978
85,1984
85,1990
85,2043
85,2102
85,2104
85,2130
85,2137
85,2150
85,2155
85,2295
85,2388
85,2432
85,2461
85,2519
85,2537
85,2551
85,2621
85,2630
85,2670
85,2684
85,2736
85,2780
85,2846
85,2893
85,2901
85,3069
85,3078
85,3087
85,3105
85,3114
85,3147
85,3173
85,3253
85,3261
85,3293
85,3392
85,3421
85,3432
85,3460
85,3496
85,3600
85,3606
85,3613
85,3633
85,3638
85,3653
85,3696
85,3708
85,3733
85,3758
85,3977
86,88
86,90
86,104
86,107
86,113
86,114
86,124
86,126
86,130
86,140
86,141
86,156
86,160
86,172
86,191
86,206
86,209
86,218
86,230
86,235
86,237
86,242
86,280
86,293
86,298
86,314
86,316
86,338
86,346
86,369
86,382
86,417
86,443
86,447
86,465
86,482
86,488
86,494
86,499
86,508
86,512
86,517
86,539
86,544
86,563
86,568
86,593
86,600
86,605
86,665
86,678
86,719
86,752
86,780
86,790
86,812
86,832
86,834
86,838
86,854
86,867
86,871
86,922
86,928
86,931
86,959
86,973
86,993
86,1047
86,1057
86,1079
86,1085
86,1090
86,1111
86,1124
86,1146
86,1148
86,1225
86,1237
86,1255
86,1266
86,1277
86,1311
86,1328
86,1403
86,1434
86,1437
86,1456
86,1459
86,1466
86,1500
86,1548
86,1554
86,1608
86,1609
86,1636
86,1644
86,1660
86,1666
86,1671
86,1719
86,1721
86,1745
86,1760
86,1770
86,1809
86,1813
86,1843
86,1852
86,1874
86,1900
86,1911
86,1937
86,1938
86,1943
86,1979
86,1987
86,1995
86,2028
86,2058
86,2122
86,2146
86,2158
86,2171
86,2237
86,2271
86,2333
86,2371
86,2393
86,2411
86,2417
86,2436
86,2444
86,2460
86,2593
86,2642
86,2694
86,2722
86,2762
86,2792
86,2857
86,2908
86,2940
86,2956
86,2990
86,3001
86,3043
86,3044
86,3153
86,3173
86,3176
86,3187
86,3240
86,3269
86,3320
86,3353
86,3439
86,3499
86,3577
86,3594
86,3599
86,3690
86,3738
86,3776
86,3794
86,3836
86,3840
86,3850
86,3957
86,3960
86,3987
87,88
87,89
87,90
87,97
87,101
87,105
87,108
87,112
87,119
87,126
87,149
87,185
87,187
87,191
87,202
87,233
87,234
87,239
87,254
87,267
87,290
87,310
87,313
87,318
87,321
87,325
87,348
87,360
87,372
87,416
87,434
87,468
87,479
87,486
87,505
87,536
87,544
87,550
87,552
87,556
87,563
87,564
87,625
87,638
87,663
87,694
87,696
87,726
87,760
87,799
87,800
87,833
87,840
87,858
87,865
87,871
87,874
87,900
87,940
87,954
87,978
87,980
87,1004
87,1006
87,1029
87,1044
87,1053
87,1081
87,1154
87,1173
87,1176
87,1203
87,1268
87,1278
87,1286
87,1328
87,1343
87,1417
87,1445
87,1450
87,1533
87,1548
87,1630
87,1647
87,1737
87,1744
87,1748
87,1751
87,1759
87,1851
87,1870
87,1922
87,1923
87,1948
87,1951
87,1970
87,1974
87,2045
87,2050
87,2168
87,2210
87,2272
87,2300
87,2367
87,2374
87,2447
87,2452
87,2494
87,2496
87,2524
87,2526
87,2540
87,2630
87,2643
87,2712
87,2715
87,2764
87,2780
87,2812
87,2840
87,3052
87,3081
87,3188
87,3211
87,3301
87,3322
87,3329
87,3374
87,3382
87,3446
87,3550
87,3574
87,3684
87,3729
87,3730
87,3862
87,3969
87,4019
87,4027
88,91
88,93
88,98
88,101
88,110
88,116
88,122
88,128
88,130
88,132
88,147
88,148
88,149
88,151
88,152
88,153
88,163
88,175
88,181
88,185
88,188
88,190
88,191
88,204
88,209
88,217
88,219
88,224
88,225
88,226
88,232
88,233
88,247
88,249
88,251
88,262
88,267
88,268
88,269
88,270
88,271
88,276
88,284
88,285
88,286
88,294
88,295
88,303
88,315
88,317
88,330
88,335
88,342
88,350
88,353
88,355
88,358
88,363
88,371
88,390
88,401
88,408
88,415
88,418
88,421
88,427
88,431
88,455
88,466
88,473
88,476
88,484
88,526
88,527
88,553
88,568
88,569
88,604
88,608
88,626
88,630
88,634
88,655
88,660
88,664
88,675
88,685
88,709
88,735
88,755
88,795
88,802
88,814
88,824
88,830
88,838
88,856
88,908
88,952
88,954
88,964
88,979
88,1017
88,1039
88,1060
88,1102
88,1128
88,1129
88,1130
88,1153
88,1156
88,1190
88,1199
88,1249
88,1257
88,1263
88,1340
88,1342
88,1346
88,1364
88,1388
88,1400
88,1414
88,1428
88,1458
88,1472
88,1486
88,1505
88,1510
88,1515
88,1535
88,1538
88,1570
88,1583
88,1588
88,1598
88,1602
88,1614
88,1616
88,1654
88,1656
88,1678
88,1770
88,1791
88,1795
88,1799
88,1848
88,1849
88,1896
88,1899
88,1941
88,1952
88,1971
88,1992
88,2033
88,2058
88,2086
88,2134
88,2147
88,2166
88,2190
88,2217
88,2229
88,2234
88,2242
88,2253
88,2276
88,2293
88,2309
88,2317
88,2346
88,2353
88,2404
88,2432
88,2464
88,2470
88,2512
88,2513
88,2600
88,2629
88,2635
88,2667
88,2706
88,2731
88,2784
88,2786
88,2787
88,2807
88,2830
88,2833
88,2894
88,2949
88,2991
88,3033
88,3052
88,3129
88,3135
88,3157
88,3158
88,3186
88,3205
88,3337
88,3394
88,3398
88,3411
88,3507
88,3511
88,3537
88,3539
88,3540
88,3587
88,3593
88,3608
88,3618
88,3627
88,3749
88,3752
88,3753
88,3757
88,3759
88,3817
88,3842
88,3872
88,3896
88,3970
88,3994
88,4006
89,100
89,121
89,142
89,154
89,174
89,182
89,195
89,196
89,211
89,214
89,221
89,241
89,243
89,333
89,340
89,383
89,387
89,417
89,444
89,491
89,549
89,575
89,608
89,642
89,666
89,669
89,678
89,691
89,704
89,747
89,754
89,834
89,865
89,868
89,897
89,907
89,950
89,977
89,990
89,996
89,1000
89,1003
89,1015
89,1033
89,1037
89,1054
89,1083
89,1090
89,1114
89,1119
89,1174
89,1186
89,1222
89,1258
89,1295
89,1315
89,1323
89,1370
89,1394
89,1456
89,1556
89,1668
89,1694
89,1751
89,1810
89,1870
89,1893
89,1927
89,1955
89,1957
89,1960
89,2037
89,2138
89,2141
89,2170
89,2230
89,2231
89,2309
89,2374
89,2418
89,2590
89,2610
89,2673
89,2706
89,2720
89,2731
89,2739
89,2742
89,2753
89,2775
89,2787
89,2814
89,2852
89,2975
89,3040
89,3043
89,3136
89,3180
89,3234
89,3260
89,3328
89,3416
89,3455
89,3487
89,3559
89,3608
89,3626
89,3742
89,3859
89,3864
89,3887
89,3934
89,3993
89,4016
90,92
90,93
90,102
90,110
90,128
90,132
90,136
90,143
90,144
90,162
90,169
90,210
90,214
90,229
90,248
90,264
90,265
90,266
90,273
90,281
90,305
90,313
90,317
90,319
90,321
90,325
90,334
90,349
90,350
90,352
90,361
90,396
90,409
90,412
90,413
90,419
90,435
90,443
90,459
90,464
90,495
90,520
90,523
90,581
90,595
90,628
90,629
90,640
90,670
90,680
90,692
90,697
90,702
90,710
90,720
90,721
90,724
90,726
90,741
90,752
90,764
90,777
90,782
90,791
90,801
90,807
90,871
90,882
90,889
90,895
90,897
90,900
90,938
90,974
90,983
90,1059
90,1085
90,1115
90,1162
90,1192
90,1206
90,1226
90,1254
90,1262
90,1307
90,1319
90,1325
90,1328
90,1343
90,1379
90,1395
90,1427
90,1430
90,1499
90,1513
90,1516
90,1518
90,1521
90,1527
90,1550
90,1566
90,1567
90,1571
90,1574
90,1577
90,1578
90,1583
90,1598
90,1622
90,1811
90,1834
90,1837
90,1944
90,1978
90,2024
90,2029
90,2054
90,2109
90,2148
90,2158
90,2159
90,2202
90,2222
90,2228
90,2234
90,2239
90,2290
90,2295
90,2309
90,2372
90,2391
90,2406
90,2454
90,2480
90,2487
90,2521
90,2523
90,2567
90,2602
90,2610
90,2613
90,2643
90,2678
90,2680
90,2698
90,2765
90,2809
90,2837
90,2882
90,2904
90,2941
90,2942
90,3052
90,3084
90,3137
90,3237
90,3307
90,3351
90,3438
90,3458
90,3470
90,3510
90,3549
90,3595
90,3606
90,3612
90,3627
90,3637
90,3642
90,3719
90,3895
90,3913
90,3922
90,3986
90,4008
90,4034
91,92
91,94
91,96
91,107
91,117
91,123
91,127
91,131
91,154
91,158
91,159
91,168
91,173
91,182
91,187
91,193
91,197
91,220
91,232
91,238
91,242
91,248
91,250
91,254
91,259
91,265
91,269
91,272
91,278
91,280
91,284
91,285
91,300
91,329
91,388
91,446
91,483
91,500
91,508
91,520
91,539
91,554
91,559
91,586
91,626
91,667
91,672
91,678
91,721
91,736
91,744
91,774
91,810
91,831
91,833
91,876
91,879
91,892
91,902
91,914
91,952
91,964
91,1038
91,1042
91,1063
91,1064
91,1066
91,1120
91,1183
91,1217
91,1224
91,1239
91,1249
91,1275
91,1302
91,1306
91,1335
91,1411
91,1419
91,1486
91,1499
91,1501
91,1504
91,1554
91,1705
91,1731
91,1766
91,1829
91,1989
91,2053
91,2107
91,2147
91,2180
91,2264
91,2291
91,2396
91,2425
91,2435
91,2444
91,2471
91,2590
91,2593
91,2596
91,2613
91,2640
91,2684
91,2754
91,2938
91,2992
91,3036
91,3054
91,3060
91,3104
91,3114
91,3122
91,3129
91,3258
91,3273
91,3348
91,3355
91,3359
91,3465
91,3540
91,3557
91,3560
91,3592
91,3763
91,3917
91,3935
91,3937
91,3956
91,3965
92,96
92,97
92,107
92,108
92,115
92,117
92,118
92,119
92,120
92,158
92,183
92,190
92,203
92,230
92,234
92,247
92,248
92,250
92,251
92,258
92,266
92,267
92,268
92,281
92,298
92,307
92,309
92,310
92,320
92,385
92,386
92,389
92,396
92,402
92,409
92,451
92,459
92,467
92,505
92,542
92,554
92,565
92,584
92,594
92,602
92,626
92,633
92,676
92,712
92,729
92,758
92,779
92,832
92,890
92,892
92,944
92,965
92,973
92,981
92,998
92,1033
92,1071
92,1102
92,1112
92,1145
92,1205
92,1207
92,1214
92,1259
92,1301
92,1317
92,1373
92,1395
92,1412
92,1433
92,1492
92,1581
92,1587
92,1621
92,1648
92,1650
92,1705
92,1724
92,1882
92,1907
92,1928
92,1947
92,1955
92,1978
92,1986
92,2005
92,2016
92,2026
92,2055
92,2088
92,2117
92,2125
92,2129
92,2154
92,2172
92,2351
92,2359
92,2459
92,2495
92,2512
92,2548
92,2681
92,2688
92,2720
92,2736
92,2769
92,2782
92,2791
92,2819
92,2827
92,2835
92,2870
92,2893
92,2916
92,2923
92,2934
92,2963
92,3096
92,3288
92,3401
92,3426
92,3522
92,3584
92,3614
92,3629
92,3658
92,3686
92,3731
92,3840
92,3847
92,3867
92,3878
92,4003
93,96
93,99
93,103
93,119
93,137
93,142
93,157
93,170
93,189
93,192
93,200
93,202
93,210
93,217
93,243
93,246
93,251
93,257
93,266
93,278
93,281
93,283
93,304
93,305
93,310
93,315
93,318
93,320
93,350
93,359
93,397
93,428
93,449
93,465
93,472
93,554
93,555
93,561
93,562
93,567
93,572
93,574
93,579
93,601
93,610
93,638
93,679
93,683
93,695
93,708
93,711
93,716
93,737
93,741
93,778
93,782
93,827
93,833
93,882
93,887
93,915
93,935
93,946
93,948
93,954
93,966
93,970
93,986
93,987
93,1003
93,1060
93,1072
93,1092
93,1102
93,1104
93,1114
93,1138
93,1238
93,1304
93,1321
93,1338
93,1347
93,1352
93,1358
93,1404
93,1421
93,1426
93,1453
93,1463
93,1472
93,1493
93,1588
93,1592
93,1631
93,1673
93,1707
93,1709
93,1737
93,1781
93,1802
93,1816
93,1842
93,1870
93,1885
93,1891
93,1941
93,1946
93,1964
93,1993
93,2009
93,2021
93,2025
93,2039
93,2057
93,2076
93,2100
93,2164
93,2226
93,2266
93,2308
93,2310
93,2312
93,2369
93,2403
93,2472
93,2474
93,2504
93,2719
93,2758
93,2781
93,2804
93,2815
93,2829
93,2900
93,2910
93,2915
93,2960
93,3023
93,3036
93,3061
93,3075
93,3113
93,3128
93,3221
93,3288
93,3310
93,3313
93,3395
93,3472
93,3502
93,3505
93,3566
93,3608
93,3694
93,3745
93,3853
93,3860
93,3883
93,3925
93,4031
94,118
94,123
94,137
94,139
94,151
94,156
94,184
94,227
94,231
94,291
94,303
94,337
94,395
94,411
94,480
94,486
94,515
94,517
94,525
94,550
94,559
94,564
94,575
94,616
94,635
94,730
94,807
94,817
94,841
94,859
94,874
94,875
94,955
94,998
94,1037
94,1170
94,1190
94,1262
94,1420
94,1421
94,1431
94,1453
94,1458
94,1606
94,1650
94,1669
94,1766
94,1785
94,1802
94,1818
94,1863
94,1916
94,1951
94,1993
94,2059
94,2147
94,2326
94,2336
94,2371
94,2372
94,2436
94,2460
94,2502
94,2632
94,2638
94,2640
94,2701
94,2746
94,2756
94,2849
94,2859
94,2877
94,2886
94,2957
94,2964
94,3031
94,3081
94,3129
94,3196
94,3253
94,3331
94,3340
94,3351
94,3376
94,3543
94,3733
94,3847
94,3885
94,3888
94,3933
95,117
95,120
95,125
95,134
95,147
95,149
95,154
95,163
95,165
95,167
95,169
95,172
95,173
95,195
95,196
95,199
95,214
95,218
95,245
95,252
95,253
95,254
95,257
95,286
95,289
95,291
95,296
95,301
95,308
95,324
95,340
95,367
95,376
95,383
95,384
95,390
95,406
95,408
95,415
95,417
95,418
95,423
95,429
95,460
95,463
95,475
95,477
95,480
95,497
95,502
95,514
95,527
95,533
95,534
95,538
95,546
95,552
95,569
95,575
95,581
95,587
95,606
95,627
95,646
95,647
95,659
95,661
95,663
95,680
95,683
95,711
95,731
95,754
95,791
95,833
95,900
95,942
95,979
95,997
95,1002
95,1009
95,1012
95,1033
95,1036
95,1046
95,1050
95,1052
95,1058
95,1068
95,1069
95,1071
95,1090
95,1109
95,1117
95,1173
95,1181
95,1214
95,1221
95,1248
95,1263
95,1281
95,1289
95,1304
95,1316
95,1320
95,1333
95,1362
95,1376
95,1379
95,1388
95,1390
95,1434
95,1443
95,1483
95,1484
95,1487
95,1506
95,1521
95,1556
95,1570
95,1584
95,1615
95,1621
95,1648
95,1704
95,1706
95,1732
95,1744
95,1766
95,1777
95,1786
95,1801
95,1817
95,1830
95,1837
95,1884
95,1910
95,1915
95,1921
95,1929
95,1945
95,1960
95,2014
95,2070
95,2101
95,2131
95,2143
95,2160
95,2174
95,2185
95,2328
95,2357
95,2370
95,2450
95,2477
95,2491
95,2558
95,2578
95,2589
95,2643
95,2653
95,2654
95,2664
95,2712
95,2723
95,2744
95,2771
95,2780
95,2822
95,2845
95,2898
95,2956
95,2966
95,3006
95,3008
95,3027
95,3029
95,3080
95,3092
95,3145
95,3147
95,3152
95,3157
95,3165
95,3170
95,3206
95,3219
95,3228
95,3272
95,3281
95,3282
95,3344
95,3529
95,3532
95,3538
95,3546
95,3606
95,3629
95,3632
95,3634
95,3642
95,3718
95,3914
95,3946
95,3963
95,3968
95,3997
95,4002
96,107
96,108
96,122
96,138
96,143
96,148
96,167
96,188
96,223
96,227
96,260
96,277
96,278
96,283
96,306
96,356
96,365
96,368
96,370
96,381
96,430
96,447
96,463
96,465
96,482
96,492
96,494
96,501
96,534
96,561
96,606
96,609
96,643
96,658
96,670
96,705
96,710
96,719
96,720
96,797
96,824
96,834
96,869
96,887
96,897
96,930
96,953
96,955
96,977
96,998
96,1006
96,1014
96,1062
96,1068
96,1077
96,1112
96,1133
96,1138
96,1144
96,1148
96,1293
96,1320
96,1350
96,1400
96,1402
96,1453
96,1477
96,1556
96,1558
96,1573
96,1575
96,1597
96,1608
96,1739
96,1757
96,1760
96,1762
96,1820
96,2096
96,2136
96,2147
96,2166
96,2197
96,2205
96,2220
96,2268
96,2280
96,2325
96,2327
96,2417
96,2508
96,2535
96,2548
96,2563
96,2571
96,2700
96,2732
96,2759
96,2762
96,2773
96,2776
96,2913
96,2970
96,2973
96,2994
96,3002
96,3035
96,3140
96,3160
96,3167
96,3207
96,3286
96,3441
96,3480
96,3550
96,3598
96,3659
96,3671
96,3749
96,3779
96,3849
96,3921
96,3954
96,3990
97,103
97,113
97,114
97,119
97,121
97,147
97,168
97,188
97,202
97,218
97,225
97,230
97,236
97,260
97,267
97,272
97,284
97,302
97,309
97,324
97,370
97,385
97,387
97,394
97,406
97,419
97,428
97,447
97,451
97,471
97,472
97,489
97,504
97,541
97,569
97,584
97,604
97,628
97,648
97,652
97,692
97,725
97,759
97,771
97,773
97,812
97,817
97,828
97,832
97,870
97,893
97,934
97,949
97,950
97,981
97,989
97,1001
97,1015
97,1017
97,1048
97,1062
97,1114
97,1115
97,1133
97,1140
97,1171
97,1174
97,1209
97,1252
97,1313
97,1318
97,1341
97,1361
97,1382
97,1394
97,1398
97,1413
97,1430
97,1441
97,1474
97,1492
97,1517
97,1554
97,1595
97,1612
97,1618
97,1664
97,1700
97,1713
97,1740
97,1762
97,1768
97,1775
97,1787
97,1834
97,1914
97,1938
97,1957
97,2016
97,2048
97,2051
97,2091
97,2096
97,2176
97,2211
97,2297
97,2307
97,2376
97,2413
97,2468
97,2477
97,2585
97,2600
97,2609
97,2636
97,2637
97,2671
97,2680
97,2694
97,2740
97,2799
97,2824
97,2846
97,2919
97,2942
97,2948
97,3055
97,3128
97,3204
97,3207
97,3241
97,3284
97,3333
97,3377
97,3412
97,3430
97,3436
97,3487
97,3501
97,3513
97,3649
97,3656
97,3657
97,3672
97,3674
97,3698
97,3709
97,3824
97,3880
97,3892
97,3906
97,3943
97,3963
97,3988
97,3996
97,4014
98,101
98,131
98,136
98,145
98,150
98,165
98,166
98,178
98,189
98,190
98,194
98,200
98,211
98,218
98,230
98,264
98,284
98,289
98,291
98,316
98,331
98,338
98,348
98,365
98,386
98,394
98,418
98,441
98,448
98,463
98,487
98,490
98,503
98,537
98,540
98,543
98,546
98,570
98,577
98,610
98,619
98,627
98,661
98,662
98,679
98,687
98,719
98,726
98,737
98,740
98,791
98,809
98,840
98,885
98,919
98,955
98,989
98,1003
98,1017
98,1032
98,1057
98,1073
98,1120
98,1130
98,1138
98,1158
98,1172
98,1218
98,1303
98,1328
98,1331
98,1334
98,1335
98,1347
98,1352
98,1368
98,1403
98,1419
98,1427
98,1476
98,1519
98,1568
98,1572
98,1592
98,1597
98,1636
98,1661
98,1700
98,1708
98,1742
98,1743
98,1779
98,1850
98,1864
98,1878
98,1893
98,1972
98,1974
98,1999
98,2027
98,2037
98,2043
98,2069
98,2080
98,2145
98,2195
98,2205
98,2216
98,2231
98,2234
98,2265
98,2281
98,2366
98,2483
98,2519
98,2520
98,2539
98,2540
98,2560
98,2578
98,2599
98,2619
98,2626
98,2642
98,2699
98,2717
98,2809
98,2838
98,2863
98,2948
98,2966
98,2988
98,3038
98,3047
98,3102
98,3119
98,3161
98,3278
98,3314
98,3323
98,3329
98,3359
98,3444
98,3499
98,3544
98,3661
98,3662
98,3689
98,3693
98,3698
98,3780
98,3814
98,3908
98,3919
98,3941
98,4005
98,4035
98,4038
99,101
99,110
99,122
99,127
99,163
99,167
99,168
99,175
99,183
99,184
99,200
99,202
99,205
99,244
99,250
99,259
99,275
99,279
99,289
99,316
99,324
99,330
99,346
99,357
99,406
99,442
99,453
99,468
99,471
99,472
99,487
99,488
99,513
99,547
99,583
99,643
99,664
99,675
99,689
99,734
99,756
99,804
99,818
99,825
99,854
99,888
99,903
99,940
99,979
99,982
99,1020
99,1038
99,1044
99,1065
99,1066
99,1067
99,1108
99,1132
99,1159
99,1169
99,1189
99,1192
99,1211
99,1245
99,1292
99,1306
99,1320
99,1331
99,1436
99,1452
99,1494
99,1555
99,1659
99,1696
99,1751
99,1756
99,1787
99,1890
99,1910
99,1992
99,2023
99,2066
99,2163
99,2210
99,2212
99,2245
99,2260
99,2323
99,2325
99,2356
99,2413
99,2461
99,2533
99,2549
99,2559
99,2589
99,2627
99,2658
99,2683
99,2766
99,2785
99,2802
99,2855
99,2902
99,2921
99,2963
99,3042
99,3058
99,3065
99,3256
99,3290
99,3300
99,3327
99,3342
99,3438
99,3620
99,3673
99,3678
99,3694
99,3749
99,3754
99,3768
99,3812
99,3830
99,3870
99,3965
99,3990
99,4030
100,106
100,111
100,114
100,115
100,122
100,127
100,135
100,138
100,143
100,164
100,172
100,173
100,189
100,202
100,203
100,213
100,217
100,220
100,228
100,255
100,260
100,269
100,291
100,293
100,300
100,311
100,395
100,404
100,406
100,408
100,447
100,450
100,466
100,469
100,487
100,509
100,547
100,551
100,572
100,595
100,601
100,666
100,738
100,740
100,772
100,773
100,778
100,790
100,796
100,813
100,834
100,870
100,876
100,902
100,913
100,970
100,990
100,994
100,1001
100,1031
100,1127
100,1172
100,1201
100,1248
100,1265
100,1316
100,1368
100,1370
100,1372
100,1374
100,1403
100,1435
100,1482
100,1501
100,1518
100,1550
100,1572
100,1666
100,1691
100,1694
100,1702
100,1752
100,1755
100,1758
100,1890
100,1894
100,1929
100,1989
100,2044
100,2054
100,2136
100,2184
100,2205
100,2212
100,2220
100,2329
100,2330
100,2395
100,2414
100,2436
100,2576
100,2595
100,2614
100,2684
100,2709
100,2779
100,2839
100,2865
100,2904
100,3213
100,3240
100,3268
100,3291
100,3445
100,3471
100,3517
100,3542
100,3612
100,3669
100,3736
100,3793
100,3939
100,3991
100,4024
101,105
101,115
101,125
101,130
101,132
101,133
101,134
101,136
101,141
101,161
101,163
101,179
101,192
101,207
101,225
101,248
101,252
101,253
101,258
101,301
101,352
101,353
101,366
101,372
101,375
101,408
101,430
101,435
101,455
101,475
101,479
101,486
101,511
101,533
101,548
101,564
101,568
101,587
101,691
101,797
101,806
101,867
101,889
101,894
101,908
101,912
101,932
101,938
101,967
101,970
101,975
101,989
101,1012
101,1014
101,1066
101,1157
101,1159
101,1160
101,1167
101,1173
101,1206
101,1277
101,1279
101,1288
101,1307
101,1345
101,1348
101,1408
101,1477
101,1586
101,1610
101,1662
101,1711
101,1719
101,1730
101,1740
101,1784
101,1831
101,1832
101,1856
101,1887
101,1927
101,1959
101,1961
101,1975
101,1992
101,2040
101,2176
101,2208
101,2216
101,2238
101,2324
101,2361
101,2370
101,2414
101,2466
101,2474
101,2537
101,2602
101,2626
101,2812
101,2816
101,2826
101,2850
101,2967
101,2976
101,2994
101,3032
101,3093
101,3128
101,3199
101,3229
101,3250
101,3288
101,3456
101,3521
101,3596
101,3626
101,3647
101,3662
101,3707
101,3721
101,3727
101,3940
101,3956
101,3957
102,107
102,113
102,120
102,139
102,146
102,149
102,159
102,172
102,179
102,181
102,190
102,192
102,194
102,199
102,221
102,243
102,254
102,261
102,272
102,304
102,321
102,323
102,351
102,371
102,375
102,393
102,412
102,441
102,452
102,487
102,495
102,498
102,513
102,520
102,540
102,541
102,586
102,619
102,673
102,687
102,736
102,747
102,764
102,796
102,825
102,877
102,897
102,929
102,959
102,966
102,1009
102,1024
102,1124
102,1143
102,1186
102,1246
102,1248
102,1278
102,1281
102,1296
102,1333
102,1366
102,1372
102,1412
102,1446
102,1503
102,1541
102,1545
102,1567
102,1632
102,1660
102,1710
102,1716
102,1727
102,1746
102,1778
102,1782
102,1917
102,2004
102,2047
102,2058
102,2078
102,2081
102,2114
102,2161
102,2250
102,2279
102,2359
102,2381
102,2434
102,2557
102,2624
102,2638
102,2700
102,2709
102,2765
102,2928
102,2942
102,2943
102,2964
102,2966
102,3004
102,3020
102,3031
102,3098
102,3166
102,3171
102,3209
102,3272
102,3317
102,3444
102,3450
102,3467
102,3513
102,3517
102,3641
102,3827
102,3848
102,3852
102,3859
102,3906
102,3917
103,104
103,121
103,122
103,124
103,130
103,135
103,148
103,158
103,162
103,168
103,190
103,206
103,209
103,213
103,215
103,221
103,304
103,317
103,319
103,322
103,324
103,327
103,362
103,378
103,379
103,411
103,413
103,426
103,438
103,479
103,489
103,492
103,502
103,605
103,613
103,684
103,825
103,851
103,887
103,892
103,910
103,949
103,1077
103,1108
103,1126
103,1133
103,1157
103,1160
103,1181
103,1209
103,1224
103,1262
103,1436
103,1442
103,1464
103,1489
103,1558
103,1573
103,1586
103,1605
103,1620
103,1627
103,1651
103,1685
103,1686
103,1721
103,1753
103,1901
103,1962
103,2025
103,2028
103,2064
103,2073
103,2128
103,2165
103,2268
103,2302
103,2306
103,2337
103,2381
103,2506
103,2596
103,2641
103,2674
103,2699
103,2735
103,2740
103,2770
103,2825
103,2856
103,2882
103,2911
103,2964
103,2995
103,3089
103,3095
103,3131
103,3179
103,3195
103,3247
103,3264
103,3305
103,3400
103,3540
103,3556
103,3650
103,3688
103,3691
103,3763
103,3796
103,3852
103,3939
103,4037
104,111
104,118
104,123
104,128
104,134
104,149
104,162
104,164
104,183
104,194
104,219
104,226
104,231
104,239
104,253
104,256
104,267
104,323
104,337
104,341
104,348
104,400
104,406
104,414
104,424
104,433
104,467
104,511
104,533
104,544
104,551
104,557
104,568
104,572
104,577
104,580
104,670
104,680
104,693
104,717
104,765
104,782
104,786
104,868
104,871
104,875
104,886
104,928
104,966
104,1029
104,1041
104,1067
104,1096
104,1145
104,1248
104,1266
104,1279
104,1308
104,1319
104,1336
104,1381
104,1464
104,1530
104,1556
104,1627
104,1636
104,1703
104,1738
104,1749
104,1750
104,1768
104,1810
104,1899
104,1925
104,1944
104,1983
104,1993
104,2002
104,2015
104,2070
104,2104
104,2132
104,2133
104,2134
104,2155
104,2184
104,2197
104,2211
104,2223
104,2274
104,2346
104,2349
104,2352
104,2382
104,2383
104,2429
104,2437
104,2474
104,2503
104,2512
104,2525
104,2549
104,2565
104,2648
104,2664
104,2738
104,2800
104,2847
104,2849
104,2895
104,2911
104,2968
104,3014
104,3110
104,3150
104,3156
104,3290
104,3354
104,3396
104,3440
104,3485
104,3544
104,3570
104,3595
104,3638
104,3687
104,3699
104,3709
104,3726
104,3762
104,3774
104,3799
104,3949
104,3972
105,117
105,119
105,122
105,125
105,128
105,130
105,142
105,146
105,164
105,165
105,198
105,207
105,236
105,258
105,263
105,299
105,306
105,321
105,328
105,341
105,368
105,371
105,381
105,383
105,384
105,385
105,387
105,390
105,407
105,411
105,444
105,471
105,486
105,498
105,504
105,530
105,555
105,556
105,588
105,605
105,608
105,610
105,631
105,685
105,697
105,706
105,710
105,726
105,771
105,774
105,779
105,813
105,816
105,828
105,832
105,862
105,870
105,876
105,957
105,987
105,1014
105,1034
105,1059
105,1105
105,1124
105,1133
105,1139
105,1151
105,1173
105,1176
105,1191
105,1198
105,1228
105,1233
105,1262
105,1265
105,1308
105,1451
105,1499
105,1600
105,1688
105,1696
105,1715
105,1728
105,1805
105,1849
105,1873
105,1892
105,1935
105,1946
105,1950
105,1978
105,1987
105,2015
105,2106
105,2177
105,2195
105,2197
105,2227
105,2228
105,2266
105,2268
105,2271
105,2358
105,2492
105,2493
105,2662
105,2703
105,2776
105,2786
105,2807
105,2881
105,2959
105,3069
105,3071
105,3101
105,3121
105,3145
105,3147
105,3249
105,3407
105,3452
105,3466
105,3545
105,3554
105,3824
105,3828
105,3944
105,3954
105,3979
105,3980
105,4036
106,107
106,112
106,113
106,124
106,132
106,133
106,141
106,169
106,181
106,188
106,195
106,211
106,236
106,239
106,263
106,275
106,314
106,320
106,323
106,353
106,362
106,363
106,399
106,405
106,452
106,464
106,471
106,524
106,536
106,552
106,568
106,599
106,610
106,622
106,623
106,651
106,654
106,701
106,744
106,770
106,788
106,826
106,827
106,836
106,845
106,859
106,927
106,938
106,952
106,1009
106,1021
106,1058
106,1059
106,1073
106,1085
106,1157
106,1216
106,1241
106,1252
106,1354
106,1484
106,1485
106,1520
106,1524
106,1542
106,1543
106,1595
106,1714
106,1718
106,1748
106,1775
106,1819
106,1843
106,1891
106,2028
106,2053
106,2064
106,2217
106,2284
106,2313
106,2380
106,2414
106,2419
106,2482
106,2522
106,2631
106,2734
106,2751
106,2856
106,2884
106,2907
106,2935
106,2959
106,2971
106,3089
106,3097
106,3151
106,3187
106,3190
106,3216
106,3236
106,3281
106,3538
106,3572
106,3576
106,3686
106,3767
106,3848
106,3906
106,3915
107,121
107,122
107,133
107,149
107,219
107,220
107,222
107,225
107,229
107,235
107,264
107,265
107,266
107,279
107,317
107,320
107,322
107,332
107,337
107,357
107,364
107,392
107,419
107,422
107,432
107,450
107,472
107,483
107,490
107,508
107,551
107,596
107,605
107,616
107,629
107,642
107,645
107,658
107,704
107,749
107,763
107,839
107,843
107,881
107,898
107,924
107,933
107,934
107,943
107,944
107,969
107,1018
107,1025
107,1051
107,1068
107,1116
107,1124
107,1134
107,1192
107,1197
107,1208
107,1269
107,1304
107,1321
107,1322
107,1380
107,1391
107,1417
107,1500
107,1517
107,1528
107,1542
107,1646
107,1705
107,1710
107,1729
107,1751
107,1791
107,1800
107,1839
107,1987
107,1989
107,2035
107,2049
107,2066
107,2269
107,2309
107,2431
107,2484
107,2544
107,2616
107,2765
107,2816
107,2910
107,2914
107,2938
107,2999
107,3179
107,3198
107,3238
107,3260
107,3299
107,3357
107,3363
107,3368
107,3369
107,3372
107,3417
107,3576
107,3631
107,3653
107,3670
107,3674
107,3921
107,3991
108,112
108,143
108,146
108,162
108,172
108,208
108,223
108,242
108,246
108,254
108,259
108,277
108,312
108,318
108,320
108,331
108,356
108,364
108,400
108,401
108,459
108,473
108,498
108,579
108,583
108,605
108,638
108,659
108,683
108,734
108,753
108,759
108,760
108,768
108,802
108,854
108,898
108,899
108,904
108,917
108,969
108,1021
108,1022
108,1042
108,1055
108,1129
108,1131
108,1150
108,1189
108,1206
108,1224
108,1251
108,1288
108,1338
108,1358
108,1375
108,1399
108,1405
108,1407
108,1431
108,1451
108,1485
108,1514
108,1577
108,1593
108,1605
108,1646
108,1674
108,1732
108,1745
108,1799
108,1800
108,1826
108,1839
108,1940
108,1954
108,1973
108,2092
108,2123
108,2206
108,2221
108,2249
108,2522
108,2567
108,2580
108,2592
108,2609
108,2687
108,2731
108,2752
108,2771
108,2931
108,2933
108,2962
108,2993
108,3091
108,3106
108,3160
108,3248
108,3316
108,3322
108,3331
108,3455
108,3512
108,3545
108,3569
108,3571
108,3660
108,3674
108,3717
108,3888
108,4019
109,110
109,111
109,138
109,142
109,152
109,161
109,176
109,177
109,184
109,186
109,208
109,210
109,233
109,245
109,252
109,262
109,270
109,279
109,281
109,289
109,292
109,300
109,317
109,319
109,332
109,340
109,371
109,373
109,375
109,378
109,387
109,406
109,413
109,414
109,434
109,435
109,446
109,485
109,508
109,576
109,580
109,597
109,598
109,614
109,623
109,633
109,637
109,644
109,689
109,715
109,721
109,788
109,791
109,809
109,840
109,859
109,906
109,922
109,929
109,992
109,993
109,1005
109,1098
109,1112
109,1116
109,1122
109,1145
109,1147
109,1173
109,1223
109,1246
109,1255
109,1264
109,1296
109,1346
109,1376
109,1387
109,1398
109,1409
109,1427
109,1447
109,1480
109,1495
109,1739
109,1761
109,1885
109,1956
109,1993
109,2028
109,2156
109,2251
109,2276
109,2296
109,2363
109,2374
109,2405
109,2417
109,2483
109,2550
109,2572
109,2579
109,2583
109,2608
109,2660
109,2740
109,2760
109,2783
109,2835
109,2841
109,2851
109,2854
109,2948
109,2953
109,2995
109,3008
109,3061
109,3066
109,3074
109,3078
109,3120
109,3159
109,3196
109,3275
109,3342
109,3387
109,3459
109,3491
109,3499
109,3509
109,3564
109,3627
109,3633
109,3646
109,3659
109,3711
109,3776
109,3855
109,3900
109,3924
109,4036
110,116
110,124
110,134
110,135
110,154
110,163
110,175
110,179
110,217
110,225
110,248
110,260
110,269
110,272
110,288
110,300
110,307
110,311
110,328
110,329
110,333
110,348
110,371
110,374
110,380
110,391
110,418
110,430
110,448
110,460
110,463
110,473
110,497
110,521
110,535
110,539
110,541
110,543
110,569
110,577
110,582
110,587
110,594
110,599
110,635
110,673
110,696
110,746
110,759
110,764
110,812
110,819
110,823
110,840
110,849
110,859
110,879
110,881
110,920
110,1001
110,1031
110,1087
110,1098
110,1128
110,1136
110,1195
110,1202
110,1226
110,1242
110,1248
110,1409
110,1413
110,1438
110,1441
110,1474
110,1503
110,1511
110,1559
110,1592
110,1620
110,1655
110,1732
110,1783
110,1805
110,1817
110,1859
110,1901
110,1950
110,1960
110,1975
110,2145
110,2168
110,2194
110,2213
110,2363
110,2420
110,2448
110,2488
110,2496
110,2653
110,2683
110,2702
110,2788
110,2795
110,2799
110,2814
110,2845
110,2872
110,2890
110,2917
110,2984
110,3015
110,3047
110,3111
110,3142
110,3172
110,3181
110,3301
110,3328
110,3337
110,3339
110,3379
110,3401
110,3408
110,3448
110,3450
110,3525
110,3558
110,3567
110,3585
110,3607
110,3611
110,3709
110,3731
110,3755
110,3832
110,3846
110,3853
110,3918
110,3976
111,123
111,124
111,159
111,173
111,189
111,190
111,192
111,193
111,199
111,252
111,263
111,294
111,299
111,324
111,347
111,370
111,397
111,405
111,416
111,417
111,418
111,450
111,491
111,494
111,588
111,598
111,631
111,645
111,647
111,694
111,697
111,704
111,711
111,717
111,751
111,782
111,833
111,844
111,856
111,862
111,916
111,937
111,948
111,968
111,973
111,1011
111,1038
111,1040
111,1045
111,1062
111,1115
111,1124
111,1128
111,1143
111,1152
111,1166
111,1179
111,1244
111,1245
111,1251
111,1285
111,1307
111,1564
111,1685
111,1708
111,1720
111,1749
111,1781
111,1899
111,2008
111,2039
111,2068
111,2131
111,2135
111,2139
111,2153
111,2159
111,2188
111,2307
111,2330
111,2337
111,2356
111,2362
111,2365
111,2414
111,2415
111,2417
111,2510
111,2544
111,2598
111,2638
111,2686
111,2720
111,2872
111,2957
111,3015
111,3057
111,3150
111,3158
111,3180
111,3185
111,3189
111,3199
111,3364
111,3420
111,3467
111,3521
111,3542
111,3571
111,3648
111,3673
111,3717
111,3752
111,3926
111,3948
111,4016
112,113
112,127
112,128
112,132
112,155
112,160
112,165
112,168
112,178
112,190
112,197
112,206
112,210
112,220
112,224
112,229
112,245
112,253
112,259
112,268
112,273
112,284
112,288
112,304
112,312
112,315
112,324
112,325
112,326
112,329
112,345
112,363
112,388
112,395
112,425
112,429
112,455
112,457
112,461
112,473
112,506
112,535
112,538
112,539
112,556
112,561
112,566
112,578
112,603
112,610
112,615
112,623
112,625
112,628
112,636
112,655
112,674
112,687
112,690
112,697
112,704
112,712
112,748
112,752
112,770
112,771
112,776
112,801
112,854
112,893
112,894
112,904
112,930
112,941
112,971
112,973
112,977
112,981
112,1016
112,1018
112,1026
112,1032
112,1042
112,1043
112,1117
112,1121
112,1123
112,1151
112,1160
112,1170
112,1179
112,1200
112,1212
112,1248
112,1267
112,1284
112,1300
112,1301
112,1305
112,1323
112,1333
112,1369
112,1390
112,1407
112,1426
112,1488
112,1549
112,1573
112,1600
112,1695
112,1770
112,1809
112,1855
112,1860
112,1887
112,1912
112,1924
112,1933
112,1956
112,1957
112,1984
112,2060
112,2094
112,2109
112,2125
112,2126
112,2155
112,2158
112,2193
112,2236
112,2250
112,2353
112,2425
112,2430
112,2533
112,2582
112,2600
112,2720
112,2770
112,2868
112,2886
112,2918
112,3037
112,3066
112,3113
112,3125
112,3130
112,3140
112,3209
112,3224
112,3229
112,3240
112,3294
112,3444
112,3523
112,3554
112,3555
112,3571
112,3647
112,3658
112,3822
112,3929
112,3986
113,120
113,128
113,144
113,145
113,153
113,158
113,167
113,186
113,193
113,197
113,199
113,215
113,221
113,229
113,230
113,235
113,250
113,258
113,267
113,269
113,297
113,299
113,323
113,341
113,352
113,376
113,403
113,407
113,410
113,421
113,422
113,431
113,453
113,463
113,466
113,469
113,475
113,477
113,480
113,494
113,503
113,533
113,557
113,559
113,567
113,638
113,648
113,665
113,702
113,713
113,714
113,723
113,781
113,782
113,822
113,837
113,847
113,873
113,880
113,884
113,892
113,900
113,910
113,923
113,929
113,937
113,951
113,981
113,1048
113,1088
113,1101
113,1112
113,1146
113,1210
113,1279
113,1350
113,1353
113,1361
113,1377
113,1388
113,1424
113,1426
113,1441
113,1459
113,1467
113,1471
113,1481
113,1491
113,1497
113,1498
113,1543
113,1695
113,1728
113,1743
113,1762
113,1770
113,1802
113,1803
113,1811
113,1973
113,1993
113,2023
113,2084
113,2123
113,2145
113,2148
113,2217
113,2361
113,2446
113,2537
113,2644
113,2691
113,2726
113,2735
113,2754
113,2761
113,2769
113,2805
113,2835
113,2846
113,2877
113,2898
113,2966
113,3034
113,3072
113,3101
113,3155
113,3179
113,3189
113,3254
113,3258
113,3261
113,3320
113,3333
113,3374
113,3396
113,3420
113,3472
113,3479
113,3504
113,3561
113,3641
113,3663
113,3727
113,3745
113,3754
113,3760
113,3783
113,3816
113,3844
113,3875
113,3995
114,122
114,150
114,174
114,185
114,194
114,198
114,230
114,244
114,246
114,251
114,258
114,266
114,326
114,382
114,389
114,411
114,423
114,427
114,436
114,457
114,462
114,473
114,475
114,476
114,477
114,479
114,483
114,499
114,526
114,528
114,534
114,543
114,589
114,607
114,703
114,724
114,735
114,767
114,792
114,806
114,822
114,824
114,891
114,972
114,1064
114,1085
114,1099
114,1107
114,1109
114,1148
114,1171
114,1206
114,1256
114,1270
114,1306
114,1393
114,1467
114,1478
114,1489
114,1493
114,1496
114,1567
114,1633
114,1644
114,1744
114,1796
114,1804
114,1900
114,1935
114,1945
114,1952
114,1977
114,2016
114,2093
114,2124
114,2148
114,2209
114,2298
114,2301
114,2330
114,2374
114,2414
114,2468
114,2543
114,2619
114,2638
114,2718
114,2749
114,2795
114,2797
114,2847
114,2878
114,2883
114,2912
114,2914
114,2935
114,3071
114,3076
114,3105
114,3284
114,3355
114,3446
114,3485
114,3517
114,3587
114,3623
114,3858
114,3988
114,4036
115,151
115,181
115,182
115,198
115,200
115,202
115,211
115,219
115,237
115,247
115,261
115,299
115,302
115,304
115,318
115,328
115,331
115,335
115,368
115,374
115,401
115,409
115,419
115,429
115,454
115,489
115,510
115,523
115,525
115,563
115,605
115,607
115,611
115,618
115,652
115,656
115,665
115,711
115,712
115,778
115,781
115,790
115,799
115,812
115,814
115,818
115,825
115,844
115,861
115,922
115,980
115,987
115,1033
115,1043
115,1057
115,1077
115,1094
115,1149
115,1200
115,1201
115,1213
115,1249
115,1266
115,1293
115,1294
115,1330
115,1336
115,1348
115,1355
115,1425
115,1466
115,1526
115,1543
115,1553
115,1554
115,1596
115,1617
115,1713
115,1722
115,1788
115,1809
115,1845
115,1872
115,1874
115,1885
115,1905
115,1947
115,1968
115,2034
115,2039
115,2052
115,2061
115,2112
115,2152
115,2162
115,2287
115,2340
115,2356
115,2381
115,2400
115,2405
115,2485
115,2486
115,2534
115,2549
115,2555
115,2580
115,2688
115,2772
115,2816
115,2890
115,2917
115,2977
115,2978
115,3042
115,3046
115,3077
115,3094
115,3115
115,3123
115,3171
115,3212
115,3227
115,3241
115,3318
115,3334
115,3371
115,3506
115,3626
115,3658
115,3679
115,3722
115,3735
115,3831
115,3865
115,3877
115,3984
116,137
116,142
116,164
116,195
116,199
116,223
116,229
116,235
116,252
116,266
116,278
116,304
116,317
116,358
116,375
116,398
116,413
116,420
116,424
116,427
116,467
116,488
116,507
116,563
116,576
116,590
116,599
116,618
116,622
116,701
116,748
116,755
116,765
116,767
116,785
116,815
116,830
116,834
116,848
116,880
116,909
116,986
116,1004
116,1015
116,1027
116,1157
116,1245
116,1284
116,1305
116,1307
116,1322
116,1323
116,1331
116,1354
116,1364
116,1367
116,1443
116,1506
116,1512
116,1547
116,1565
116,1651
116,1737
116,1813
116,1814
116,1913
116,1963
116,2038
116,2039
116,2222
116,2226
116,2246
116,2253
116,2324
116,2377
116,2379
116,2436
116,2461
116,2569
116,2572
116,2576
116,2629
116,2674
116,2677
116,2697
116,2767
116,2781
116,2835
116,2838
116,3003
116,3058
116,3083
116,3132
116,3223
116,3242
116,3267
116,3272
116,3355
116,3365
116,3435
116,3444
116,3447
116,3502
116,3504
116,3549
116,3591
116,3639
116,3664
116,3738
116,3759
116,3966
116,3980
117,131
117,132
117,147
117,168
117,171
117,207
117,210
117,224
117,228
117,235
117,262
117,299
117,306
117,359
117,424
117,440
117,475
117,477
117,499
117,500
117,511
117,530
117,544
117,592
117,614
117,648
117,652
117,660
117,674
117,676
117,740
117,741
117,748
117,762
117,813
117,820
117,858
117,870
117,877
117,920
117,958
117,968
117,1004
117,1023
117,1045
117,1063
117,1079
117,1106
117,1158
117,1186
117,1208
117,1213
117,1230
117,1237
117,1302
117,1310
117,1315
117,1365
117,1423
117,1481
117,1541
117,1542
117,1595
117,1598
117,1667
117,1680
117,1776
117,1793
117,1833
117,1866
117,1883
117,1947
117,1981
117,1992
117,2038
117,2087
117,2162
117,2197
117,2213
117,2334
117,2411
117,2465
117,2486
117,2490
117,2535
117,2538
117,2616
117,2848
117,2985
117,2991
117,3059
117,3158
117,3257
117,3262
117,3284
117,3298
117,3366
117,3387
117,3411
117,3447
117,3497
117,3616
117,3703
117,3977
117,3989
117,4003
117,4032
118,123
118,134
118,145
118,165
118,172
118,176
118,181
118,184
118,191
118,195
118,199
118,203
118,215
118,232
118,235
118,239
118,276
118,288
118,298
118,332
118,334
118,336
118,343
118,376
118,384
118,390
118,392
118,400
118,403
118,412
118,423
118,435
118,443
118,518
118,547
118,568
118,582
118,594
118,608
118,610
118,624
118,646
118,660
118,712
118,778
118,786
118,795
118,804
118,825
118,826
118,839
118,886
118,890
118,939
118,947
118,954
118,965
118,975
118,999
118,1020
118,1039
118,1070
118,1074
118,1081
118,1122
118,1132
118,1141
118,1161
118,1178
118,1217
118,1319
118,1338
118,1362
118,1369
118,1374
118,1375
118,1376
118,1404
118,1422
118,1437
118,1459
118,1509
118,1510
118,1518
118,1543
118,1549
118,1595
118,1617
118,1630
118,1641
118,1653
118,1659
118,1713
118,1745
118,1755
118,1799
118,1825
118,1838
118,1849
118,1852
118,1861
118,1881
118,1887
118,1924
118,1925
118,1936
118,1977
118,2045
118,2047
118,2071
118,2098
118,2176
118,2178
118,2218
118,2277
118,2287
118,2326
118,2346
118,2349
118,2358
118,2487
118,2527
118,2737
118,2741
118,2836
118,2923
118,2937
118,3023
118,3040
118,3060
118,3064
118,3164
118,3228
118,3260
118,3343
118,3418
118,3477
118,3510
118,3533
118,3543
118,3562
118,3568
118,3616
118,3719
118,3790
118,3835
118,3923
118,3981
118,3993
119,141
119,151
119,154
119,169
119,181
119,191
119,194
119,215
119,226
119,232
119,238
119,241
119,257
119,278
119,301
119,310
119,331
119,341
119,349
119,379
119,397
119,404
119,439
119,460
119,461
119,481
119,489
119,516
119,519
119,534
119,542
119,554
119,555
119,558
119,609
119,616
119,626
119,632
119,682
119,692
119,697
119,711
119,733
119,735
119,756
119,812
119,819
119,820
119,823
119,832
119,841
119,858
119,869
119,877
119,926
119,942
119,946
119,998
119,1003
119,1034
119,1070
119,1102
119,1103
119,1137
119,1162
119,1163
119,1168
119,1183
119,1209
119,1246
119,1249
119,1272
119,1437
119,1463
119,1474
119,1479
119,1489
119,1507
119,1513
119,1540
119,1544
119,1545
119,1590
119,1639
119,1716
119,1717
119,1721
119,1779
119,1793
119,1801
119,1817
119,1884
119,1916
119,1980
119,2027
119,2074
119,2088
119,2121
119,2149
119,2155
119,2172
119,2227
119,2352
119,2373
119,2378
119,2382
119,2402
119,2407
119,2574
119,2665
119,2692
119,2715
119,2718
119,2744
119,2753
119,2790
119,2798
119,2825
119,2833
119,2844
119,2907
119,2939
119,2968
119,3031
119,3053
119,3065
119,3143
119,3164
119,3223
119,3295
119,3341
119,3508
119,3514
119,3617
119,3622
119,3625
119,3628
119,3639
119,3686
119,3709
119,3796
119,3906
119,3977
119,4036
120,135
120,144
120,152
120,175
120,177
120,180
120,187
120,198
120,213
120,230
120,250
120,254
120,306
120,353
120,361
120,366
120,371
120,415
120,417
120,418
120,451
120,480
120,483
120,491
120,535
120,581
120,592
120,599
120,617
120,639
120,665
120,669
120,670
120,682
120,763
120,803
120,813
120,833
120,836
120,886
120,896
120,930
120,1065
120,1081
120,1127
120,1135
120,1153
120,1180
120,1184
120,1234
120,1240
120,1260
120,1289
120,1325
120,1338
120,1340
120,1344
120,1350
120,1355
120,1364
120,1373
120,1380
120,1403
120,1436
120,1454
120,1460
120,1503
120,1516
120,1597
120,1606
120,1624
120,1639
120,1644
120,1688
120,1705
120,1762
120,1778
120,1784
120,1830
120,1834
120,1849
120,1869
120,1879
120,1880
120,1956
120,1986
120,1996
120,2008
120,2020
120,2100
120,2230
120,2258
120,2303
120,2360
120,2492
120,2590
120,2597
120,2790
120,2791
120,2802
120,2823
120,2828
120,2833
120,2856
120,2859
120,2875
120,2879
120,2953
120,3008
120,3024
120,3087
120,3091
120,3096
120,3133
120,3165
120,3212
120,3291
120,3389
120,3410
120,3434
120,3464
120,3507
120,3525
120,3528
120,3666
120,3667
120,3716
120,3768
120,3772
120,3849
120,4017
121,122
121,126
121,132
121,139
121,147
121,163
121,166
121,175
121,178
121,183
121,205
121,216
121,231
121,236
121,239
121,243
121,258
121,267
121,279
121,321
121,329
121,369
121,392
121,403
121,419
121,422
121,437
121,450
121,453
121,477
121,488
121,499
121,577
121,578
121,674
121,677
121,696
121,722
121,749
121,758
121,785
121,787
121,804
121,809
121,810
121,827
121,835
121,850
121,881
121,948
121,967
121,975
121,1017
121,1019
121,1059
121,1090
121,1116
121,1138
121,1213
121,1249
121,1270
121,1337
121,1374
121,1436
121,1437
121,1464
121,1475
121,1505
121,1553
121,1559
121,1596
121,1645
121,1668
121,1707
121,1728
121,1804
121,1860
121,1863
121,1877
121,1896
121,1967
121,1985
121,2014
121,2058
121,2105
121,2110
121,2195
121,2273
121,2275
121,2282
121,2379
121,2404
121,2414
121,2449
121,2542
121,2583
121,2607
121,2615
121,2785
121,2820
121,2967
121,2989
121,2999
121,3066
121,3080
121,3146
121,3330
121,3348
121,3426
121,3464
121,3493
121,3498
121,3636
121,3657
121,3662
121,3664
121,3817
122,129
122,144
122,153
122,160
122,163
122,204
122,233
122,284
122,296
122,302
122,316
122,328
122,332
122,339
122,401
122,412
122,415
122,472
122,491
122,625
122,688
122,755
122,830
122,1012
122,1031
122,1032
122,1040
122,1065
122,1188
122,1191
122,1272
122,1405
122,1476
122,1481
122,1616
122,1653
122,1699
122,1810
122,1833
122,1837
122,1881
122,1916
122,2108
122,2207
122,2282
122,2333
122,2499
122,2585
122,2594
122,2727
122,2762
122,2978
122,2987
122,3061
122,3128
122,3273
122,3368
122,3412
122,3479
122,3489
122,3659
122,3682
122,3704
122,3706
122,3796
122,3808
123,129
123,133
123,138
123,144
123,158
123,159
123,183
123,188
123,196
123,201
123,206
123,207
123,218
123,265
123,283
123,292
123,295
123,302
123,314
123,319
123,340
123,344
123,357
123,358
123,367
123,372
123,374
123,377
123,394
123,413
123,426
123,446
123,456
123,483
123,510
123,518
123,553
123,562
123,565
123,605
123,607
123,645
123,647
123,666
123,678
123,688
123,709
123,712
123,817
123,837
123,859
123,924
123,957
123,972
123,1005
123,1014
123,1029
123,1037
123,1058
123,1063
123,1067
123,1105
123,1111
123,1142
123,1151
123,1156
123,1192
123,1230
123,1278
123,1282
123,1312
123,1361
123,1449
123,1455
123,1481
123,1494
123,1524
123,1532
123,1583
123,1585
123,1621
123,1642
123,1696
123,1711
123,1822
123,1860
123,1918
123,1983
123,1984
123,2023
123,2060
123,2097
123,2100
123,2164
123,2230
123,2246
123,2266
123,2279
123,2309
123,2364
123,2391
123,2423
123,2455
123,2482
123,2517
123,2533
123,2552
123,2623
123,2681
123,2706
123,2708
123,2797
123,2800
123,2823
123,2835
123,3018
123,3132
123,3150
123,3154
123,3159
123,3178
123,3212
123,3226
123,3235
123,3263
123,3418
123,3441
123,3467
123,3477
123,3485
123,3487
123,3604
123,3699
123,3731
123,3757
123,3764
123,3784
123,3819
123,3946
123,3962
123,3973
124,125
124,142
124,143
124,150
124,165
124,170
124,188
124,205
124,206
124,219
124,225
124,227
124,228
124,245
124,247
124,253
124,262
124,301
124,305
124,310
124,318
124,330
124,337
124,407
124,408
124,426
124,429
124,438
124,439
124,440
124,448
124,467
124,468
124,478
124,479
124,507
124,509
124,511
124,530
124,545
124,559
124,565
124,575
124,580
124,583
124,597
124,609
124,616
124,626
124,628
124,634
124,637
124,650
124,664
124,697
124,711
124,722
124,727
124,728
124,775
124,778
124,806
124,837
124,839
124,877
124,884
124,918
124,965
124,974
124,983
124,1006
124,1013
124,1041
124,1131
124,1147
124,1186
124,1197
124,1221
124,1246
124,1247
124,1260
124,1323
124,1336
124,1352
124,1392
124,1398
124,1422
124,1515
124,1548
124,1575
124,1599
124,1617
124,1620
124,1655
124,1778
124,1818
124,1856
124,1875
124,1884
124,1922
124,1980
124,2055
124,2086
124,2120
124,2281
124,2285
124,2299
124,2368
124,2397
124,2445
124,2447
124,2448
124,2457
124,2467
124,2521
124,2548
124,2577
124,2641
124,2649
124,2651
124,2667
124,2698
124,2713
124,2723
124,2736
124,2766
124,2769
124,2804
124,2858
124,2876
124,2894
124,2926
124,2955
124,2960
124,2989
124,3002
124,3025
124,3029
124,3115
124,3162
124,3167
124,3185
124,3187
124,3197
124,3216
124,3254
124,3262
124,3279
124,3405
124,3410
124,3488
124,3536
124,3550
124,3623
124,3650
124,3664
124,3670
124,3739
124,3744
124,3745
124,3753
124,3785
124,3801
124,3803
124,3807
124,3810
124,3833
124,3876
124,3917
124,3962
124,4029
124,4035
125,148
125,165
125,176
125,192
125,194
125,205
125,208
125,229
125,251
125,273
125,285
125,308
125,323
125,330
125,353
125,356
125,357
125,426
125,439
125,441
125,503
125,509
125,530
125,561
125,569
125,578
125,591
125,641
125,646
125,689
125,736
125,762
125,767
125,778
125,792
125,816
125,828
125,885
125,895
125,921
125,968
125,1008
125,1056
125,1082
125,1115
125,1123
125,1167
125,1241
125,1367
125,1468
125,1496
125,1532
125,1559
125,1719
125,1761
125,1833
125,1920
125,1968
125,1993
125,2097
125,2182
125,2237
125,2318
125,2405
125,2466
125,2573
125,2626
125,2700
125,2747
125,2832
125,2856
125,2920
125,2923
125,2972
125,3174
125,3328
125,3413
125,3419
125,3491
125,3733
125,3734
125,3965
125,3988
125,3999
126,128
126,135
126,143
126,153
126,155
126,166
126,173
126,195
126,202
126,204
126,212
126,219
126,227
126,247
126,255
126,277
126,299
126,338
126,346
126,352
126,353
126,379
126,383
126,387
126,391
126,458
126,473
126,503
126,510
126,516
126,517
126,518
126,563
126,568
126,570
126,574
126,639
126,664
126,670
126,678
126,682
126,685
126,686
126,692
126,694
126,706
126,708
126,723
126,751
126,753
126,757
126,779
126,806
126,818
126,872
126,881
126,890
126,927
126,945
126,947
126,963
126,1032
126,1034
126,1050
126,1056
126,1070
126,1108
126,1116
126,1149
126,1157
126,1164
126,1208
126,1240
126,1261
126,1288
126,1299
126,1344
126,1353
126,1380
126,1391
126,1400
126,1511
126,1545
126,1556
126,1560
126,1583
126,1594
126,1640
126,1643
126,1645
126,1727
126,1764
126,1773
126,1782
126,1854
126,1863
126,1925
126,1937
126,1961
126,1996
126,2018
126,2036
126,2148
126,2157
126,2176
126,2191
126,2194
126,2237
126,2289
126,2311
126,2355
126,2417
126,2432
126,2490
126,2532
126,2562
126,2639
126,2641
126,2663
126,2710
126,2737
126,2764
126,2841
126,2906
126,3076
126,3103
126,3111
126,3129
126,3153
126,3238
126,3290
126,3308
126,3324
126,3336
126,3338
126,3444
126,3463
126,3501
126,3523
126,3709
126,3764
126,3807
126,3819
126,4034
127,138
127,141
127,145
127,153
127,156
127,169
127,182
127,190
127,221
127,227
127,228
127,229
127,230
127,235
127,238
127,247
127,253
127,260
127,274
127,283
127,292
127,312
127,316
127,333
127,338
127,344
127,347
127,354
127,362
127,394
127,398
127,414
127,427
127,459
127,477
127,482
127,484
127,504
127,516
127,522
127,533
127,550
127,553
127,567
127,582
127,584
127,643
127,653
127,663
127,668
127,674
127,692
127,693
127,718
127,727
127,745
127,755
127,759
127,760
127,780
127,790
127,792
127,809
127,812
127,884
127,962
127,983
127,988
127,993
127,996
127,1018
127,1045
127,1056
127,1145
127,1156
127,1231
127,1270
127,1271
127,1294
127,1309
127,1310
127,1326
127,1355
127,1394
127,1408
127,1427
127,1436
127,1447
127,1462
127,1478
127,1490
127,1518
127,1617
127,1634
127,1660
127,1669
127,1723
127,1739
127,1770
127,1790
127,1793
127,1805
127,1824
127,1873
127,1889
127,1943
127,1958
127,2007
127,2026
127,2029
127,2030
127,2098
127,2105
127,2241
127,2270
127,2281
127,2312
127,2318
127,2374
127,2389
127,2422
127,2438
127,2480
127,2517
127,2589
127,2618
127,2620
127,2631
127,2657
127,2705
127,2810
127,2811
127,2850
127,2947
127,3034
127,3132
127,3146
127,3156
127,3294
127,3344
127,3409
127,3427
127,3488
127,3493
127,3499
127,3502
127,3539
127,3580
127,3598
127,3601
127,3706
127,3709
127,3756
127,3785
127,3848
127,3881
127,3909
127,3953
127,3991
128,129
128,131
128,141
128,149
128,156
128,163
128,166
128,171
128,175
128,177
128,179
128,186
128,194
128,197
128,220
128,226
128,230
128,236
128,240
128,259
128,271
128,276
128,283
128,297
128,298
128,343
128,366
128,371
128,431
128,447
128,465
128,478
128,501
128,509
128,531
128,593
128,601
128,602
128,629
128,715
128,722
128,755
128,796
128,827
128,833
128,839
128,894
128,1019
128,1021
128,1042
128,1050
128,1053
128,1064
128,1142
128,1152
128,1177
128,1214
128,1258
128,1320
128,1342
128,1355
128,1384
128,1390
128,1401
128,1438
128,1442
128,1448
128,1471
128,1533
128,1649
128,1657
128,1704
128,1712
128,1749
128,1750
128,1820
128,1846
128,1917
128,1925
128,1946
128,1970
128,2016
128,2058
128,2167
128,2203
128,2204
128,2255
128,2301
128,2309
128,2320
128,2327
128,2335
128,2433
128,2438
128,2440
128,2478
128,2498
128,2519
128,2544
128,2572
128,2658
128,2679
128,2695
128,2715
128,2755
128,2772
128,2919
128,2933
128,2938
128,2944
128,2992
128,3030
128,3129
128,3141
128,3201
128,3204
128,3260
128,3295
128,3348
128,3355
128,3405
128,3419
128,3420
128,3428
128,3577
128,3606
128,3694
128,3794
128,3897
128,3947
129,131
129,133
129,158
129,181
129,199
129,212
129,242
129,256
129,258
129,271
129,276
129,297
129,302
129,309
129,335
129,340
129,344
129,430
129,434
129,468
129,469
129,470
129,471
129,504
129,506
129,524
129,585
129,595
129,602
129,610
129,633
129,635
129,656
129,689
129,699
129,748
129,771
129,782
129,803
129,857
129,858
129,868
129,901
129,934
129,978
129,979
129,992
129,1056
129,1060
129,1106
129,1113
129,1140
129,1149
129,1166
129,1172
129,1301
129,1352
129,1360
129,1396
129,1471
129,1497
129,1628
129,1662
129,1748
129,1752
129,1797
129,1799
129,1821
129,1837
129,1896
129,2028
129,2076
129,2078
129,2095
129,2110
129,2147
129,2159
129,2173
129,2200
129,2227
129,2273
129,2274
129,2280
129,2301
129,2308
129,2445
129,2494
129,2539
129,2542
129,2586
129,2612
129,2627
129,2676
129,2679
129,2707
129,2793
129,2814
129,2828
129,2852
129,2863
129,2894
129,3035
129,3044
129,3060
129,3071
129,3193
129,3315
129,3319
129,3330
129,3364
129,3520
129,3665
129,3693
129,3737
129,3773
129,3792
129,3819
129,3892
129,4034
130,146
130,152
130,172
130,175
130,177
130,199
130,202
130,208
130,217
130,261
130,281
130,291
130,298
130,329
130,331
130,344
130,417
130,463
130,467
130,469
130,479
130,485
130,491
130,505
130,567
130,586
130,609
130,673
130,695
130,712
130,736
130,761
130,765
130,789
130,829
130,878
130,897
130,906
130,919
130,986
130,988
130,1003
130,1007
130,1022
130,1054
130,1103
130,1105
130,1118
130,1189
130,1207
130,1257
130,1322
130,1359
130,1369
130,1440
130,1448
130,1470
130,1527
130,1542
130,1623
130,1650
130,1665
130,1729
130,1734
130,1772
130,1832
130,1909
130,1985
130,1991
130,2008
130,2031
130,2042
130,2059
130,2072
130,2073
130,2106
130,2109
130,2114
130,2120
130,2250
130,2261
130,2451
130,2536
130,2708
130,2709
130,2719
130,2731
130,2753
130,2798
130,2855
130,2904
130,2909
130,2918
130,2963
130,3017
130,3064
130,3081
130,3122
130,3145
130,3201
130,3225
130,3232
130,3244
130,3271
130,3301
130,3332
130,3361
130,3370
130,3444
130,3522
130,3626
130,3642
130,3795
130,3797
130,3837
130,3839
130,3930
131,136
131,155
131,163
131,181
131,182
131,189
131,198
131,206
131,213
131,228
131,247
131,251
131,269
131,292
131,297
131,304
131,305
131,322
131,339
131,349
131,367
131,430
131,458
131,469
131,472
131,504
131,524
131,548
131,558
131,567
131,594
131,605
131,636
131,646
131,647
131,665
131,705
131,730
131,732
131,738
131,743
131,763
131,780
131,801
131,814
131,903
131,965
131,983
131,1005
131,1016
131,1042
131,1061
131,1109
131,1163
131,1258
131,1285
131,1362
131,1372
131,1381
131,1392
131,1453
131,1471
131,1490
131,1502
131,1538
131,1561
131,1684
131,1706
131,1760
131,1783
131,1833
131,1835
131,1878
131,1883
131,1887
131,1893
131,1932
131,1950
131,2243
131,2271
131,2277
131,2360
131,2365
131,2371
131,2469
131,2472
131,2543
131,2623
131,2663
131,2688
131,2701
131,2709
131,2759
131,2963
131,2987
131,3060
131,3124
131,3179
131,3204
131,3244
131,3326
131,3344
131,3361
131,3413
131,3449
131,3491
131,3492
131,3512
131,3567
131,3571
131,3734
131,3782
131,3790
131,3794
131,3836
131,3893
131,3934
131,3974
132,134
132,137
132,159
132,164
132,170
132,173
132,176
132,183
132,212
132,213
132,217
132,292
132,366
132,373
132,378
132,379
132,385
132,398
132,415
132,434
132,472
132,491
132,500
132,506
132,536
132,587
132,598
132,604
132,680
132,699
132,706
132,718
132,719
132,751
132,778
132,813
132,836
132,852
132,901
132,914
132,986
132,989
132,1035
132,1046
132,1088
132,1176
132,1292
132,1446
132,1482
132,1512
132,1584
132,1698
132,1705
132,1885
132,2048
132,2055
132,2182
132,2184
132,2214
132,2235
132,2242
132,2258
132,2263
132,2480
132,2509
132,2523
132,2633
132,2664
132,2785
132,2872
132,2931
132,3062
132,3154
132,3361
132,3534
132,3590
132,3613
132,3695
132,3736
132,3741
132,3751
132,3952
132,3973
133,136
133,161
133,171
133,174
133,195
133,196
133,199
133,234
133,240
133,253
133,254
133,255
133,262
133,278
133,291
133,318
133,341
133,354
133,366
133,368
133,370
133,372
133,431
133,442
133,505
133,515
133,526
133,558
133,581
133,593
133,594
133,625
133,634
133,654
133,664
133,679
133,690
133,764
133,766
133,792
133,813
133,852
133,896
133,902
133,936
133,971
133,1008
133,1083
133,1091
133,1165
133,1192
133,1196
133,1222
133,1295
133,1300
133,1347
133,1401
133,1404
133,1406
133,1471
133,1508
133,1548
133,1651
133,1663
133,1717
133,1729
133,1746
133,1768
133,1897
133,1905
133,1927
133,2008
133,2066
133,2073
133,2374
133,2381
133,2395
133,2525
133,2528
133,2670
133,2702
133,2767
133,2802
133,2825
133,2935
133,3069
133,3182
133,3279
133,3300
133,3380
133,3399
133,3485
133,3691
133,3769
133,3800
133,3976
134,137
134,168
134,184
134,199
134,262
134,265
134,281
134,305
134,309
134,339
134,358
134,360
134,385
134,389
134,402
134,406
134,407
134,412
134,423
134,440
134,452
134,470
134,483
134,503
134,505
134,512
134,515
134,550
134,559
134,570
134,607
134,622
134,624
134,643
134,650
134,655
134,700
134,708
134,770
134,780
134,793
134,798
134,807
134,887
134,890
134,892
134,911
134,955
134,975
134,995
134,1039
134,1050
134,1057
134,1074
134,1089
134,1099
134,1109
134,1141
134,1189
134,1312
134,1332
134,1333
134,1372
134,1397
134,1441
134,1459
134,1500
134,1544
134,1560
134,1582
134,1618
134,1712
134,1821
134,1828
134,1840
134,1896
134,1933
134,1957
134,1963
134,1987
134,2001
134,2078
134,2089
134,2120
134,2182
134,2187
134,2256
134,2310
134,2318
134,2376
134,2433
134,2445
134,2451
134,2473
134,2482
134,2577
134,2591
134,2611
134,2705
134,2789
134,2831
134,2832
134,2873
134,2898
134,2917
134,2989
134,3000
134,3027
134,3130
134,3145
134,3193
134,3223
134,3246
134,3282
134,3413
134,3452
134,3471
134,3525
134,3538
134,3574
134,3592
134,3615
134,3631
134,3639
134,3665
134,3670
134,3707
134,3797
134,3818
134,3921
134,3927
134,3944
134,4020
135,140
135,156
135,190
135,197
135,215
135,216
135,244
135,258
135,259
135,262
135,316
135,325
135,342
135,364
135,372
135,381
135,402
135,419
135,456
135,465
135,469
135,490
135,527
135,531
135,532
135,566
135,580
135,627
135,648
135,701
135,814
135,822
135,824
135,833
135,847
135,864
135,884
135,886
135,1023
135,1070
135,1080
135,1100
135,1125
135,1152
135,1185
135,1254
135,1272
135,1314
135,1328
135,1331
135,1346
135,1356
135,1470
135,1521
135,1633
135,1644
135,1711
135,1723
135,1739
135,1793
135,1804
135,1836
135,1876
135,1902
135,2036
135,2198
135,2290
135,2355
135,2363
135,2369
135,2424
135,2440
135,2466
135,2519
135,2529
135,2547
135,2563
135,2584
135,2613
135,2672
135,2721
135,2769
135,2888
135,2965
135,2973
135,2992
135,3016
135,3045
135,3108
135,3191
135,3219
135,3239
135,3313
135,3356
135,3424
135,3459
135,3543
135,3636
135,3767
135,3793
135,3882
135,4028
136,139
136,150
136,204
136,213
136,239
136,271
136,278
136,280
136,290
136,311
136,334
136,336
136,338
136,353
136,377
136,395
136,397
136,406
136,418
136,436
136,495
136,547
136,647
136,694
136,751
136,806
136,811
136,825
136,895
136,1066
136,1072
136,1110
136,1123
136,1175
136,1194
136,1218
136,1305
136,1316
136,1342
136,1355
136,1385
136,1404
136,1415
136,1438
136,1494
136,1503
136,1510
136,1513
136,1519
136,1659
136,1756
136,1783
136,1858
136,1918
136,1986
136,2028
136,2106
136,2269
136,2349
136,2354
136,2364
136,2424
136,2431
136,2490
136,2536
136,2589
136,2693
136,2832
136,3021
136,3035
136,3106
136,3293
136,3300
136,3354
136,3419
136,3430
136,3513
136,3546
136,3737
136,3764
136,3824
136,3873
136,3986
136,3994
137,143
137,177
137,184
137,188
137,206
137,211
137,235
137,282
137,284
137,285
137,286
137,290
137,293
137,371
137,396
137,426
137,481
137,486
137,487
137,489
137,490
137,500
137,512
137,521
137,570
137,588
137,592
137,617
137,626
137,641
137,652
137,707
137,752
137,767
137,789
137,797
137,863
137,962
137,1011
137,1025
137,1028
137,1147
137,1185
137,1204
137,1229
137,1233
137,1234
137,1238
137,1241
137,1271
137,1357
137,1370
137,1384
137,1395
137,1436
137,1507
137,1521
137,1544
137,1598
137,1617
137,1688
137,1734
137,1744
137,1881
137,1933
137,2055
137,2125
137,2228
137,2247
137,2320
137,2387
137,2448
137,2478
137,2517
137,2645
137,2662
137,2667
137,2693
137,2752
137,2774
137,2857
137,2926
137,3077
137,3162
137,3164
137,3220
137,3278
137,3329
137,3593
137,3684
137,3769
137,3925
138,141
138,156
138,164
138,180
138,215
138,230
138,236
138,244
138,255
138,267
138,290
138,293
138,303
138,346
138,368
138,373
138,374
138,381
138,390
138,391
138,406
138,413
138,420
138,443
138,484
138,498
138,509
138,512
138,527
138,571
138,587
138,606
138,609
138,614
138,615
138,618
138,626
138,667
138,734
138,739
138,741
138,775
138,782
138,857
138,862
138,863
138,882
138,924
138,938
138,954
138,1014
138,1053
138,1066
138,1147
138,1184
138,1260
138,1264
138,1273
138,1296
138,1300
138,1318
138,1322
138,1398
138,1441
138,1446
138,1492
138,1616
138,1620
138,1642
138,1705
138,1709
138,1776
138,1832
138,1916
138,1951
138,1952
138,2064
138,2164
138,2173
138,2370
138,2469
138,2533
138,2538
138,2559
138,2714
138,2866
138,2950
138,3029
138,3132
138,3238
138,3267
138,3300
138,3304
138,3306
138,3310
138,3313
138,3351
138,3460
138,3466
138,3591
138,3601
138,3604
138,3732
138,3940
138,4019
139,179
139,196
139,198
139,201
139,206
139,212
139,215
139,224
139,226
139,229
139,232
139,234
139,236
139,246
139,276
139,288
139,291
139,302
139,334
139,345
139,356
139,365
139,376
139,411
139,425
139,434
139,439
139,445
139,468
139,501
139,510
139,520
139,531
139,535
139,540
139,569
139,576
139,581
139,605
139,656
139,676
139,685
139,688
139,691
139,697
139,703
139,705
139,709
139,716
139,724
139,728
139,735
139,753
139,800
139,811
139,836
139,846
139,899
139,939
139,944
139,964
139,968
139,969
139,991
139,998
139,1000
139,1001
139,1027
139,1051
139,1052
139,1057
139,1090
139,1109
139,1145
139,1159
139,1212
139,1237
139,1242
139,1256
139,1274
139,1397
139,1525
139,1540
139,1552
139,1578
139,1591
139,1641
139,1703
139,1749
139,1783
139,1819
139,1886
139,1897
139,1921
139,1924
139,2001
139,2028
139,2044
139,2067
139,2096
139,2154
139,2171
139,2173
139,2257
139,2261
139,2263
139,2278
139,2315
139,2377
139,2403
139,2428
139,2433
139,2487
139,2510
139,2540
139,2574
139,2647
139,2707
139,2727
139,2816
139,2842
139,2917
139,2929
139,3013
139,3040
139,3140
139,3170
139,3174
139,3177
139,3303
139,3314
139,3358
139,3458
139,3528
139,3535
139,3612
139,3641
139,3642
139,3672
139,3746
139,3767
139,3784
139,3831
139,3916
139,3970
139,4001
139,4038
140,145
140,157
140,161
140,175
140,195
140,202
140,256
140,265
140,276
140,283
140,284
140,321
140,370
140,382
140,450
140,470
140,475
140,521
140,530
140,571
140,628
140,647
140,671
140,678
140,697
140,722
140,729
140,735
140,789
140,825
140,846
140,853
140,912
140,942
140,960
140,965
140,991
140,1014
140,1023
140,1029
140,1119
140,1122
140,1125
140,1154
140,1342
140,1398
140,1402
140,1416
140,1441
140,1460
140,1469
140,1485
140,1487
140,1591
140,1677
140,1694
140,1699
140,1721
140,1731
140,1814
140,1822
140,1839
140,1844
140,1924
140,2001
140,2003
140,2055
140,2062
140,2064
140,2140
140,2199
140,2296
140,2305
140,2317
140,2461
140,2510
140,2523
140,2633
140,2682
140,2689
140,2799
140,2897
140,2985
140,2986
140,3149
140,3165
140,3214
140,3265
140,3278
140,3373
140,3413
140,3643
140,3645
140,3698
140,3728
140,3773
140,3911
140,3939
141,151
141,162
141,172
141,186
141,192
141,193
141,205
141,210
141,249
141,306
141,314
141,360
141,485
141,516
141,523
141,534
141,544
141,573
141,583
141,652
141,680
141,703
141,732
141,760
141,770
141,777
141,828
141,994
141,1076
141,1102
141,1157
141,1166
141,1169
141,1198
141,1311
141,1377
141,1415
141,1435
141,1499
141,1571
141,1617
141,1663
141,1707
141,1831
141,1878
141,1883
141,1918
141,1948
141,1975
141,2006
141,2032
141,2070
141,2074
141,2170
141,2204
141,2236
141,2240
141,2266
141,2268
141,2313
141,2384
141,2425
141,2455
141,2871
141,2880
141,2891
141,3022
141,3075
141,3200
141,3376
141,3426
141,3495
141,3503
141,3573
141,3585
141,3589
141,3989
141,3991
141,4005
142,150
142,155
142,171
142,173
142,189
142,206
142,218
142,240
142,245
142,247
142,252
142,255
142,267
142,270
142,278
142,287
142,288
142,289
142,294
142,296
142,314
142,333
142,376
142,387
142,404
142,416
142,430
142,431
142,439
142,440
142,452
142,458
142,487
142,507
142,566
142,574
142,622
142,645
142,655
142,684
142,708
142,714
142,737
142,749
142,752
142,779
142,792
142,794
142,808
142,836
142,866
142,872
142,896
142,994
142,1020
142,1023
142,1040
142,1048
142,1074
142,1091
142,1171
142,1182
142,1228
142,1253
142,1310
142,1367
142,1443
142,1510
142,1526
142,1538
142,1668
142,1670
142,1791
142,1874
142,1876
142,1982
142,2106
142,2109
142,2177
142,2209
142,2217
142,2294
142,2299
142,2343
142,2356
142,2373
142,2400
142,2408
142,2440
142,2503
142,2552
142,2606
142,2646
142,2722
142,2963
142,3087
142,3198
142,3367
142,3467
142,3481
142,3488
142,3529
142,3540
142,3567
142,3571
142,3575
142,3616
142,3622
142,3652
142,3753
142,3769
142,3841
142,3960
142,3996
143,159
143,166
143,176
143,183
143,191
143,194
143,195
143,199
143,256
143,273
143,275
143,277
143,282
143,290
143,291
143,323
143,332
143,337
143,355
143,358
143,381
143,383
143,397
143,452
143,471
143,475
143,478
143,548
143,620
143,636
143,651
143,698
143,702
143,798
143,802
143,823
143,846
143,981
143,987
143,1105
143,1241
143,1383
143,1450
143,1486
143,1586
143,1602
143,1604
143,1616
143,1623
143,1669
143,1684
143,1700
143,1715
143,1766
143,1836
143,1846
143,1961
143,1967
143,2024
143,2027
143,2042
143,2046
143,2068
143,2077
143,2097
143,2122
143,2170
143,2236
143,2299
143,2366
143,2541
143,2578
143,2655
143,2768
143,2782
143,2931
143,2933
143,2940
143,2961
143,3037
143,3453
143,3761
143,3792
143,3808
143,3836
143,3886
143,3913
143,3919
143,3928
143,3929
144,160
144,174
144,196
144,198
144,220
144,243
144,263
144,275
144,308
144,335
144,356
144,375
144,387
144,407
144,437
144,446
144,468
144,483
144,513
144,523
144,556
144,578
144,609
144,627
144,629
144,699
144,713
144,726
144,802
144,828
144,837
144,838
144,894
144,915
144,957
144,958
144,1104
144,1124
144,1143
144,1154
144,1171
144,1234
144,1309
144,1354
144,1381
144,1403
144,1426
144,1445
144,1487
144,1488
144,1512
144,1517
144,1544
144,1549
144,1557
144,1667
144,1696
144,1746
144,1769
144,1793
144,1836
144,1840
144,1933
144,2131
144,2187
144,2202
144,2209
144,2253
144,2256
144,2303
144,2388
144,2492
144,2515
144,2625
144,2656
144,2658
144,2796
144,2809
144,2832
144,2888
144,2920
144,2963
144,3182
144,3184
144,3216
144,3293
144,3496
144,3497
144,3626
144,3791
145,155
145,188
145,192
145,205
145,209
145,211
145,259
145,268
145,280
145,286
145,304
145,306
145,326
145,336
145,369
145,380
145,388
145,396
145,402
145,414
145,461
145,469
145,480
145,525
145,589
145,623
145,624
145,630
145,645
145,668
145,672
145,686
145,742
145,743
145,763
145,776
145,804
145,806
145,827
145,837
145,850
145,852
145,907
145,919
145,1000
145,1110
145,1119
145,1141
145,1153
145,1164
145,1165
145,1208
145,1261
145,1275
145,1304
145,1377
145,1395
145,1408
145,1419
145,1421
145,1439
145,1471
145,1472
145,1546
145,1574
145,1642
145,1656
145,1702
145,1730
145,1731
145,1733
145,1816
145,1833
145,1865
145,1873
145,1879
145,1884
145,1889
145,1903
145,1908
145,1932
145,1953
145,1990
145,2052
145,2091
145,2104
145,2132
145,2202
145,2247
145,2471
145,2526
145,2607
145,2657
145,2729
145,2787
145,2830
145,2862
145,2902
145,2954
145,2984
145,3034
145,3088
145,3110
145,3158
145,3347
145,3386
145,3391
145,3399
145,3468
145,3478
145,3479
145,3561
145,3576
145,3602
145,3629
145,3639
145,3871
146,157
146,186
146,191
146,203
146,235
146,255
146,271
146,279
146,297
146,302
146,314
146,325
146,328
146,329
146,339
146,377
146,420
146,435
146,447
146,455
146,466
146,481
146,510
146,524
146,538
146,554
146,573
146,575
146,609
146,616
146,620
146,621
146,693
146,739
146,752
146,763
146,770
146,839
146,864
146,872
146,882
146,891
146,907
146,949
146,980
146,1076
146,1077
146,1079
146,1108
146,1136
146,1154
146,1184
146,1193
146,1198
146,1229
146,1232
146,1318
146,1359
146,1366
146,1404
146,1426
146,1430
146,1439
146,1471
146,1513
146,1529
146,1539
146,1605
146,1700
146,1702
146,1720
146,1753
146,1792
146,1824
146,1835
146,1845
146,1865
146,1902
146,2046
146,2099
146,2119
146,2135
146,2166
146,2172
146,2212
146,2225
146,2272
146,2395
146,2424
146,2449
146,2600
146,2626
146,2635
146,2718
146,2757
146,2789
146,2818
146,2992
146,2997
146,3007
146,3033
146,3055
146,3071
146,3099
146,3107
146,3123
146,3158
146,3187
146,3221
146,3255
146,3294
146,3341
146,3350
146,3453
146,3630
146,3638
146,3643
146,3648
146,3705
146,3724
146,3813
146,3865
146,3883
146,3947
147,180
147,192
147,202
147,204
147,236
147,252
147,278
147,295
147,303
147,311
147,313
147,354
147,364
147,447
147,469
147,484
147,520
147,604
147,670
147,674
147,678
147,695
147,715
147,735
147,764
147,781
147,834
147,905
147,941
147,943
147,1070
147,1223
147,1351
147,1368
147,1369
147,1387
147,1529
147,1683
147,1686
147,1729
147,1744
147,1841
147,1862
147,1907
147,2199
147,2305
147,2346
147,2393
147,2412
147,2509
147,2609
147,2612
147,2627
147,2663
147,2740
147,2762
147,2842
147,2983
147,3041
147,3049
147,3116
147,3260
147,3319
147,3375
147,3518
147,3573
147,3670
147,3818
147,3819
147,3907
148,166
148,170
148,174
148,176
148,177
148,193
148,228
148,281
148,282
148,289
148,309
148,346
148,380
148,386
148,424
148,442
148,456
148,466
148,485
148,488
148,530
148,544
148,545
148,552
148,553
148,560
148,630
148,640
148,663
148,677
148,695
148,775
148,838
148,851
148,873
148,878
148,952
148,967
148,981
148,997
148,1115
148,1134
148,1154
148,1161
148,1181
148,1202
148,1203
148,1267
148,1310
148,1378
148,1416
148,1447
148,1463
148,1464
148,1497
148,1533
148,1565
148,1587
148,1614
148,1677
148,1730
148,1745
148,1804
148,1817
148,1865
148,1937
148,1960
148,1966
148,1971
148,1997
148,2010
148,2021
148,2052
148,2067
148,2090
148,2131
148,2133
148,2179
148,2190
148,2296
148,2329
148,2427
148,2476
148,2547
148,2561
148,2734
148,2890
148,2900
148,3086
148,3124
148,3130
148,3299
148,3318
148,3425
148,3631
148,3685
148,3753
148,3801
148,3901
148,3998
149,158
149,163
149,167
149,175
149,181
149,184
149,201
149,205
149,207
149,222
149,233
149,236
149,259
149,281
149,289
149,297
149,300
149,306
149,322
149,331
149,359
149,380
149,400
149,403
149,407
149,434
149,441
149,442
149,451
149,456
149,461
149,469
149,476
149,535
149,542
149,545
149,563
149,634
149,657
149,663
149,688
149,710
149,717
149,742
149,762
149,773
149,782
149,839
149,876
149,878
149,934
149,942
149,1000
149,1042
149,1070
149,1096
149,1120
149,1148
149,1173
149,1220
149,1221
149,1224
149,1260
149,1270
149,1312
149,1330
149,1349
149,1363
149,1369
149,1379
149,1417
149,1442
149,1455
149,1487
149,1495
149,1496
149,1512
149,1545
149,1633
149,1654
149,1659
149,1673
149,1680
149,1712
149,1727
149,1773
149,1839
149,1845
149,1854
149,1866
149,1876
149,1886
149,1893
149,1912
149,1916
149,1918
149,1919
149,1966
149,1975
149,2022
149,2035
149,2058
149,2071
149,2106
149,2117
149,2122
149,2131
149,2252
149,2357
149,2358
149,2364
149,2382
149,2425
149,2504
149,2533
149,2605
149,2620
149,2629
149,2632
149,2647
149,2685
149,2753
149,2773
149,2781
149,2794
149,2844
149,2935
149,2997
149,3051
149,3085
149,3091
149,3109
149,3140
149,3221
149,3300
149,3397
149,3428
149,3444
149,3473
149,3488
149,3584
149,3592
149,3628
149,3685
149,3770
149,3794
149,3825
149,3954
149,3980
149,4009
149,4024
150,167
150,186
150,199
150,200
150,204
150,210
150,241
150,329
150,355
150,363
150,434
150,515
150,537
150,636
150,637
150,714
150,718
150,801
150,810
150,849
150,938
150,941
150,983
150,994
150,1044
150,1160
150,1184
150,1202
150,1228
150,1333
150,1399
150,1407
150,1417
150,1436
150,1483
150,1543
150,1564
150,1613
150,1641
150,1695
150,1699
150,1734
150,1876
150,1879
150,1888
150,2042
150,2049
150,2074
150,2141
150,2215
150,2383
150,2507
150,2567
150,2597
150,2607
150,2614
150,2769
150,2777
150,2840
150,2877
150,2972
150,3006
150,3315
150,3349
150,3376
150,3529
150,3601
150,3842
150,3947
151,152
151,160
151,162
151,167
151,189
151,205
151,228
151,255
151,258
151,270
151,273
151,287
151,302
151,315
151,317
151,347
151,351
151,362
151,366
151,389
151,433
151,437
151,471
151,507
151,516
151,570
151,572
151,573
151,590
151,594
151,632
151,639
151,682
151,737
151,757
151,781
151,786
151,791
151,809
151,824
151,831
151,850
151,875
151,901
151,916
151,923
151,986
151,993
151,1037
151,1092
151,1159
151,1181
151,1191
151,1201
151,1209
151,1221
151,1235
151,1244
151,1247
151,1277
151,1290
151,1363
151,1366
151,1385
151,1428
151,1461
151,1485
151,1498
151,1606
151,1612
151,1652
151,1654
151,1679
151,1696
151,1705
151,1735
151,1745
151,1770
151,1827
151,1854
151,1951
151,1974
151,1975
151,1984
151,2001
151,2070
151,2093
151,2159
151,2164
151,2267
151,2320
151,2341
151,2355
151,2459
151,2524
151,2542
151,2599
151,2610
151,2622
151,2629
151,2652
151,2656
151,2666
151,2674
151,2680
151,2686
151,2691
151,2718
151,2731
151,2861
151,2912
151,2940
151,2950
151,2958
151,2967
151,3010
151,3043
151,3086
151,3133
151,3139
151,3140
151,3146
151,3174
151,3204
151,3221
151,3273
151,3275
151,3316
151,3412
151,3443
151,3501
151,3534
151,3559
151,3570
151,3583
151,3621
151,3669
151,3713
151,3739
151,3791
151,3844
151,3875
151,3895
151,3913
151,3990
151,3995
152,153
152,156
152,183
152,185
152,197
152,201
152,223
152,235
152,256
152,274
152,287
152,304
152,338
152,345
152,350
152,363
152,368
152,392
152,400
152,424
152,433
152,451
152,456
152,463
152,469
152,480
152,481
152,512
152,526
152,548
152,603
152,610
152,654
152,656
152,657
152,678
152,698
152,758
152,773
152,816
152,822
152,865
152,934
152,939
152,947
152,992
152,1010
152,1113
152,1168
152,1190
152,1215
152,1287
152,1490
152,1493
152,1575
152,1706
152,1781
152,1800
152,1860
152,1891
152,2009
152,2035
152,2067
152,2244
152,2272
152,2334
152,2357
152,2403
152,2556
152,2622
152,2697
152,2701
152,2759
152,2805
152,2828
152,2875
152,2876
152,2921
152,2941
152,3004
152,3136
152,3198
152,3199
152,3245
152,3436
152,3522
152,3579
152,3691
152,3753
152,3829
152,3945
152,3974
152,3998
153,155
153,157
153,175
153,212
153,230
153,276
153,280
153,302
153,324
153,327
153,388
153,422
153,447
153,454
153,499
153,527
153,550
153,601
153,607
153,634
153,640
153,654
153,670
153,750
153,760
153,800
153,870
153,883
153,887
153,953
153,986
153,1009
153,1022
153,1032
153,1047
153,1066
153,1121
153,1148
153,1209
153,1275
153,1386
153,1391
153,1394
153,1482
153,1488
153,1593
153,1626
153,1643
153,1646
153,1691
153,1794
153,1816
153,1865
153,1899
153,1996
153,2044
153,2049
153,2050
153,2150
153,2172
153,2183
153,2237
153,2242
153,2263
153,2291
153,2347
153,2365
153,2457
153,2476
153,2728
153,2772
153,2794
153,2829
153,2851
153,2918
153,3103
153,3153
153,3232
153,3334
153,3545
153,3570
153,3598
153,3634
153,3639
153,3686
153,3758
153,3780
153,3800
153,3829
153,3923
154,163
154,172
154,175
154,187
154,201
154,214
154,230
154,238
154,265
154,304
154,344
154,357
154,390
154,393
154,396
154,433
154,448
154,449
154,477
154,488
154,491
154,505
154,533
154,594
154,602
154,608
154,627
154,631
154,639
154,649
154,658
154,758
154,783
154,785
154,804
154,871
154,891
154,899
154,933
154,949
154,957
154,968
154,971
154,991
154,1050
154,1085
154,1178
154,1224
154,1295
154,1351
154,1361
154,1439
154,1479
154,1496
154,1519
154,1520
154,1612
154,1629
154,1706
154,1716
154,1808
154,1869
154,1927
154,1934
154,2053
154,2054
154,2158
154,2244
154,2293
154,2324
154,2388
154,2499
154,2530
154,2549
154,2637
154,2677
154,2786
154,2794
154,2833
154,3001
154,3024
154,3036
154,3069
154,3169
154,3186
154,3219
154,3394
154,3491
154,3592
154,3622
154,3647
154,3670
154,3686
154,3697
154,3734
154,3741
154,3784
154,3859
154,3957
155,184
155,215
155,216
155,217
155,227
155,248
155,266
155,292
155,309
155,310
155,321
155,399
155,416
155,437
155,445
155,472
155,505
155,513
155,534
155,539
155,590
155,598
155,624
155,641
155,650
155,651
155,675
155,692
155,694
155,739
155,746
155,773
155,891
155,913
155,922
155,932
155,1019
155,1029
155,1039
155,1046
155,1062
155,1126
155,1161
155,1183
155,1273
155,1296
155,1381
155,1428
155,1463
155,1472
155,1485
155,1486
155,1569
155,1581
155,1597
155,1614
155,1638
155,1644
155,1789
155,1807
155,1812
155,1842
155,1846
155,1876
155,1893
155,2008
155,2059
155,2094
155,2116
155,2148
155,2181
155,2191
155,2248
155,2295
155,2333
155,2362
155,2418
155,2494
155,2524
155,2534
155,2584
155,2590
155,2639
155,2646
155,2760
155,2894
155,2904
155,2910
155,2930
155,3008
155,3022
155,3131
155,3285
155,3300
155,3408
155,3492
155,3597
155,3605
155,3627
155,3636
155,3644
155,3664
155,3704
155,3733
155,3822
155,3829
156,186
156,191
156,207
156,218
156,220
156,224
156,232
156,313
156,317
156,342
156,345
156,353
156,429
156,474
156,475
156,481
156,490
156,500
156,533
156,567
156,660
156,722
156,724
156,731
156,746
156,771
156,863
156,923
156,1083
156,1107
156,1125
156,1156
156,1193
156,1208
156,1243
156,1246
156,1256
156,1274
156,1278
156,1285
156,1289
156,1290
156,1333
156,1340
156,1352
156,1588
156,1633
156,1658
156,1691
156,1701
156,1739
156,1770
156,1960
156,1968
156,2047
156,2095
156,2144
156,2322
156,2507
156,2569
156,2615
156,2711
156,2734
156,2761
156,2826
156,2842
156,2889
156,3194
156,3307
156,3378
156,3563
156,3656
156,3823
156,3843
156,3880
156,3983
157,160
157,168
157,181
157,185
157,215
157,233
157,248
157,318
157,327
157,351
157,370
157,399
157,414
157,461
157,487
157,510
157,538
157,558
157,580
157,603
157,608
157,612
157,625
157,638
157,677
157,686
157,714
157,718
157,790
157,801
157,803
157,807
157,814
157,819
157,820
157,869
157,910
157,931
157,1023
157,1082
157,1121
157,1129
157,1146
157,1170
157,1395
157,1446
157,1455
157,1461
157,1480
157,1534
157,1552
157,1554
157,1649
157,1657
157,1743
157,1845
157,1890
157,1928
157,1948
157,2017
157,2067
157,2128
157,2193
157,2222
157,2283
157,2287
157,2302
157,2344
157,2352
157,2380
157,2545
157,2577
157,2602
157,2620
157,2636
157,2671
157,2737
157,2943
157,3017
157,3126
157,3131
157,3206
157,3269
157,3300
157,3320
157,3396
157,3402
157,3459
157,3681
157,3708
157,3834
157,3842
157,3902
157,3906
157,3975
157,4032
158,180
158,182
158,207
158,248
158,254
158,258
158,264
158,295
158,355
158,357
158,376
158,383
158,391
158,398
158,440
158,445
158,453
158,461
158,512
158,523
158,562
158,567
158,600
158,643
158,656
158,658
158,702
158,703
158,763
158,772
158,779
158,786
158,791
158,842
158,866
158,895
158,905
158,908
158,915
158,925
158,945
158,988
158,1012
158,1029
158,1048
158,1049
158,1077
158,1095
158,1113
158,1143
158,1219
158,1242
158,1281
158,1304
158,1375
158,1396
158,1432
158,1488
158,1574
158,1638
158,1699
158,1800
158,1805
158,1809
158,1826
158,1840
158,1878
158,1879
158,1896
158,1965
158,1967
158,1987
158,1999
158,2012
158,2055
158,2129
158,2156
158,2177
158,2211
158,2229
158,2276
158,2312
158,2334
158,2398
158,2403
158,2409
158,2415
158,2448
158,2471
158,2515
158,2549
158,2647
158,2659
158,2660
158,2695
158,2735
158,2744
158,2770
158,2837
158,2864
158,3227
158,3304
158,3353
158,3418
158,3443
158,3457
158,3469
158,3533
158,3537
158,3591
158,3609
158,3683
158,3785
158,3808
158,3894
158,3897
158,3911
158,3994
158,3996
159,168
159,176
159,187
159,204
159,217
159,218
159,223
159,225
159,238
159,299
159,311
159,315
159,322
159,326
159,334
159,338
159,387
159,400
159,474
159,493
159,500
159,552
159,567
159,597
159,598
159,605
159,611
159,618
159,634
159,718
159,727
159,729
159,736
159,789
159,824
159,922
159,931
159,992
159,1023
159,1031
159,1039
159,1054
159,1097
159,1152
159,1155
159,1227
159,1300
159,1323
159,1351
159,1448
159,1519
159,1527
159,1604
159,1627
159,1765
159,1777
159,1792
159,1793
159,1828
159,1840
159,1853
159,1863
159,1917
159,1973
159,2007
159,2041
159,2060
159,2065
159,2217
159,2269
159,2331
159,2346
159,2355
159,2422
159,2519
159,2527
159,2781
159,2911
159,2957
159,3088
159,3148
159,3433
159,3489
159,3509
159,3520
159,3554
159,3576
159,3705
159,3763
159,3796
159,3813
159,3893
159,3904
159,3922
159,3936
159,4036
160,167
160,176
160,194
160,213
160,228
160,233
160,265
160,291
160,329
160,334
160,338
160,343
160,346
160,398
160,460
160,486
160,532
160,642
160,643
160,644
160,657
160,707
160,714
160,716
160,734
160,739
160,817
160,832
160,842
160,847
160,852
160,926
160,992
160,1001
160,1020
160,1076
160,1103
160,1195
160,1226
160,1233
160,1244
160,1248
160,1348
160,1390
160,1421
160,1435
160,1530
160,1554
160,1559
160,1573
160,1665
160,1715
160,1740
160,1772
160,1926
160,1977
160,2020
160,2142
160,2227
160,2340
160,2354
160,2357
160,2427
160,2456
160,2471
160,2626
160,2642
160,2998
160,3088
160,3111
160,3133
160,3139
160,3262
160,3271
160,3333
160,3434
160,3484
160,3515
160,3602
160,3664
160,3718
160,3727
160,3838
160,3886
160,3896
160,3937
160,3961
161,181
161,193
161,203
161,210
161,224
161,252
161,280
161,305
161,320
161,340
161,376
161,432
161,440
161,464
161,501
161,514
161,522
161,525
161,540
161,547
161,548
161,553
161,609
161,625
161,650
161,705
161,715
161,850
161,882
161,952
161,990
161,1004
161,1054
161,1097
161,1205
161,1213
161,1233
161,1293
161,1294
161,1302
161,1338
161,1357
161,1360
161,1473
161,1513
161,1534
161,1630
161,1671
161,1784
161,1881
161,1899
161,1954
161,1980
161,2000
161,2026
161,2140
161,2221
161,2233
161,2275
161,2386
161,2401
161,2403
161,2468
161,2548
161,2577
161,2588
161,2608
161,2666
161,2700
161,2707
161,2812
161,2938
161,3007
161,3027
161,3039
161,3042
161,3146
161,3271
161,3326
161,3365
161,3500
161,3662
161,3824
161,3868
161,4036
162,163
162,164
162,166
162,180
162,198
162,206
162,219
162,222
162,241
162,246
162,262
162,319
162,362
162,365
162,383
162,413
162,429
162,434
162,459
162,490
162,501
162,521
162,536
162,643
162,668
162,678
162,701
162,734
162,766
162,778
162,787
162,796
162,829
162,875
162,881
162,901
162,958
162,1012
162,1080
162,1144
162,1156
162,1195
162,1200
162,1244
162,1261
162,1480
162,1491
162,1496
162,1524
162,1731
162,1738
162,1750
162,1756
162,1760
162,1770
162,1800
162,1803
162,1930
162,1931
162,1962
162,1966
162,1984
162,2060
162,2077
162,2130
162,2364
162,2454
162,2479
162,2507
162,2511
162,2618
162,2672
162,2701
162,2704
162,2772
162,2779
162,2831
162,2944
162,2989
162,2999
162,3114
162,3305
162,3319
162,3342
162,3381
162,3402
162,3458
162,3536
162,3563
162,3578
162,3599
162,3764
162,3769
162,3904
162,3961
163,179
163,200
163,202
163,223
163,231
163,233
163,236
163,256
163,261
163,267
163,271
163,308
163,324
163,326
163,347
163,363
163,389
163,439
163,483
163,494
163,496
163,515
163,557
163,575
163,607
163,665
163,676
163,682
163,683
163,745
163,770
163,853
163,882
163,933
163,949
163,976
163,1008
163,1083
163,1115
163,1132
163,1209
163,1216
163,1268
163,1296
163,1420
163,1421
163,1430
163,1524
163,1646
163,1683
163,1725
163,1771
163,1782
163,1807
163,1815
163,1829
163,1875
163,1925
163,1997
163,2127
163,2143
163,2146
163,2220
163,2421
163,2541
163,2605
163,2672
163,2783
163,2839
163,2847
163,2876
163,3089
163,3123
163,3134
163,3206
163,3238
163,3243
163,3350
163,3590
163,3628
163,3631
163,3660
163,3765
163,3841
163,3854
163,3871
163,3901
163,3937
163,3952
163,3979
164,171
164,174
164,191
164,196
164,285
164,288
164,293
164,300
164,306
164,327
164,360
164,382
164,388
164,389
164,423
164,424
164,434
164,454
164,461
164,495
164,504
164,527
164,592
164,659
164,688
164,700
164,701
164,797
164,818
164,819
164,851
164,881
164,886
164,908
164,1015
164,1018
164,1047
164,1079
164,1140
164,1178
164,1180
164,1186
164,1373
164,1437
164,1493
164,1555
164,1612
164,1647
164,1671
164,1688
164,1697
164,1701
164,1756
164,1847
164,1944
164,1952
164,2004
164,2095
164,2181
164,2362
164,2420
164,2496
164,2522
164,2591
164,2635
164,2654
164,2710
164,2720
164,2823
164,2843
164,2963
164,3139
164,3141
164,3251
164,3264
164,3422
164,3529
164,3822
164,3854
164,3872
164,3882
164,3922
164,3983
165,183
165,198
165,210
165,212
165,222
165,261
165,338
165,423
165,494
165,507
165,535
165,537
165,552
165,589
165,636
165,653
165,661
165,669
165,752
165,803
165,893
165,898
165,988
165,1084
165,1086
165,1105
165,1221
165,1329
165,1363
165,1536
165,1639
165,1651
165,1684
165,1752
165,1755
165,1767
165,1870
165,2012
165,2051
165,2057
165,2060
165,2061
165,2167
165,2204
165,2262
165,2337
165,2384
165,2570
165,2584
165,2638
165,2658
165,2711
165,2739
165,2750
165,2770
165,2854
165,2857
165,2869
165,2898
165,2948
165,2962
165,3024
165,3086
165,3095
165,3346
165,3389
165,3437
165,3718
165,3844
165,3879
165,3931
165,3954
165,3999
166,185
166,207
166,218
166,226
166,232
166,239
166,244
166,249
166,261
166,306
166,311
166,351
166,355
166,361
166,378
166,387
166,426
166,432
166,446
166,458
166,501
166,516
166,560
166,561
166,588
166,617
166,635
166,695
166,728
166,746
166,773
166,774
166,797
166,936
166,995
166,1033
166,1079
166,1100
166,1227
166,1290
166,1296
166,1325
166,1360
166,1370
166,1417
166,1474
166,1561
166,1619
166,1670
166,1682
166,1694
166,1745
166,1752
166,1802
166,1826
166,1863
166,1919
166,1958
166,1973
166,1989
166,2040
166,2108
166,2137
166,2152
166,2278
166,2332
166,2420
166,2478
166,2525
166,2553
166,2705
166,2710
166,2752
166,2796
166,2861
166,3126
166,3236
166,3318
166,3423
166,3522
166,3637
166,3670
166,3821
166,3873
166,3878
167,213
167,285
167,287
167,303
167,308
167,315
167,349
167,361
167,430
167,433
167,457
167,458
167,471
167,474
167,518
167,528
167,573
167,607
167,632
167,805
167,982
167,1002
167,1014
167,1160
167,1188
167,1210
167,1344
167,1354
167,1399
167,1452
167,1482
167,1530
167,1625
167,1696
167,1803
167,1826
167,1891
167,1896
167,2018
167,2025
167,2055
167,2202
167,2209
167,2355
167,2476
167,2500
167,2779
167,2870
167,2959
167,3006
167,3207
167,3453
167,3472
167,3489
167,3506
167,3674
168,177
168,205
168,213
168,232
168,241
168,256
168,267
168,272
168,292
168,324
168,337
168,383
168,389
168,409
168,426
168,475
168,541
168,560
168,566
168,623
168,655
168,679
168,712
168,806
168,835
168,836
168,928
168,950
168,953
168,960
168,964
168,1030
168,1038
168,1109
168,1123
168,1148
168,1174
168,1185
168,1186
168,1222
168,1225
168,1276
168,1296
168,1332
168,1377
168,1379
168,1386
168,1442
168,1449
168,1459
168,1578
168,1584
168,1596
168,1605
168,1677
168,1734
168,1810
168,1866
168,1869
168,1992
168,2055
168,2063
168,2084
168,2114
168,2190
168,2208
168,2249
168,2270
168,2291
168,2476
168,2479
168,2525
168,2533
168,2560
168,2596
168,2628
168,2687
168,2750
168,2827
168,2905
168,2950
168,2976
168,2996
168,3046
168,3066
168,3158
168,3173
168,3362
168,3372
168,3392
168,3479
168,3665
168,3702
168,3712
168,3847
168,3850
168,3860
168,3911
168,3931
168,4031
169,217
169,225
169,237
169,238
169,253
169,258
169,259
169,291
169,295
169,297
169,355
169,373
169,376
169,413
169,488
169,490
169,522
169,523
169,524
169,541
169,542
169,598
169,608
169,614
169,637
169,639
169,645
169,667
169,703
169,718
169,733
169,736
169,737
169,811
169,843
169,878
169,938
169,957
169,985
169,1039
169,1089
169,1130
169,1138
169,1140
169,1226
169,1254
169,1428
169,1470
169,1653
169,1666
169,1875
169,1907
169,1959
169,2004
169,2021
169,2041
169,2067
169,2138
169,2202
169,2259
169,2288
169,2311
169,2803
169,2827
169,2837
169,2843
169,2858
169,2945
169,3017
169,3095
169,3102
169,3133
169,3367
169,3456
169,3507
169,3517
169,3590
169,3614
169,3666
169,3745
169,3753
169,3903
169,3992
169,4000
170,189
170,196
170,205
170,227
170,230
170,247
170,254
170,257
170,359
170,397
170,404
170,425
170,449
170,491
170,504
170,520
170,538
170,561
170,573
170,630
170,641
170,670
170,691
170,694
170,727
170,838
170,860
170,887
170,963
170,968
170,971
170,999
170,1002
170,1038
170,1056
170,1070
170,1135
170,1162
170,1180
170,1211
170,1291
170,1297
170,1311
170,1316
170,1320
170,1340
170,1368
170,1437
170,1438
170,1447
170,1533
170,1565
170,1572
170,1642
170,1884
170,1945
170,1953
170,1990
170,2104
170,2139
170,2155
170,2178
170,2186
170,2276
170,2312
170,2322
170,2345
170,2371
170,2447
170,2481
170,2494
170,2672
170,2703
170,2709
170,2757
170,2801
170,2846
170,2881
170,2883
170,2897
170,2992
170,3083
170,3108
170,3110
170,3135
170,3211
170,3240
170,3262
170,3285
170,3352
170,3432
170,3471
170,3526
170,3599
170,3759
170,3817
170,3954
171,172
171,174
171,200
171,209
171,252
171,314
171,328
171,336
171,366
171,368
171,384
171,402
171,430
171,444
171,455
171,461
171,520
171,573
171,624
171,702
171,755
171,765
171,794
171,837
171,854
171,890
171,913
171,934
171,940
171,956
171,983
171,1090
171,1122
171,1172
171,1267
171,1394
171,1425
171,1515
171,1599
171,1893
171,2009
171,2064
171,2073
171,2074
171,2211
171,2266
171,2343
171,2412
171,2620
171,2637
171,2656
171,2799
171,2876
171,2881
171,2933
171,2934
171,2956
171,3037
171,3067
171,3125
171,3188
171,3261
171,3307
171,3464
171,3569
171,3581
171,3636
171,3691
171,3730
171,3813
171,3970
172,174
172,212
172,216
172,221
172,227
172,231
172,236
172,267
172,292
172,311
172,325
172,335
172,343
172,356
172,357
172,378
172,411
172,418
172,503
172,519
172,617
172,627
172,642
172,680
172,682
172,690
172,720
172,734
172,744
172,764
172,830
172,831
172,874
172,921
172,1123
172,1126
172,1161
172,1169
172,1187
172,1191
172,1256
172,1287
172,1319
172,1324
172,1354
172,1385
172,1413
172,1434
172,1442
172,1468
172,1478
172,1479
172,1523
172,1577
172,1627
172,1631
172,1795
172,1907
172,1926
172,1996
172,1998
172,2063
172,2074
172,2117
172,2182
172,2244
172,2253
172,2350
172,2396
172,2423
172,2490
172,2524
172,2598
172,2634
172,2645
172,2702
172,2739
172,2742
172,2744
172,2819
172,3056
172,3169
172,3304
172,3314
172,3394
172,3397
172,3437
172,3461
172,3488
172,3720
172,3758
172,3788
172,3852
172,4034
173,175
173,188
173,199
173,204
173,211
173,228
173,271
173,343
173,353
173,354
173,361
173,373
173,412
173,420
173,478
173,500
173,531
173,537
173,552
173,569
173,574
173,584
173,592
173,675
173,680
173,708
173,740
173,759
173,999
173,1035
173,1052
173,1072
173,1100
173,1187
173,1211
173,1330
173,1412
173,1463
173,1511
173,1538
173,1591
173,1644
173,1715
173,1872
173,1971
173,1975
173,1977
173,1996
173,2024
173,2077
173,2095
173,2132
173,2147
173,2201
173,2239
173,2292
173,2306
173,2329
173,2367
173,2369
173,2438
173,2459
173,2490
173,2589
173,2622
173,2674
173,2792
173,2811
173,2889
173,3030
173,3081
173,3217
173,3235
173,3258
173,3483
173,3503
173,3533
173,3542
173,3553
173,3633
173,3678
173,3679
173,3740
173,3899
173,3938
173,3950
173,4008
173,4015
174,221
174,242
174,249
174,272
174,295
174,370
174,382
174,406
174,409
174,432
174,433
174,503
174,565
174,566
174,583
174,627
174,673
174,754
174,761
174,864
174,889
174,902
174,903
174,948
174,984
174,1021
174,1043
174,1052
174,1129
174,1175
174,1191
174,1292
174,1347
174,1357
174,1379
174,1409
174,1462
174,1603
174,1605
174,1614
174,1646
174,1672
174,1715
174,1838
174,1844
174,1858
174,1943
174,2125
174,2137
174,2194
174,2376
174,2452
174,2492
174,2517
174,2639
174,2656
174,2684
174,2701
174,2704
174,2819
174,2898
174,3043
174,3126
174,3226
174,3391
174,3425
174,3433
174,3488
174,3612
174,3637
174,3642
174,3655
174,3667
174,3708
174,3748
174,3827
174,3936
174,3937
174,4004
175,192
175,194
175,195
175,197
175,213
175,225
175,229
175,241
175,252
175,267
175,270
175,288
175,300
175,320
175,323
175,355
175,370
175,375
175,380
175,443
175,457
175,475
175,500
175,556
175,562
175,571
175,575
175,603
175,613
175,635
175,658
175,679
175,689
175,696
175,701
175,744
175,759
175,800
175,801
175,804
175,807
175,826
175,845
175,864
175,872
175,885
175,894
175,912
175,928
175,978
175,985
175,1017
175,1068
175,1126
175,1152
175,1196
175,1204
175,1352
175,1359
175,1373
175,1376
175,1383
175,1391
175,1441
175,1449
175,1460
175,1466
175,1555
175,1599
175,1796
175,1861
175,1871
175,1912
175,1926
175,1961
175,2011
175,2055
175,2110
175,2169
175,2186
175,2196
175,2209
175,2212
175,2232
175,2268
175,2271
175,2333
175,2416
175,2644
175,2694
175,2730
175,2755
175,2758
175,2773
175,2822
175,2954
175,2989
175,2997
175,3103
175,3139
175,3157
175,3279
175,3315
175,3388
175,3398
175,3423
175,3476
175,3534
175,3536
175,3597
175,3612
175,3658
175,3705
175,3722
175,3806
175,3809
175,3863
175,4009
176,184
176,185
176,196
176,206
176,209
176,250
176,251
176,294
176,314
176,316
176,320
176,339
176,384
176,390
176,393
176,475
176,491
176,534
176,575
176,610
176,620
176,663
176,679
176,682
176,696
176,711
176,725
176,768
176,802
176,855
176,864
176,880
176,974
176,992
176,1053
176,1073
176,1077
176,1080
176,1180
176,1189
176,1323
176,1369
176,1381
176,1395
176,1398
176,1420
176,1492
176,1557
176,1569
176,1617
176,1621
176,1744
176,1750
176,1767
176,1777
176,1788
176,1835
176,1920
176,2050
176,2132
176,2247
176,2284
176,2314
176,2342
176,2407
176,2506
176,2522
176,2709
176,2824
176,2836
176,2850
176,2856
176,2950
176,2986
176,2998
176,3052
176,3053
176,3167
176,3182
176,3213
176,3285
176,3322
176,3580
176,3595
176,3603
176,3707
176,3729
176,3812
176,3944
176,3984
177,183
177,186
177,189
177,198
177,317
177,322
177,323
177,369
177,386
177,401
177,405
177,423
177,435
177,517
177,621
177,628
177,652
177,702
177,704
177,725
177,726
177,732
177,800
177,843
177,858
177,889
177,933
177,959
177,961
177,967
177,977
177,1041
177,1152
177,1228
177,1267
177,1310
177,1323
177,1342
177,1346
177,1351
177,1435
177,1484
177,1517
177,1595
177,1639
177,1717
177,1721
177,1733
177,1791
177,1804
177,1843
177,1928
177,2016
177,2073
177,2126
177,2147
177,2243
177,2302
177,2359
177,2375
177,2400
177,2456
177,2608
177,2662
177,2756
177,2817
177,2821
177,2902
177,2909
177,2932
177,3098
177,3133
177,3297
177,3362
177,3396
177,3401
177,3402
177,3420
177,3507
177,3592
177,3643
177,3650
177,3773
177,3860
177,3873
177,3883
177,4012
177,4038
178,201
178,203
178,210
178,220
178,223
178,234
178,296
178,297
178,364
178,380
178,421
178,433
178,446
178,451
178,470
178,479
178,494
178,509
178,534
178,541
178,542
178,565
178,569
178,584
178,602
178,614
178,625
178,630
178,641
178,642
178,662
178,687
178,692
178,704
178,743
178,744
178,766
178,788
178,795
178,814
178,829
178,830
178,842
178,940
178,952
178,956
178,971
178,980
178,989
178,1025
178,1028
178,1040
178,1088
178,1092
178,1106
178,1120
178,1146
178,1160
178,1180
178,1222
178,1292
178,1381
178,1447
178,1456
178,1460
178,1541
178,1573
178,1575
178,1582
178,1586
178,1592
178,1619
178,1733
178,1778
178,1920
178,1985
178,2005
178,2019
178,2046
178,2199
178,2330
178,2350
178,2418
178,2429
178,2519
178,2542
178,2543
178,2544
178,2591
178,2636
178,2642
178,2711
178,2740
178,2867
178,2883
178,2897
178,2917
178,2958
178,2962
178,2973
178,3005
178,3018
178,3071
178,3080
178,3098
178,3124
178,3146
178,3171
178,3203
178,3230
178,3246
178,3256
178,3292
178,3369
178,3398
178,3401
178,3434
178,3477
178,3488
178,3497
178,3522
178,3575
178,3579
178,3585
178,3622
178,3673
178,3730
178,3788
178,3804
178,3829
178,3934
178,3992
179,203
179,208
179,211
179,219
179,224
179,225
179,231
179,233
179,258
179,289
179,294
179,309
179,332
179,339
179,353
179,374
179,376
179,385
179,388
179,405
179,466
179,478
179,485
179,487
179,492
179,496
179,512
179,513
179,522
179,528
179,529
179,540
179,549
179,642
179,677
179,710
179,712
179,758
179,779
179,785
179,819
179,845
179,867
179,870
179,906
179,921
179,994
179,1007
179,1020
179,1043
179,1068
179,1099
179,1132
179,1145
179,1176
179,1178
179,1190
179,1213
179,1274
179,1331
179,1345
179,1385
179,1406
179,1410
179,1446
179,1469
179,1557
179,1586
179,1611
179,1623
179,1689
179,1708
179,1710
179,1747
179,1763
179,1765
179,1885
179,1978
179,2074
179,2227
179,2268
179,2304
179,2349
179,2453
179,2491
179,2536
179,2547
179,2592
179,2624
179,2652
179,2979
179,3007
179,3016
179,3073
179,3122
179,3297
179,3399
179,3512
179,3557
179,3619
179,3647
179,3697
179,3699
179,3714
179,3756
179,3867
179,3872
179,3944
180,187
180,188
180,193
180,197
180,224
180,263
180,285
180,294
180,296
180,305
180,313
180,324
180,326
180,431
180,439
180,443
180,444
180,485
180,521
180,522
180,547
180,552
180,687
180,703
180,728
180,731
180,795
180,803
180,835
180,840
180,851
180,862
180,883
180,892
180,939
180,1013
180,1033
180,1053
180,1058
180,1166
180,1196
180,1230
180,1321
180,1372
180,1442
180,1462
180,1468
180,1574
180,1621
180,1739
180,1842
180,1871
180,1890
180,1898
180,1905
180,1914
180,1944
180,2020
180,2030
180,2151
180,2258
180,2354
180,2426
180,2479
180,2517
180,2548
180,2571
180,2651
180,2657
180,2710
180,2788
180,3069
180,3143
180,3162
180,3209
180,3254
180,3282
180,3352
180,3399
180,3429
180,3434
180,3502
180,3517
180,3599
180,3617
180,3633
180,3747
180,3760
180,3778
180,3780
180,3890
180,3929
180,3967
180,3970
180,4016
181,223
181,384
181,412
181,608
181,695
181,715
181,758
181,797
181,820
181,824
181,851
181,861
181,915
181,941
181,976
181,999
181,1113
181,1114
181,1159
181,1182
181,1369
181,1522
181,1537
181,1556
181,1569
181,1652
181,1664
181,1670
181,1699
181,1715
181,1786
181,1821
181,1841
181,1854
181,1983
181,1991
181,2066
181,2111
181,2185
181,2301
181,2339
181,2386
181,2510
181,2602
181,2634
181,2660
181,2678
181,2691
181,2725
181,2970
181,3038
181,3165
181,3182
181,3316
181,3409
181,3497
181,3531
181,3613
181,3639
181,3724
181,3730
181,3796
181,3900
181,3906
182,190
182,223
182,233
182,256
182,289
182,292
182,298
182,302
182,307
182,345
182,349
182,386
182,408
182,414
182,448
182,469
182,477
182,516
182,525
182,538
182,547
182,564
182,574
182,587
182,614
182,731
182,738
182,752
182,798
182,803
182,817
182,915
182,957
182,958
182,973
182,989
182,1061
182,1064
182,1081
182,1111
182,1116
182,1124
182,1138
182,1219
182,1245
182,1267
182,1275
182,1316
182,1332
182,1346
182,1349
182,1425
182,1480
182,1509
182,1511
182,1523
182,1561
182,1570
182,1615
182,1725
182,1733
182,1783
182,1798
182,1805
182,1833
182,1861
182,1890
182,1903
182,2075
182,2104
182,2147
182,2229
182,2260
182,2289
182,2379
182,2441
182,2515
182,2516
182,2604
182,2908
182,2977
182,2994
182,3053
182,3162
182,3227
182,3269
182,3323
182,3427
182,3516
182,3630
182,3648
182,3765
182,3839
182,3880
182,3906
182,3926
182,3941
182,3986
183,191
183,193
183,204
183,206
183,239
183,245
183,255
183,257
183,271
183,291
183,302
183,318
183,323
183,369
183,426
183,445
183,458
183,485
183,519
183,536
183,540
183,559
183,587
183,638
183,643
183,702
183,771
183,779
183,784
183,843
183,862
183,868
183,876
183,899
183,903
183,974
183,1073
183,1088
183,1122
183,1125
183,1201
183,1363
183,1398
183,1516
183,1552
183,1786
183,1837
183,1917
183,1950
183,2061
183,2098
183,2141
183,2174
183,2201
183,2271
183,2288
183,2365
183,2434
183,2446
183,2469
183,2568
183,2590
183,2635
183,2700
183,2776
183,2787
183,2836
183,2852
183,3356
183,3427
183,3428
183,3478
183,3507
183,3511
183,3538
183,3571
183,3575
183,3637
183,3735
183,3745
183,3810
183,3826
183,3885
183,3961
183,3962
184,187
184,191
184,212
184,241
184,247
184,276
184,294
184,393
184,436
184,451
184,455
184,525
184,547
184,560
184,563
184,642
184,663
184,665
184,684
184,724
184,750
184,753
184,916
184,969
184,970
184,993
184,1072
184,1091
184,1116
184,1141
184,1206
184,1213
184,1283
184,1293
184,1498
184,1520
184,1583
184,1660
184,1670
184,1743
184,1792
184,1888
184,1913
184,1968
184,2017
184,2083
184,2125
184,2144
184,2160
184,2184
184,2209
184,2240
184,2268
184,2401
184,2432
184,2437
184,2466
184,2469
184,2481
184,2558
184,2652
184,2659
184,2663
184,2690
184,2719
184,2829
184,2849
184,2901
184,3207
184,3269
184,3367
184,3432
184,3472
184,3481
184,3486
184,3533
184,3615
184,3646
184,3896
184,3953
184,3954
184,4005
185,188
185,190
185,219
185,267
185,269
185,281
185,300
185,325
185,352
185,375
185,376
185,392
185,403
185,450
185,475
185,536
185,551
185,552
185,607
185,631
185,635
185,639
185,710
185,723
185,754
185,827
185,861
185,905
185,1052
185,1073
185,1111
185,1235
185,1241
185,1264
185,1329
185,1362
185,1376
185,1391
185,1446
185,1461
185,1543
185,1581
185,1638
185,1705
185,1987
185,2013
185,2040
185,2058
185,2161
185,2175
185,2254
185,2337
185,2343
185,2430
185,2565
185,2618
185,2682
185,2749
185,2820
185,2973
185,2989
185,3061
185,3082
185,3083
185,3092
185,3112
185,3159
185,3224
185,3256
185,3320
185,3362
185,3368
185,3393
185,3399
185,3440
185,3451
185,3489
185,3560
185,3568
185,3577
185,3625
185,3788
185,3802
185,3810
185,3838
185,3842
185,3860
186,189
186,229
186,239
186,244
186,248
186,252
186,258
186,265
186,270
186,273
186,335
186,336
186,337
186,339
186,347
186,356
186,360
186,378
186,398
186,403
186,423
186,425
186,470
186,477
186,507
186,523
186,577
186,591
186,612
186,661
186,675
186,676
186,700
186,701
186,713
186,728
186,758
186,773
186,856
186,857
186,925
186,928
186,940
186,954
186,961
186,962
186,1006
186,1052
186,1087
186,1091
186,1167
186,1225
186,1231
186,1300
186,1325
186,1385
186,1390
186,1424
186,1467
186,1469
186,1480
186,1491
186,1502
186,1507
186,1524
186,1539
186,1566
186,1671
186,1727
186,1761
186,1811
186,1839
186,1894
186,1906
186,1954
186,1976
186,2008
186,2019
186,2020
186,2108
186,2122
186,2159
186,2171
186,2186
186,2196
186,2203
186,2219
186,2222
186,2251
186,2273
186,2340
186,2361
186,2397
186,2459
186,2462
186,2480
186,2485
186,2504
186,2533
186,2554
186,2650
186,2689
186,2740
186,2810
186,2815
186,2854
186,2868
186,2910
186,2921
186,2934
186,2936
186,2943
186,2974
186,2982
186,3003
186,3150
186,3219
186,3241
186,3279
186,3292
186,3486
186,3564
186,3594
186,3604
186,3683
186,3790
186,3852
186,3899
186,3992
186,4033
187,188
187,195
187,210
187,216
187,225
187,237
187,239
187,256
187,290
187,299
187,319
187,332
187,337
187,338
187,421
187,424
187,437
187,452
187,453
187,506
187,528
187,606
187,618
187,633
187,700
187,705
187,710
187,768
187,770
187,818
187,925
187,934
187,965
187,972
187,1094
187,1117
187,1118
187,1151
187,1185
187,1226
187,1227
187,1282
187,1402
187,1408
187,1410
187,1527
187,1553
187,1561
187,1573
187,1591
187,1635
187,1652
187,1653
187,1687
187,1707
187,1817
187,1846
187,1934
187,1984
187,2051
187,2071
187,2097
187,2105
187,2187
187,2194
187,2298
187,2382
187,2779
187,2811
187,2831
187,2843
187,2868
187,2924
187,2943
187,2984
187,3000
187,3004
187,3057
187,3116
187,3119
187,3160
187,3421
187,3551
187,3620
187,3656
187,3764
187,3791
187,3898
188,197
188,253
188,291
188,334
188,398
188,405
188,410
188,466
188,497
188,529
188,543
188,550
188,576
188,603
188,606
188,619
188,668
188,741
188,802
188,883
188,950
188,978
188,1013
188,1054
188,1082
188,1084
188,1103
188,1131
188,1142
188,1145
188,1176
188,1213
188,1217
188,1254
188,1289
188,1532
188,1562
188,1579
188,1586
188,1662
188,1734
188,1760
188,1786
188,1851
188,1852
188,1948
188,2030
188,2124
188,2183
188,2225
188,2299
188,2367
188,2385
188,2387
188,2425
188,2443
188,2595
188,2620
188,2649
188,2669
188,2673
188,2728
188,3098
188,3415
188,3514
188,3573
188,3574
188,3593
188,3657
188,3740
188,3789
188,3844
189,212
189,215
189,233
189,235
189,237
189,259
189,270
189,295
189,316
189,360
189,387
189,411
189,431
189,440
189,470
189,473
189,476
189,484
189,511
189,539
189,564
189,573
189,578
189,579
189,666
189,700
189,712
189,755
189,795
189,798
189,811
189,833
189,857
189,862
189,900
189,928
189,933
189,953
189,955
189,978
189,1015
189,1029
189,1031
189,1036
189,1080
189,1083
189,1095
189,1124
189,1133
189,1170
189,1182
189,1249
189,1481
189,1486
189,1503
189,1505
189,1519
189,1538
189,1539
189,1564
189,1579
189,1657
189,1695
189,1728
189,1785
189,1801
189,1961
189,1988
189,1990
189,2000
189,2001
189,2095
189,2164
189,2323
189,2344
189,2346
189,2354
189,2356
189,2399
189,2440
189,2470
189,2700
189,2702
189,2706
189,2732
189,2737
189,2962
189,3047
189,3196
189,3213
189,3285
189,3293
189,3344
189,3359
189,3414
189,3609
189,3630
189,3682
189,3718
189,3780
189,3794
189,3811
189,3838
189,3889
189,3893
189,3945
189,4015
189,4031
190,222
190,242
190,268
190,270
190,272
190,273
190,287
190,291
190,299
190,305
190,319
190,323
190,328
190,368
190,381
190,385
190,394
190,405
190,439
190,456
190,479
190,495
190,504
190,544
190,551
190,641
190,706
190,720
190,722
190,748
190,760
190,774
190,777
190,848
190,853
190,870
190,873
190,891
190,895
190,900
190,914
190,915
190,943
190,963
190,981
190,991
190,1066
190,1101
190,1131
190,1142
190,1157
190,1199
190,1204
190,1210
190,1220
190,1223
190,1252
190,1432
190,1447
190,1453
190,1461
190,1522
190,1534
190,1540
190,1555
190,1564
190,1573
190,1620
190,1622
190,1648
190,1674
190,1699
190,1717
190,1743
190,1753
190,1776
190,1783
190,1786
190,1810
190,1826
190,1849
190,1873
190,1964
190,1975
190,2006
190,2021
190,2077
190,2090
190,2127
190,2200
190,2240
190,2301
190,2331
190,2400
190,2435
190,2440
190,2447
190,2459
190,2491
190,2577
190,2593
190,2641
190,2691
190,2717
190,2719
190,2733
190,2738
190,2813
190,2867
190,2873
190,2882
190,2966
190,2968
190,2980
190,3090
190,3141
190,3196
190,3275
190,3284
190,3297
190,3332
190,3418
190,3446
190,3539
190,3614
190,3812
190,3817
190,3830
190,3980
191,206
191,242
191,274
191,286
191,294
191,313
191,333
191,348
191,350
191,407
191,408
191,424
191,438
191,442
191,459
191,568
191,579
191,591
191,651
191,677
191,695
191,721
191,741
191,897
191,947
191,948
191,983
191,997
191,1048
191,1088
191,1119
191,1197
191,1247
191,1277
191,1347
191,1375
191,1437
191,1477
191,1486
191,1528
191,1549
191,1610
191,1790
191,1799
191,1920
191,1941
191,1969
191,1980
191,2052
191,2099
191,2128
191,2161
191,2263
191,2281
191,2313
191,2728
191,2900
191,3018
191,3079
191,3126
191,3310
191,3318
191,3345
191,3392
191,3420
191,3441
191,3449
191,3452
191,3462
191,3503
191,3587
191,3614
191,3710
191,3823
191,3956
191,3975
192,200
192,211
192,229
192,251
192,261
192,262
192,272
192,274
192,312
192,322
192,332
192,335
192,355
192,360
192,387
192,449
192,453
192,491
192,539
192,570
192,614
192,627
192,634
192,662
192,706
192,787
192,812
192,820
192,857
192,867
192,881
192,919
192,980
192,1007
192,1011
192,1041
192,1058
192,1112
192,1172
192,1226
192,1243
192,1263
192,1296
192,1340
192,1365
192,1400
192,1410
192,1420
192,1484
192,1561
192,1634
192,1688
192,1709
192,1732
192,1763
192,1766
192,1785
192,1795
192,1843
192,1922
192,1932
192,1941
192,1965
192,2031
192,2034
192,2070
192,2149
192,2150
192,2171
192,2176
192,2249
192,2278
192,2288
192,2293
192,2324
192,2359
192,2370
192,2437
192,2473
192,2523
192,2530
192,2542
192,2591
192,2623
192,2678
192,2694
192,2784
192,2820
192,2828
192,2985
192,3133
192,3175
192,3215
192,3411
192,3413
192,3418
192,3559
192,3619
192,3638
192,3671
192,3676
192,3696
192,3708
192,3721
192,3782
192,3783
192,3837
192,3866
192,3964
192,4034
193,199
193,201
193,214
193,221
193,229
193,241
193,244
193,269
193,279
193,287
193,288
193,301
193,303
193,343
193,364
193,365
193,455
193,462
193,465
193,476
193,509
193,521
193,536
193,564
193,572
193,576
193,584
193,596
193,597
193,598
193,661
193,698
193,719
193,724
193,730
193,792
193,796
193,819
193,869
193,873
193,907
193,932
193,935
193,986
193,1034
193,1048
193,1057
193,1102
193,1158
193,1181
193,1186
193,1208
193,1257
193,1341
193,1384
193,1396
193,1401
193,1406
193,1412
193,1417
193,1503
193,1533
193,1553
193,1563
193,1624
193,1634
193,1648
193,1650
193,1695
193,1701
193,1809
193,1884
193,1961
193,1966
193,2034
193,2046
193,2056
193,2073
193,2075
193,2142
193,2188
193,2307
193,2312
193,2336
193,2370
193,2384
193,2427
193,2437
193,2536
193,2558
193,2566
193,2663
193,2895
193,2926
193,2931
193,3004
193,3088
193,3272
193,3347
193,3378
193,3409
193,3425
193,3496
193,3534
193,3590
193,3676
193,3700
193,3850
193,3851
193,3927
193,4014
194,198
194,208
194,236
194,243
194,269
194,301
194,317
194,325
194,326
194,341
194,348
194,371
194,403
194,413
194,418
194,500
194,515
194,551
194,571
194,581
194,590
194,601
194,603
194,609
194,619
194,629
194,639
194,661
194,687
194,693
194,700
194,724
194,735
194,773
194,790
194,808
194,810
194,846
194,888
194,897
194,921
194,933
194,945
194,1058
194,1118
194,1129
194,1160
194,1232
194,1399
194,1412
194,1422
194,1436
194,1470
194,1516
194,1576
194,1591
194,1602
194,1741
194,1742
194,1750
194,1892
194,1905
194,2032
194,2100
194,2134
194,2195
194,2197
194,2273
194,2275
194,2303
194,2318
194,2343
194,2496
194,2557
194,2579
194,2600
194,2602
194,2690
194,2707
194,2750
194,2788
194,2873
194,2883
194,2889
194,3039
194,3099
194,3180
194,3227
194,3238
194,3268
194,3337
194,3426
194,3568
194,3656
194,3693
194,3713
194,3765
194,3848
194,3895
194,3899
194,3944
194,3976
194,4035
195,208
195,239
195,282
195,305
195,359
195,393
195,394
195,428
195,442
195,464
195,467
195,486
195,541
195,582
195,592
195,609
195,702
195,788
195,851
195,886
195,896
195,906
195,916
195,1009
195,1091
195,1112
195,1162
195,1173
195,1266
195,1358
195,1366
195,1376
195,1570
195,1632
195,1656
195,1699
195,1719
195,1728
195,1775
195,1789
195,1865
195,1922
195,1939
195,2174
195,2254
195,2339
195,2429
195,2496
195,2504
195,2506
195,2521
195,2681
195,2702
195,3131
195,3380
195,3474
195,3477
195,3561
195,3573
195,3585
195,3696
195,3785
195,3796
195,3840
195,3864
195,3932
195,3935
195,3938
195,3994
196,208
196,218
196,240
196,266
196,297
196,349
196,361
196,364
196,370
196,387
196,404
196,436
196,462
196,501
196,566
196,592
196,609
196,611
196,646
196,664
196,739
196,740
196,816
196,1022
196,1050
196,1066
196,1086
196,1087
196,1134
196,1149
196,1276
196,1280
196,1311
196,1388
196,1632
196,1649
196,1794
196,1847
196,1921
196,1953
196,2020
196,2096
196,2134
196,2149
196,2231
196,2402
196,2433
196,2437
196,2449
196,2467
196,2484
196,2642
196,2684
196,2685
196,2698
196,2772
196,2822
196,2913
196,3103
196,3225
196,3271
196,3276
196,3309
196,3365
196,3497
196,3527
196,3530
196,3670
196,3752
196,3787
196,3902
196,3908
196,3934
197,202
197,216
197,221
197,226
197,233
197,296
197,342
197,349
197,411
197,438
197,454
197,529
197,622
197,647
197,702
197,804
197,867
197,932
197,953
197,1018
197,1152
197,1179
197,1202
197,1209
197,1211
197,1240
197,1341
197,1374
197,1384
197,1472
197,1552
197,1562
197,1616
197,1697
197,1833
197,2105
197,2109
197,2269
197,2487
197,2659
197,2692
197,2699
197,3037
197,3083
197,3153
197,3181
197,3220
197,3328
197,3348
197,3895
197,3908
197,3920
197,3924
198,209
198,245
198,278
198,287
198,293
198,301
198,318
198,339
198,352
198,367
198,376
198,430
198,431
198,437
198,473
198,477
198,489
198,503
198,555
198,662
198,702
198,720
198,741
198,822
198,855
198,865
198,866
198,919
198,920
198,936
198,940
198,1001
198,1003
198,1020
198,1028
198,1072
198,1082
198,1092
198,1154
198,1168
198,1423
198,1474
198,1476
198,1518
198,1559
198,1567
198,1584
198,1627
198,1664
198,1752
198,1773
198,1802
198,1834
198,1939
198,2005
198,2007
198,2033
198,2043
198,2103
198,2132
198,2204
198,2232
198,2285
198,2291
198,2359
198,2382
198,2407
198,2417
198,2465
198,2534
198,2571
198,2582
198,2604
198,2618
198,2623
198,2631
198,2753
198,2790
198,2795
198,2884
198,2891
198,2917
198,2937
198,2965
198,3019
198,3028
198,3096
198,3265
198,3435
198,3477
198,3488
198,3500
198,3515
198,3637
198,3656
198,3669
198,3692
198,3697
198,3751
198,3814
198,3912
198,4021
198,4024
198,4029
199,223
199,240
199,427
199,449
199,551
199,552
199,698
199,729
199,774
199,818
199,1019
199,1070
199,1133
199,1135
199,1138
199,1175
199,1282
199,1298
199,1318
199,1324
199,1400
199,1413
199,1429
199,1603
199,1642
199,1996
199,2111
199,2117
199,2217
199,2256
199,2416
199,2737
199,2783
199,2797
199,2843
199,2916
199,3304
199,3367
199,3817
200,215
200,325
200,342
200,347
200,396
200,433
200,445
200,461
200,483
200,491
200,514
200,532
200,562
200,589
200,590
200,682
200,798
200,857
200,889
200,914
200,917
200,937
200,955
200,1004
200,1034
200,1074
200,1138
200,1141
200,1242
200,1252
200,1392
200,1561
200,1581
200,1596
200,1706
200,1742
200,1802
200,1823
200,1924
200,1947
200,2001
200,2046
200,2051
200,2080
200,2105
200,2242
200,2258
200,2277
200,2341
200,2374
200,2445
200,2539
200,2585
200,2593
200,2763
200,2788
200,2806
200,2807
200,3056
200,3063
200,3081
200,3136
200,3605
200,3845
200,3956
201,205
201,207
201,219
201,223
201,225
201,231
201,232
201,255
201,256
201,260
201,281
201,285
201,288
201,296
201,309
201,325
201,361
201,404
201,410
201,453
201,529
201,533
201,566
201,577
201,596
201,599
201,644
201,690
201,726
201,745
201,879
201,912
201,1025
201,1038
201,1069
201,1177
201,1190
201,1196
201,1202
201,1210
201,1217
201,1235
201,1252
201,1268
201,1287
201,1291
201,1376
201,1407
201,1438
201,1522
201,1606
201,1654
201,1670
201,1682
201,1718
201,1728
201,1769
201,1771
201,2052
201,2074
201,2109
201,2258
201,2398
201,2507
201,2526
201,2572
201,2581
201,2758
201,2783
201,2790
201,2893
201,3020
201,3022
201,3032
201,3044
201,3047
201,3265
201,3289
201,3433
201,3434
201,3464
201,3495
201,3505
201,3652
201,3704
201,3732
201,3874
201,3949
201,3971
201,4013
202,215
202,247
202,249
202,298
202,300
202,316
202,319
202,346
202,371
202,372
202,393
202,402
202,509
202,546
202,563
202,625
202,648
202,656
202,686
202,703
202,706
202,709
202,722
202,727
202,848
202,901
202,904
202,1054
202,1122
202,1137
202,1140
202,1152
202,1165
202,1181
202,1224
202,1261
202,1264
202,1378
202,1383
202,1445
202,1468
202,1603
202,1611
202,1706
202,1773
202,1829
202,2025
202,2031
202,2062
202,2122
202,2139
202,2308
202,2366
202,2379
202,2472
202,2582
202,2658
202,2749
202,2814
202,2863
202,2892
202,2955
202,2964
202,2973
202,3063
202,3101
202,3151
202,3163
202,3215
202,3313
202,3434
202,3465
202,3483
202,3499
202,3813
202,3861
202,3907
202,3950
202,3952
202,3990
202,3992
202,3995
202,4001
203,205
203,218
203,235
203,246
203,255
203,257
203,276
203,287
203,302
203,326
203,361
203,365
203,484
203,503
203,540
203,556
203,582
203,583
203,596
203,637
203,657
203,659
203,682
203,728
203,773
203,779
203,783
203,815
203,817
203,848
203,881
203,894
203,897
203,905
203,916
203,926
203,939
203,989
203,994
203,1030
203,1042
203,1073
203,1105
203,1121
203,1122
203,1146
203,1201
203,1276
203,1288
203,1313
203,1342
203,1385
203,1397
203,1402
203,1536
203,1583
203,1604
203,1653
203,1685
203,1775
203,1851
203,1880
203,1940
203,1955
203,1963
203,2100
203,2120
203,2157
203,2175
203,2218
203,2273
203,2341
203,2360
203,2386
203,2437
203,2469
203,2507
203,2517
203,2539
203,2586
203,2600
203,2644
203,2656
203,2749
203,2779
203,2799
203,2805
203,2809
203,2815
203,2875
203,2953
203,3030
203,3048
203,3079
203,3277
203,3313
203,3406
203,3411
203,3477
203,3482
203,3662
203,3720
203,3733
203,3878
203,3946
203,3950
203,3959
203,3965
203,4030
203,4032
204,209
204,222
204,231
204,250
204,266
204,297
204,308
204,337
204,341
204,359
204,361
204,376
204,392
204,407
204,416
204,420
204,423
204,490
204,501
204,532
204,539
204,542
204,550
204,573
204,595
204,681
204,694
204,700
204,727
204,734
204,738
204,787
204,838
204,841
204,856
204,875
204,879
204,910
204,940
204,961
204,963
204,988
204,997
204,1016
204,1029
204,1065
204,1075
204,1114
204,1181
204,1297
204,1298
204,1340
204,1350
204,1368
204,1422
204,1459
204,1542
204,1549
204,1622
204,1641
204,1672
204,1711
204,1728
204,1775
204,1853
204,1922
204,1992
204,2044
204,2151
204,2154
204,2282
204,2581
204,2584
204,2599
204,2621
204,2668
204,2740
204,2826
204,2995
204,3038
204,3078
204,3122
204,3163
204,3200
204,3243
204,3352
204,3359
204,3432
204,3486
204,3535
204,3641
204,3697
204,3705
204,3796
204,3886
204,3916
204,3985
205,243
205,272
205,341
205,342
205,354
205,390
205,391
205,393
205,440
205,444
205,458
205,492
205,532
205,576
205,638
205,740
205,832
205,858
205,916
205,971
205,976
205,996
205,1019
205,1034
205,1048
205,1071
205,1077
205,1086
205,1131
205,1136
205,1218
205,1261
205,1292
205,1394
205,1501
205,1533
205,1604
205,1704
205,1737
205,1741
205,1914
205,1983
205,2047
205,2050
205,2062
205,2145
205,2192
205,2198
205,2246
205,2248
205,2540
205,2688
205,2690
205,2732
205,2754
205,2820
205,2867
205,2910
205,2960
205,2979
205,3077
205,3233
205,3247
205,3275
205,3516
205,3520
205,3570
205,3617
205,3658
205,3663
205,3725
205,3774
205,3822
205,3966
205,4009
206,276
206,300
206,330
206,353
206,365
206,374
206,453
206,476
206,490
206,502
206,681
206,688
206,780
206,790
206,793
206,825
206,889
206,902
206,962
206,1132
206,1286
206,1312
206,1383
206,1550
206,1638
206,1704
206,1717
206,1726
206,1768
206,1855
206,1856
206,1906
206,1981
206,2041
206,2333
206,2368
206,2632
206,2682
206,2725
206,2798
206,2800
206,2803
206,2818
206,3050
206,3161
206,3392
206,3439
206,3506
206,3535
206,3691
206,3701
206,3733
206,3795
206,3806
206,3910
207,230
207,233
207,243
207,257
207,272
207,321
207,335
207,341
207,356
207,369
207,378
207,391
207,408
207,431
207,444
207,448
207,482
207,490
207,492
207,506
207,569
207,612
207,615
207,626
207,637
207,670
207,699
207,706
207,741
207,819
207,836
207,856
207,910
207,932
207,938
207,951
207,959
207,974
207,1025
207,1038
207,1049
207,1109
207,1110
207,1413
207,1427
207,1459
207,1491
207,1498
207,1504
207,1521
207,1540
207,1625
207,1653
207,1849
207,1920
207,1950
207,2000
207,2025
207,2066
207,2074
207,2108
207,2110
207,2146
207,2180
207,2204
207,2230
207,2328
207,2378
207,2388
207,2436
207,2450
207,2453
207,2488
207,2511
207,2558
207,2592
207,2747
207,2756
207,2841
207,2846
207,2874
207,2989
207,2991
207,3015
207,3070
207,3107
207,3113
207,3192
207,3201
207,3231
207,3248
207,3370
207,3435
207,3731
207,3759
207,4024
207,4028
208,217
208,219
208,257
208,262
208,295
208,306
208,329
208,392
208,420
208,446
208,572
208,589
208,631
208,670
208,712
208,851
208,958
208,1006
208,1050
208,1053
208,1122
208,1191
208,1199
208,1202
208,1218
208,1263
208,1357
208,1459
208,1493
208,1524
208,1570
208,1682
208,1728
208,1742
208,1748
208,1757
208,1769
208,1860
208,1928
208,2212
208,2291
208,2334
208,2356
208,2444
208,2514
208,2555
208,2644
208,2787
208,3012
208,3037
208,3066
208,3091
208,3187
208,3425
208,3526
208,3588
208,3591
208,3659
208,3776
208,3852
208,3865
209,222
209,252
209,256
209,312
209,324
209,329
209,352
209,359
209,367
209,378
209,389
209,390
209,408
209,451
209,493
209,522
209,546
209,596
209,602
209,606
209,620
209,655
209,695
209,742
209,743
209,747
209,840
209,841
209,869
209,932
209,936
209,996
209,1003
209,1011
209,1061
209,1103
209,1153
209,1164
209,1201
209,1262
209,1325
209,1419
209,1424
209,1429
209,1436
209,1447
209,1512
209,1586
209,1610
209,1720
209,1773
209,1922
209,1984
209,2029
209,2100
209,2174
209,2188
209,2231
209,2337
209,2345
209,2406
209,2437
209,2463
209,2561
209,2635
209,2643
209,2695
209,2752
209,2875
209,2989
209,3114
209,3136
209,3226
209,3334
209,3424
209,3549
209,3601
209,3618
209,3634
209,3720
209,3783
209,3886
209,3956
210,216
210,228
210,278
210,317
210,335
210,345
210,361
210,369
210,380
210,399
210,409
210,439
210,462
210,465
210,555
210,557
210,589
210,633
210,666
210,722
210,731
210,762
210,772
210,855
210,869
210,907
210,929
210,951
210,960
210,1115
210,1183
210,1214
210,1304
210,1434
210,1441
210,1513
210,1547
210,1569
210,1617
210,1639
210,1657
210,1658
210,1724
210,1762
210,1771
210,1968
210,1993
210,2090
210,2116
210,2128
210,2139
210,2144
210,2323
210,2333
210,2334
210,2386
210,2387
210,2599
210,2659
210,2666
210,2714
210,2717
210,2724
210,2731
210,2733
210,2795
210,2836
210,2853
210,2861
210,2868
210,3001
210,3016
210,3203
210,3207
210,3241
210,3588
210,3607
210,3704
210,3826
210,3996
211,294
211,336
211,399
211,436
211,478
211,535
211,627
211,703
211,813
211,818
211,1015
211,1091
211,1192
211,1219
211,1312
211,1382
211,1615
211,2198
211,2278
211,2484
211,2548
211,2596
211,2628
211,2802
211,2828
211,3037
211,3149
211,3186
211,3265
211,3344
211,3460
211,3623
211,3629
211,3681
212,213
212,220
212,271
212,284
212,288
212,297
212,307
212,337
212,343
212,344
212,362
212,369
212,382
212,429
212,499
212,505
212,518
212,554
212,681
212,690
212,786
212,854
212,857
212,883
212,929
212,935
212,971
212,1034
212,1049
212,1076
212,1211
212,1281
212,1359
212,1377
212,1395
212,1682
212,1712
212,1724
212,1725
212,1884
212,1902
212,2004
212,2082
212,2126
212,2145
212,2401
212,2475
212,2480
212,2628
212,2664
212,2673
212,2790
212,2800
212,2883
212,2884
212,2938
212,2943
212,2977
212,3000
212,3024
212,3038
212,3136
212,3154
212,3155
212,3161
212,3248
212,3249
212,3252
212,3310
212,3411
212,3428
212,3506
212,3608
212,3617
212,3625
212,3692
212,3757
212,3760
212,3807
212,3931
212,3932
212,4010
213,219
213,308
213,319
213,327
213,364
213,368
213,369
213,380
213,417
213,444
213,446
213,456
213,461
213,466
213,499
213,555
213,591
213,677
213,748
213,757
213,831
213,867
213,879
213,887
213,918
213,935
213,953
213,966
213,1052
213,1187
213,1259
213,1272
213,1295
213,1315
213,1370
213,1374
213,1416
213,1503
213,1533
213,1537
213,1541
213,1547
213,1570
213,1582
213,1602
213,1642
213,1679
213,1775
213,1871
213,1931
213,2067
213,2115
213,2124
213,2203
213,2258
213,2326
213,2333
213,2405
213,2410
213,2476
213,2489
213,2505
213,2636
213,2640
213,2715
213,2738
213,2773
213,2864
213,2898
213,2907
213,2941
213,3014
213,3066
213,3147
213,3322
213,3325
213,3368
213,3448
213,3614
213,3615
213,3641
213,3731
213,3742
213,3905
213,4037
214,218
214,227
214,232
214,234
214,253
214,269
214,300
214,325
214,346
214,383
214,391
214,410
214,412
214,467
214,481
214,497
214,500
214,591
214,619
214,645
214,653
214,696
214,700
214,722
214,771
214,786
214,888
214,909
214,933
214,936
214,976
214,991
214,995
214,1022
214,1027
214,1028
214,1082
214,1237
214,1249
214,1254
214,1258
214,1286
214,1343
214,1438
214,1479
214,1513
214,1521
214,1586
214,1588
214,1594
214,1600
214,1719
214,1768
214,1795
214,1842
214,1894
214,1904
214,1918
214,1945
214,2014
214,2023
214,2155
214,2171
214,2186
214,2231
214,2236
214,2248
214,2281
214,2332
214,2352
214,2392
214,2639
214,2648
214,2659
214,2704
214,2705
214,2780
214,2961
214,2976
214,2993
214,3108
214,3189
214,3440
214,3538
214,3630
214,3786
214,3803
214,3820
214,3908
214,3943
214,4025
215,224
215,237
215,244
215,263
215,268
215,272
215,276
215,282
215,303
215,330
215,353
215,359
215,363
215,531
215,532
215,556
215,566
215,588
215,597
215,631
215,672
215,674
215,744
215,841
215,886
215,898
215,907
215,938
215,988
215,1007
215,1070
215,1085
215,1133
215,1165
215,1195
215,1222
215,1302
215,1502
215,1510
215,1568
215,1597
215,1644
215,1803
215,1827
215,2003
215,2021
215,2038
215,2103
215,2233
215,2258
215,2277
215,2352
215,2363
215,2439
215,2460
215,2686
215,2694
215,2707
215,2717
215,2752
215,2809
215,2849
215,2977
215,2984
215,3013
215,3172
215,3345
215,3500
215,3541
215,3567
215,3595
215,3650
215,3743
215,3834
215,3841
215,3854
215,3973
215,4000
216,222
216,224
216,239
216,240
216,247
216,249
216,260
216,282
216,296
216,312
216,316
216,348
216,355
216,404
216,418
216,419
216,421
216,433
216,458
216,468
216,498
216,560
216,599
216,612
216,687
216,693
216,724
216,739
216,764
216,777
216,782
216,783
216,823
216,827
216,874
216,928
216,966
216,1017
216,1023
216,1148
216,1163
216,1247
216,1284
216,1312
216,1338
216,1387
216,1409
216,1502
216,1508
216,1509
216,1544
216,1546
216,1558
216,1614
216,1625
216,1634
216,1662
216,1673
216,1687
216,1696
216,1725
216,1773
216,1787
216,1801
216,1933
216,1961
216,2020
216,2061
216,2067
216,2263
216,2282
216,2372
216,2448
216,2508
216,2514
216,2555
216,2561
216,2637
216,2752
216,2795
216,2799
216,2859
216,2871
216,2890
216,3088
216,3096
216,3134
216,3149
216,3267
216,3359
216,3411
216,3515
216,3548
216,3623
216,3626
216,3723
216,3776
216,3792
216,3875
216,3883
216,3947
216,3956
216,3988
216,4013
216,4020
217,231
217,249
217,251
217,268
217,276
217,281
217,299
217,304
217,324
217,339
217,346
217,374
217,385
217,470
217,484
217,519
217,524
217,577
217,584
217,586
217,597
217,605
217,609
217,628
217,689
217,715
217,716
217,728
217,732
217,784
217,797
217,934
217,995
217,1006
217,1099
217,1102
217,1145
217,1151
217,1178
217,1214
217,1232
217,1234
217,1258
217,1328
217,1387
217,1402
217,1405
217,1467
217,1502
217,1534
217,1566
217,1578
217,1582
217,1604
217,1609
217,1624
217,1633
217,1752
217,1757
217,1871
217,1930
217,1938
217,1962
217,2023
217,2121
217,2160
217,2225
217,2355
217,2404
217,2441
217,2472
217,2487
217,2490
217,2497
217,2642
217,2673
217,2773
217,2841
217,2851
217,2918
217,3058
217,3099
217,3288
217,3292
217,3332
217,3487
217,3642
217,3646
217,3823
217,3864
218,250
218,276
218,351
218,360
218,498
218,529
218,565
218,589
218,617
218,634
218,638
218,674
218,685
218,724
218,799
218,808
218,858
218,951
218,978
218,1018
218,1032
218,1207
218,1279
218,1317
218,1342
218,1437
218,1474
218,1616
218,1674
218,1680
218,1904
218,2082
218,2126
218,2165
218,2305
218,2372
218,2411
218,2543
218,2584
218,2656
218,2668
218,2773
218,2804
218,3050
218,3127
218,3257
218,3642
218,3723
218,3765
218,3791
218,3877
218,3886
219,222
219,248
219,251
219,261
219,291
219,302
219,324
219,326
219,367
219,390
219,410
219,437
219,463
219,488
219,506
219,508
219,514
219,549
219,557
219,570
219,588
219,595
219,607
219,682
219,728
219,756
219,842
219,867
219,899
219,952
219,977
219,986
219,1024
219,1040
219,1051
219,1122
219,1206
219,1321
219,1349
219,1803
219,1915
219,1929
219,1944
219,1993
219,1995
219,2084
219,2222
219,2611
219,2644
219,2657
219,2700
219,2726
219,2768
219,2772
219,2795
219,2806
219,2875
219,3018
219,3019
219,3153
219,3180
219,3271
219,3323
219,3354
219,3424
219,3544
219,3668
219,3672
219,3773
219,3787
219,3799
219,3828
219,3853
219,3868
219,4027
220,234
220,239
220,252
220,280
220,286
220,311
220,334
220,345
220,376
220,416
220,445
220,549
220,558
220,608
220,636
220,661
220,663
220,673
220,713
220,831
220,838
220,860
220,946
220,971
220,1021
220,1064
220,1081
220,1177
220,1202
220,1209
220,1252
220,1300
220,1334
220,1511
220,1519
220,1539
220,1575
220,1829
220,2092
220,2136
220,2144
220,2154
220,2274
220,2388
220,2491
220,2503
220,2506
220,2559
220,2653
220,2675
220,2704
220,2712
220,2719
220,2776
220,2865
220,2867
220,2884
220,3293
220,3350
220,3437
220,3540
220,3592
220,3714
220,3781
220,3788
220,3912
220,3984
220,4006
221,224
221,246
221,268
221,279
221,312
221,366
221,397
221,436
221,497
221,512
221,543
221,552
221,576
221,600
221,611
221,612
221,621
221,661
221,664
221,784
221,789
221,851
221,880
221,1024
221,1126
221,1130
221,1135
221,1185
221,1290
221,1297
221,1329
221,1345
221,1367
221,1450
221,1488
221,1564
221,1606
221,1607
221,1619
221,1705
221,1742
221,1807
221,1842
221,1872
221,1964
221,1977
221,2082
221,2086
221,2137
221,2263
221,2404
221,2552
221,2597
221,2737
221,2754
221,2763
221,2769
221,2891
221,3197
221,3331
221,3407
221,3456
221,3483
221,3496
221,3612
221,3656
221,3819
221,3827
221,3843
221,3844
221,3883
222,223
222,239
222,248
222,297
222,317
222,328
222,341
222,361
222,395
222,419
222,469
222,478
222,487
222,492
222,495
222,498
222,522
222,619
222,645
222,663
222,689
222,774
222,775
222,835
222,882
222,926
222,928
222,935
222,955
222,962
222,969
222,1001
222,1022
222,1089
222,1124
222,1199
222,1216
222,1236
222,1259
222,1271
222,1289
222,1325
222,1350
222,1399
222,1415
222,1667
222,1679
222,1686
222,1690
222,1715
222,1721
222,1727
222,1810
222,1844
222,1903
222,1908
222,1909
222,1923
222,2047
222,2075
222,2129
222,2164
222,2181
222,2203
222,2287
222,2319
222,2453
222,2507
222,2647
222,2667
222,2673
222,2695
222,2880
222,2903
222,3139
222,3596
222,3655
222,3723
222,3797
222,3850
222,3892
222,3966
223,231
223,248
223,264
223,326
223,331
223,334
223,337
223,359
223,464
223,471
223,480
223,506
223,553
223,560
223,588
223,620
223,624
223,652
223,668
223,685
223,702
223,723
223,774
223,816
223,841
223,915
223,934
223,939
223,975
223,1036
223,1086
223,1106
223,1128
223,1139
223,1265
223,1399
223,1409
223,1438
223,1452
223,1496
223,1513
223,1563
223,1615
223,1674
223,1814
223,1881
223,1927
223,1954
223,1959
223,2048
223,2098
223,2099
223,2109
223,2125
223,2158
223,2169
223,2224
223,2243
223,2310
223,2375
223,2456
223,2560
223,2578
223,2622
223,2638
223,2707
223,2735
223,2746
223,2825
223,2932
223,3226
223,3249
223,3251
223,3307
223,3455
223,3456
223,3624
223,3625
223,3666
223,3681
223,3732
223,3753
223,3758
223,3846
223,3901
223,3954
223,3955
223,3987
223,4000
223,4034
224,289
224,293
224,615
224,725
224,739
224,856
224,871
224,919
224,933
224,991
224,992
224,993
224,1006
224,1009
224,1086
224,1119
224,1190
224,1230
224,1395
224,1433
224,1504
224,1553
224,1709
224,1738
224,1868
224,1890
224,1929
224,1934
224,1938
224,2004
224,2015
224,2032
224,2102
224,2126
224,2157
224,2171
224,2368
224,2385
224,2563
224,2592
224,2619
224,2726
224,2746
224,2791
224,2876
224,3002
224,3066
224,3070
224,3074
224,3183
224,3235
224,3323
224,3369
224,3414
224,3524
224,3536
224,3587
224,3776
224,3967
225,273
225,303
225,359
225,368
225,381
225,396
225,420
225,445
225,469
225,474
225,479
225,491
225,502
225,522
225,536
225,556
225,570
225,588
225,590
225,595
225,603
225,637
225,713
225,737
225,741
225,851
225,852
225,854
225,901
225,917
225,939
225,969
225,971
225,1028
225,1103
225,1182
225,1185
225,1219
225,1230
225,1245
225,1302
225,1352
225,1359
225,1374
225,1400
225,1422
225,1433
225,1449
225,1454
225,1550
225,1597
225,1639
225,1641
225,1647
225,1668
225,1676
225,1692
225,1721
225,1754
225,1758
225,1761
225,1800
225,1801
225,2043
225,2094
225,2142
225,2248
225,2255
225,2577
225,2601
225,2674
225,2733
225,2739
225,2758
225,2899
225,2933
225,2940
225,2946
225,3175
225,3286
225,3293
225,3332
225,3387
225,3420
225,3558
225,3693
225,3702
225,3862
225,3873
225,3905
225,4021
226,228
226,244
226,251
226,252
226,271
226,275
226,278
226,284
226,285
226,333
226,416
226,473
226,495
226,522
226,533
226,542
226,557
226,568
226,605
226,633
226,635
226,648
226,657
226,660
226,661
226,679
226,689
226,706
226,777
226,794
226,809
226,816
226,853
226,865
226,913
226,931
226,955
226,957
226,975
226,977
226,1013
226,1023
226,1052
226,1059
226,1108
226,1121
226,1164
226,1176
226,1206
226,1212
226,1228
226,1266
226,1272
226,1283
226,1303
226,1309
226,1312
226,1314
226,1455
226,1525
226,1543
226,1572
226,1577
226,1609
226,1628
226,1640
226,1745
226,1791
226,1898
226,1900
226,1910
226,1915
226,1922
226,1942
226,1982
226,1983
226,1987
226,1999
226,2006
226,2018
226,2064
226,2103
226,2111
226,2113
226,2189
226,2197
226,2208
226,2282
226,2295
226,2385
226,2493
226,2574
226,2597
226,2750
226,2793
226,2818
226,2849
226,2907
226,2991
226,3010
226,3030
226,3222
226,3237
226,3292
226,3471
226,3496
226,3666
226,3715
226,3875
226,3880
226,3894
226,3897
226,3915
226,3949
227,295
227,303
227,322
227,377
227,438
227,440
227,494
227,557
227,590
227,606
227,626
227,642
227,693
227,716
227,720
227,723
227,743
227,765
227,801
227,918
227,928
227,944
227,951
227,981
227,988
227,1005
227,1015
227,1060
227,1061
227,1074
227,1097
227,1219
227,1220
227,1240
227,1303
227,1372
227,1438
227,1446
227,1530
227,1606
227,1721
227,1735
227,1819
227,1972
227,2062
227,2069
227,2154
227,2243
227,2251
227,2305
227,2344
227,2419
227,2462
227,2551
227,2622
227,2664
227,2670
227,2761
227,2974
227,3052
227,3071
227,3194
227,3358
227,3385
227,3450
227,3514
227,3633
227,3641
227,3658
227,3691
227,3728
227,3846
227,3850
227,3892
227,3894
227,3896
227,3928
227,3960
228,233
228,234
228,254
228,263
228,279
228,289
228,293
228,327
228,340
228,351
228,392
228,410
228,416
228,424
228,425
228,454
228,477
228,492
228,498
228,548
228,571
228,606
228,617
228,631
228,635
228,682
228,740
228,779
228,906
228,961
228,1061
228,1151
228,1152
228,1210
228,1215
228,1384
228,1390
228,1404
228,1428
228,1481
228,1486
228,1504
228,1534
228,1605
228,1640
228,1654
228,1663
228,1682
228,1751
228,1769
228,1894
228,2038
228,2072
228,2124
228,2125
228,2386
228,2474
228,2476
228,2508
228,2582
228,2597
228,2715
228,2727
228,2985
228,3062
228,3151
228,3230
228,3297
228,3320
228,3324
228,3334
228,3336
228,3344
228,3448
228,3645
228,3743
228,3834
228,4027
229,235
229,246
229,250
229,251
229,263
229,264
229,268
229,273
229,317
229,324
229,346
229,365
229,384
229,447
229,544
229,585
229,600
229,604
229,639
229,666
229,764
229,772
229,783
229,802
229,917
229,932
229,949
229,1097
229,1134
229,1159
229,1213
229,1293
229,1359
229,1416
229,1442
229,1491
229,1493
229,1502
229,1508
229,1539
229,1611
229,1616
229,1658
229,1842
229,1864
229,1885
229,1892
229,1894
229,1957
229,2024
229,2045
229,2047
229,2211
229,2279
229,2317
229,2318
229,2391
229,2407
229,2502
229,2599
229,2781
229,2790
229,2908
229,3411
229,3446
229,3586
229,3679
229,3784
229,3971
230,235
230,241
230,257
230,262
230,277
230,292
230,309
230,328
230,338
230,343
230,352
230,393
230,412
230,435
230,466
230,492
230,493
230,509
230,518
230,546
230,602
230,627
230,662
230,679
230,692
230,727
230,774
230,908
230,995
230,1050
230,1288
230,1362
230,1391
230,1407
230,1410
230,1422
230,1448
230,1471
230,1484
230,1499
230,1531
230,1561
230,1587
230,1629
230,1634
230,1656
230,1701
230,1748
230,1783
230,1795
230,1800
230,1942
230,2006
230,2053
230,2135
230,2143
230,2170
230,2276
230,2303
230,2350
230,2478
230,2500
230,2527
230,2529
230,2540
230,2553
230,2555
230,2629
230,2660
230,2667
230,2679
230,2702
230,2806
230,2870
230,2901
230,3039
230,3247
230,3392
230,3405
230,3567
230,3603
230,3606
230,3614
230,3659
230,3754
230,3863
230,3975
230,4001
231,252
231,276
231,298
231,394
231,421
231,439
231,504
231,596
231,604
231,654
231,735
231,791
231,859
231,901
231,937
231,984
231,989
231,994
231,1006
231,1062
231,1083
231,1092
231,1158
231,1231
231,1302
231,1312
231,1318
231,1339
231,1340
231,1344
231,1365
231,1410
231,1424
231,1472
231,1475
231,1567
231,1574
231,1643
231,1671
231,1693
231,1738
231,1795
231,1811
231,1908
231,1916
231,1926
231,2093
231,2097
231,2105
231,2142
231,2168
231,2348
231,2379
231,2386
231,2427
231,2494
231,2546
231,2552
231,2622
231,2721
231,2733
231,2898
231,3032
231,3097
231,3112
231,3176
231,3352
231,3458
231,3481
231,3495
231,3523
231,3529
231,3695
231,3908
231,3974
231,3978
231,3990
232,271
232,305
232,342
232,367
232,369
232,396
232,456
232,470
232,527
232,559
232,593
232,615
232,648
232,658
232,771
232,785
232,824
232,828
232,877
232,881
232,990
232,1010
232,1011
232,1013
232,1039
232,1043
232,1058
232,1059
232,1155
232,1180
232,1187
232,1279
232,1315
232,1370
232,1402
232,1457
232,1472
232,1482
232,1503
232,1661
232,1720
232,1920
232,1921
232,2081
232,2203
232,2213
232,2253
232,2422
232,2535
232,2642
232,2754
232,2837
232,2919
232,3063
232,3078
232,3297
232,3309
232,3382
232,3677
232,4023
232,4024
233,254
233,278
233,295
233,301
233,321
233,361
233,364
233,395
233,411
233,432
233,542
233,596
233,618
233,626
233,649
233,693
233,783
233,829
233,832
233,1000
233,1030
233,1064
233,1072
233,1090
233,1110
233,1172
233,1180
233,1188
233,1202
233,1348
233,1356
233,1461
233,1465
233,1536
233,1564
233,1586
233,1604
233,1631
233,1702
233,1793
233,1903
233,1979
233,2043
233,2054
233,2101
233,2106
233,2317
233,2351
233,2360
233,2378
233,2414
233,2525
233,2583
233,2628
233,2655
233,2776
233,2833
233,2900
233,2941
233,2982
233,2988
233,3062
233,3068
233,3072
233,3438
233,3465
233,3486
233,3493
233,3496
233,3529
233,3596
233,3603
233,3800
233,3829
233,3887
234,236
234,249
234,254
234,257
234,267
234,275
234,280
234,289
234,307
234,374
234,397
234,417
234,455
234,477
234,483
234,560
234,767
234,825
234,915
234,1094
234,1129
234,1163
234,1306
234,1312
234,1342
234,1371
234,1410
234,1446
234,1539
234,1553
234,1585
234,1931
234,2104
234,2295
234,2301
234,2412
234,2416
234,2691
234,2990
234,3037
234,3166
234,3168
234,3323
234,3365
234,3367
234,3527
234,3552
234,3760
234,3959
235,284
235,287
235,289
235,297
235,308
235,323
235,334
235,335
235,353
235,359
235,366
235,407
235,411
235,438
235,448
235,482
235,504
235,505
235,508
235,511
235,563
235,569
235,575
235,596
235,597
235,610
235,635
235,639
235,652
235,679
235,697
235,699
235,732
235,756
235,768
235,780
235,829
235,846
235,854
235,897
235,905
235,918
235,1032
235,1068
235,1116
235,1117
235,1162
235,1164
235,1224
235,1294
235,1300
235,1332
235,1364
235,1370
235,1389
235,1398
235,1422
235,1482
235,1525
235,1571
235,1591
235,1639
235,1646
235,1664
235,1673
235,1726
235,1817
235,1847
235,1894
235,1943
235,1978
235,2074
235,2133
235,2213
235,2249
235,2308
235,2493
235,2512
235,2522
235,2683
235,2732
235,2739
235,2777
235,3083
235,3086
235,3125
235,3159
235,3175
235,3233
235,3250
235,3256
235,3313
235,3398
235,3439
235,3446
235,3448
235,3528
235,3544
235,3571
235,3744
235,3861
235,3917
235,4001
235,4022
236,251
236,255
236,295
236,369
236,431
236,453
236,460
236,558
236,562
236,576
236,603
236,641
236,647
236,667
236,675
236,725
236,752
236,789
236,836
236,920
236,989
236,1073
236,1100
236,1106
236,1128
236,1136
236,1137
236,1143
236,1163
236,1177
236,1246
236,1328
236,1389
236,1451
236,1511
236,1553
236,1592
236,1697
236,1859
236,1969
236,2037
236,2248
236,2313
236,2474
236,2579
236,2609
236,2722
236,2919
236,3205
236,3272
236,3376
236,3698
236,3757
236,3760
236,3826
236,3868
236,3894
236,3981
237,274
237,297
237,312
237,319
237,323
237,345
237,351
237,362
237,413
237,418
237,489
237,496
237,528
237,554
237,558
237,567
237,576
237,601
237,700
237,718
237,772
237,823
237,861
237,868
237,899
237,974
237,1049
237,1083
237,1100
237,1142
237,1158
237,1193
237,1198
237,1430
237,1501
237,1606
237,1638
237,1667
237,1677
237,1678
237,1755
237,1787
237,1969
237,1972
237,2025
237,2106
237,2121
237,2240
237,2247
237,2263
237,2585
237,2663
237,2729
237,2780
237,2926
237,3093
237,3289
237,3314
237,3554
237,3607
237,3634
237,3782
237,3821
237,3826
237,3927
238,254
238,291
238,298
238,315
238,343
238,356
238,402
238,415
238,430
238,442
238,447
238,467
238,471
238,516
238,560
238,593
238,611
238,618
238,620
238,648
238,676
238,725
238,757
238,761
238,801
238,812
238,813
238,830
238,949
238,960
238,972
238,1004
238,1012
238,1167
238,1195
238,1249
238,1322
238,1329
238,1341
238,1379
238,1406
238,1413
238,1456
238,1723
238,1758
238,1808
238,1814
238,1840
238,1889
238,1998
238,2019
238,2119
238,2187
238,2207
238,2216
238,2303
238,2321
238,2553
238,2595
238,2649
238,2651
238,2819
238,2824
238,2831
238,2891
238,2961
238,2972
238,3031
238,3089
238,3272
238,3337
238,3500
238,3544
238,3612
238,3749
238,3760
238,3780
238,3786
238,3790
238,3848
238,3849
238,3856
238,3910
239,245
239,269
239,303
239,308
239,320
239,341
239,375
239,386
239,406
239,445
239,490
239,553
239,565
239,582
239,583
239,585
239,609
239,638
239,676
239,686
239,688
239,704
239,731
239,788
239,812
239,816
239,894
239,915
239,977
239,1055
239,1067
239,1116
239,1144
239,1178
239,1251
239,1288
239,1432
239,1453
239,1481
239,1505
239,1570
239,1642
239,1733
239,1800
239,1829
239,1896
239,1917
239,1928
239,1944
239,1973
239,2092
239,2185
239,2330
239,2367
239,2480
239,2482
239,2528
239,2618
239,2692
239,2716
239,2751
239,2857
239,2877
239,2917
239,3090
239,3112
239,3123
239,3515
239,3575
239,3625
239,3632
239,3633
239,3654
239,3886
239,3926
240,339
240,350
240,364
240,372
240,414
240,454
240,465
240,476
240,485
240,538
240,550
240,593
240,699
240,737
240,858
240,860
240,891
240,1023
240,1024
240,1144
240,1161
240,1167
240,1169
240,1241
240,1246
240,1257
240,1263
240,1282
240,1342
240,1401
240,1508
240,1564
240,1574
240,1578
240,1584
240,1665
240,1679
240,1801
240,1856
240,1946
240,2186
240,2191
240,2239
240,2309
240,2353
240,2525
240,2530
240,2615
240,2643
240,2692
240,2712
240,2796
240,2899
240,2929
240,3057
240,3238
240,3817
240,3848
240,3921
240,4000
241,249
241,270
241,288
241,292
241,312
241,340
241,355
241,362
241,375
241,402
241,406
241,409
241,428
241,436
241,499
241,562
241,605
241,640
241,675
241,676
241,690
241,718
241,774
241,789
241,801
241,810
241,840
241,880
241,976
241,1024
241,1032
241,1069
241,1190
241,1192
241,1212
241,1342
241,1364
241,1386
241,1419
241,1518
241,1610
241,1671
241,1757
241,1931
241,2087
241,2097
241,2227
241,2280
241,2296
241,2436
241,2463
241,2527
241,2542
241,2548
241,2579
241,2650
241,2654
241,2755
241,2765
241,2766
241,2936
241,2983
241,3194
241,3213
241,3373
241,3433
241,3637
241,3643
241,3671
241,3787
241,3801
241,3854
241,3860
241,3864
241,4027
241,4031
242,285
242,289
242,311
242,314
242,319
242,332
242,349
242,363
242,376
242,383
242,404
242,452
242,460
242,487
242,496
242,497
242,503
242,546
242,548
242,568
242,623
242,655
242,673
242,720
242,735
242,743
242,751
242,767
242,776
242,787
242,842
242,868
242,900
242,941
242,968
242,997
242,1036
242,1041
242,1069
242,1136
242,1150
242,1157
242,1170
242,1227
242,1248
242,1301
242,1408
242,1410
242,1466
242,1479
242,1576
242,1720
242,1886
242,1900
242,1913
242,2198
242,2264
242,2285
242,2397
242,2478
242,2588
242,2598
242,2816
242,2831
242,2948
242,2997
242,3174
242,3242
242,3342
242,3536
242,3543
242,3552
242,3616
242,3681
242,3712
242,3839
243,253
243,255
243,256
243,274
243,280
243,285
243,289
243,300
243,313
243,356
243,399
243,411
243,418
243,444
243,470
243,477
243,530
243,535
243,538
243,612
243,656
243,681
243,700
243,741
243,824
243,840
243,884
243,895
243,899
243,920
243,944
243,1129
243,1164
243,1223
243,1260
243,1307
243,1366
243,1556
243,1561
243,1598
243,1602
243,1609
243,1613
243,1642
243,1647
243,1676
243,1786
243,1823
243,1862
243,2160
243,2185
243,2275
243,2299
243,2342
243,2411
243,2429
243,2500
243,2525
243,2547
243,2559
243,2624
243,2645
243,2675
243,2697
243,2699
243,2806
243,2902
243,2967
243,3064
243,3172
243,3176
243,3256
243,3331
243,3402
243,3405
243,3431
243,3485
243,3510
243,3552
243,3636
243,3743
243,3787
243,3817
243,3883
243,3913
243,3926
243,3967
244,247
244,263
244,290
244,298
244,311
244,339
244,344
244,348
244,389
244,411
244,470
244,473
244,485
244,487
244,620
244,694
244,724
244,775
244,783
244,885
244,916
244,921
244,934
244,939
244,957
244,974
244,1008
244,1014
244,1024
244,1046
244,1073
244,1089
244,1141
244,1195
244,1229
244,1276
244,1292
244,1299
244,1306
244,1333
244,1374
244,1700
244,1711
244,1914
244,1936
244,1985
244,1991
244,2028
244,2169
244,2189
244,2329
244,2472
244,2477
244,2837
244,3508
244,3545
244,3630
244,3675
244,3728
244,3837
244,3964
245,273
245,303
245,354
245,371
245,384
245,391
245,398
245,403
245,421
245,456
245,457
245,474
245,476
245,487
245,585
245,597
245,634
245,637
245,644
245,645
245,678
245,695
245,705
245,804
245,815
245,821
245,880
245,906
245,911
245,935
245,956
245,994
245,1036
245,1094
245,1098
245,1155
245,1197
245,1199
245,1220
245,1249
245,1307
245,1453
245,1621
245,1629
245,1812
245,1856
245,1909
245,1916
245,2032
245,2131
245,2141
245,2168
245,2268
245,2279
245,2299
245,2354
245,2387
245,2434
245,2464
245,2477
245,2504
245,2507
245,2516
245,2635
245,2692
245,2738
245,2739
245,2766
245,2837
245,2907
245,2972
245,3048
245,3073
245,3152
245,3159
245,3206
245,3307
245,3464
245,3486
245,3530
245,3555
245,3657
245,3658
245,3806
245,3967
246,274
246,299
246,322
246,338
246,357
246,399
246,409
246,411
246,427
246,451
246,494
246,505
246,526
246,560
246,569
246,594
246,615
246,650
246,658
246,669
246,784
246,932
246,978
246,1020
246,1036
246,1040
246,1043
246,1071
246,1077
246,1102
246,1130
246,1134
246,1136
246,1167
246,1285
246,1339
246,1383
246,1516
246,1522
246,1525
246,1542
246,1621
246,1626
246,1640
246,1689
246,1713
246,1728
246,1757
246,1765
246,1798
246,1804
246,1821
246,1914
246,1924
246,1945
246,1963
246,1968
246,2010
246,2143
246,2171
246,2194
246,2246
246,2297
246,2372
246,2387
246,2400
246,2537
246,2737
246,2753
246,2854
246,2883
246,2970
246,2982
246,3051
246,3178
246,3464
246,3642
246,3819
246,3884
246,3900
246,3932
246,3945
246,3970
247,250
247,265
247,280
247,377
247,388
247,400
247,414
247,423
247,455
247,485
247,497
247,541
247,570
247,579
247,602
247,640
247,653
247,659
247,677
247,701
247,702
247,739
247,757
247,761
247,791
247,819
247,820
247,833
247,904
247,946
247,955
247,1009
247,1063
247,1077
247,1113
247,1139
247,1147
247,1162
247,1232
247,1278
247,1298
247,1335
247,1357
247,1441
247,1453
247,1467
247,1483
247,1567
247,1604
247,1621
247,1648
247,1706
247,1732
247,1768
247,1817
247,1824
247,1827
247,1838
247,1861
247,1913
247,1927
247,2006
247,2041
247,2104
247,2203
247,2249
247,2322
247,2376
247,2419
247,2434
247,2486
247,2533
247,2538
247,2645
247,2693
247,2733
247,2752
247,2866
247,2906
247,2976
247,3162
247,3168
247,3177
247,3229
247,3232
247,3323
247,3347
247,3388
247,3463
247,3476
247,3721
247,3767
247,3800
247,3918
247,3928
248,252
248,276
248,277
248,321
248,409
248,419
248,441
248,492
248,493
248,544
248,554
248,565
248,676
248,686
248,726
248,744
248,763
248,765
248,794
248,892
248,967
248,969
248,1089
248,1152
248,1157
248,1167
248,1175
248,1258
248,1264
248,1347
248,1439
248,1458
248,1475
248,1496
248,1533
248,1545
248,1758
248,1765
248,1768
248,1792
248,1851
248,1986
248,2021
248,2054
248,2090
248,2124
248,2143
248,2212
248,2357
248,2360
248,2454
248,2539
248,2563
248,2580
248,2639
248,2647
248,2678
248,2683
248,2797
248,2815
248,2867
248,2899
248,2953
248,2999
248,3057
248,3091
248,3154
248,3173
248,3184
248,3237
248,3373
248,3385
248,3476
248,3480
248,3519
248,3565
248,3609
248,3692
248,3704
248,3707
248,3708
248,3854
248,4000
249,265
249,267
249,271
249,274
249,275
249,283
249,292
249,312
249,313
249,317
249,322
249,336
249,342
249,384
249,415
249,436
249,440
249,456
249,467
249,482
249,511
249,559
249,578
249,627
249,708
249,734
249,736
249,756
249,767
249,835
249,852
249,955
249,1021
249,1039
249,1062
249,1072
249,1178
249,1268
249,1304
249,1325
249,1334
249,1400
249,1403
249,1449
249,1483
249,1507
249,1562
249,1601
249,1629
249,1692
249,1721
249,1724
249,1728
249,1732
249,1900
249,1909
249,1932
249,1992
249,1994
249,2063
249,2144
249,2285
249,2327
249,2347
249,2399
249,2461
249,2483
249,2789
249,2872
249,2888
249,2903
249,2947
249,2986
249,2999
249,3024
249,3328
249,3348
249,3372
249,3382
249,3414
249,3460
249,3497
249,3793
249,3877
249,4008
249,4038
250,276
250,307
250,366
250,369
250,425
250,503
250,526
250,529
250,548
250,553
250,589
250,667
250,687
250,717
250,743
250,757
250,784
250,868
250,879
250,880
250,948
250,996
250,1076
250,1080
250,1084
250,1112
250,1163
250,1175
250,1186
250,1310
250,1329
250,1418
250,1526
250,1537
250,1620
250,1639
250,1652
250,1656
250,1665
250,1751
250,1795
250,1798
250,1811
250,1878
250,1931
250,1940
250,1981
250,2015
250,2070
250,2089
250,2141
250,2149
250,2246
250,2254
250,2294
250,2323
250,2348
250,2366
250,2385
250,2426
250,2448
250,2516
250,2582
250,2635
250,2657
250,2732
250,2749
250,2753
250,2805
250,2875
250,2943
250,2965
250,2969
250,2996
250,3260
250,3304
250,3550
250,3949
251,265
251,267
251,286
251,319
251,336
251,362
251,430
251,448
251,514
251,612
251,623
251,640
251,646
251,685
251,701
251,747
251,797
251,824
251,838
251,890
251,914
251,972
251,977
251,992
251,1035
251,1038
251,1040
251,1068
251,1078
251,1247
251,1260
251,1278
251,1281
251,1286
251,1293
251,1318
251,1331
251,1383
251,1393
251,1509
251,1549
251,1640
251,1686
251,1739
251,1779
251,1781
251,1842
251,1989
251,2111
251,2169
251,2306
251,2323
251,2400
251,2407
251,2431
251,2444
251,2596
251,2598
251,2699
251,2720
251,2738
251,2763
251,2836
251,2853
251,2865
251,2961
251,3182
251,3288
251,3344
251,3390
251,3452
251,3561
251,3566
251,3905
251,3907
252,273
252,304
252,327
252,389
252,397
252,415
252,443
252,501
252,517
252,572
252,586
252,639
252,657
252,678
252,705
252,744
252,761
252,792
252,807
252,862
252,877
252,892
252,923
252,964
252,977
252,1089
252,1186
252,1262
252,1299
252,1338
252,1411
252,1455
252,1456
252,1461
252,1568
252,1599
252,1602
252,1673
252,1876
252,2007
252,2036
252,2039
252,2045
252,2123
252,2258
252,2313
252,2343
252,2523
252,2646
252,2831
252,2970
252,3050
252,3051
252,3055
252,3164
252,3188
252,3194
252,3203
252,3345
252,3356
252,3521
252,3722
252,3755
253,260
253,272
253,284
253,358
253,430
253,454
253,565
253,571
253,621
253,637
253,651
253,711
253,723
253,747
253,803
253,834
253,847
253,1015
253,1069
253,1088
253,1102
253,1150
253,1174
253,1184
253,1336
253,1339
253,1411
253,1412
253,1426
253,1561
253,1595
253,1748
253,1856
253,1865
253,1880
253,1911
253,1951
253,2116
253,2139
253,2223
253,2266
253,2306
253,2357
253,2383
253,2392
253,2420
253,2496
253,2561
253,2582
253,2648
253,2711
253,2738
253,2802
253,2828
253,2859
253,2911
253,2966
253,3087
253,3100
253,3115
253,3200
253,3263
253,3400
253,3471
253,3509
253,3577
253,3600
253,3612
253,3892
253,4023
254,262
254,263
254,277
254,293
254,363
254,367
254,368
254,410
254,463
254,482
254,500
254,577
254,667
254,779
254,936
254,949
254,1031
254,1074
254,1200
254,1215
254,1254
254,1298
254,1332
254,1403
254,1494
254,1516
254,1669
254,1746
254,1794
254,1806
254,1836
254,1954
254,2033
254,2066
254,2264
254,2493
254,2513
254,2567
254,2866
254,2960
254,3007
254,3223
254,3274
254,3298
254,3374
254,3403
254,3409
254,3436
254,3610
254,3655
254,3711
254,3914
255,279
255,317
255,326
255,331
255,343
255,344
255,358
255,364
255,368
255,381
255,399
255,409
255,437
255,517
255,519
255,534
255,546
255,559
255,582
255,590
255,597
255,631
255,633
255,695
255,714
255,716
255,741
255,757
255,783
255,789
255,804
255,866
255,921
255,967
255,982
255,1079
255,1089
255,1106
255,1116
255,1188
255,1205
255,1253
255,1291
255,1313
255,1383
255,1395
255,1403
255,1426
255,1428
255,1430
255,1437
255,1456
255,1516
255,1567
255,1594
255,1613
255,1658
255,1660
255,1714
255,1723
255,1757
255,1851
255,1915
255,1972
255,1994
255,2077
255,2078
255,2106
255,2133
255,2179
255,2185
255,2192
255,2224
255,2312
255,2375
255,2391
255,2394
255,2507
255,2665
255,2727
255,2756
255,2896
255,2949
255,2964
255,3005
255,3034
255,3183
255,3189
255,3190
255,3287
255,3300
255,3346
255,3353
255,3390
255,3399
255,3414
255,3476
255,3564
255,3628
255,3652
255,3671
255,3673
255,3675
255,3706
255,3772
255,3778
255,3816
255,3855
255,3888
255,3955
255,3985
256,268
256,296
256,300
256,310
256,381
256,420
256,463
256,553
256,628
256,639
256,664
256,689
256,702
256,767
256,842
256,852
256,868
256,885
256,902
256,1024
256,1050
256,1056
256,1060
256,1077
256,1124
256,1137
256,1149
256,1180
256,1194
256,1196
256,1244
256,1278
256,1300
256,1310
256,1380
256,1467
256,1533
256,1644
256,1654
256,1719
256,1749
256,1819
256,1857
256,1900
256,2053
256,2067
256,2256
256,2416
256,2447
256,2504
256,2566
256,2617
256,2643
256,2676
256,2954
256,3128
256,3192
256,3247
256,3298
256,3390
256,3439
256,3446
256,3535
256,3742
256,3811
256,3838
256,3866
257,297
257,310
257,313
257,326
257,412
257,422
257,425
257,450
257,479
257,524
257,597
257,635
257,655
257,694
257,704
257,733
257,743
257,769
257,774
257,784
257,825
257,882
257,903
257,907
257,930
257,949
257,970
257,1026
257,1030
257,1038
257,1045
257,1070
257,1126
257,1129
257,1159
257,1212
257,1228
257,1266
257,1271
257,1376
257,1446
257,1513
257,1523
257,1575
257,1577
257,1708
257,1743
257,1785
257,1798
257,1919
257,2018
257,2063
257,2121
257,2168
257,2271
257,2315
257,2399
257,2592
257,2593
257,2666
257,2776
257,2849
257,2858
257,2866
257,2894
257,2912
257,2918
257,3063
257,3102
257,3138
257,3155
257,3208
257,3211
257,3243
257,3413
257,3457
257,3709
257,3775
257,3861
257,3914
257,3929
257,3943
258,290
258,321
258,344
258,366
258,432
258,434
258,451
258,481
258,530
258,541
258,599
258,612
258,625
258,661
258,662
258,666
258,766
258,792
258,814
258,832
258,855
258,867
258,918
258,1100
258,1169
258,1194
258,1219
258,1282
258,1320
258,1330
258,1455
258,1494
258,1510
258,1554
258,1607
258,1647
258,1651
258,1655
258,1757
258,1795
258,1862
258,1871
258,1888
258,1956
258,1988
258,2017
258,2054
258,2171
258,2179
258,2182
258,2310
258,2314
258,2345
258,2406
258,2416
258,2573
258,2584
258,2614
258,2644
258,2998
258,3020
258,3025
258,3082
258,3093
258,3117
258,3290
258,3321
258,3391
258,3421
258,3549
258,3628
258,3647
258,3679
258,3713
258,3717
258,3738
258,3750
258,3841
258,3863
258,3890
258,3892
258,3920
258,4005
259,283
259,304
259,305
259,322
259,340
259,344
259,369
259,377
259,507
259,545
259,652
259,666
259,686
259,726
259,750
259,797
259,849
259,963
259,980
259,999
259,1064
259,1135
259,1159
259,1166
259,1242
259,1251
259,1265
259,1325
259,1410
259,1445
259,1602
259,1629
259,1746
259,1797
259,1958
259,1979
259,2103
259,2122
259,2174
259,2263
259,2277
259,2335
259,2342
259,2350
259,2443
259,2657
259,2722
259,3115
259,3207
259,3423
259,3498
259,3505
259,3744
259,3804
259,3826
259,3931
259,4010
260,268
260,277
260,310
260,328
260,337
260,341
260,370
260,381
260,417
260,506
260,538
260,601
260,665
260,669
260,675
260,679
260,754
260,755
260,759
260,769
260,794
260,819
260,821
260,849
260,860
260,922
260,951
260,967
260,974
260,1085
260,1117
260,1141
260,1189
260,1223
260,1277
260,1326
260,1351
260,1576
260,1582
260,1671
260,1786
260,1831
260,1925
260,1943
260,2105
260,2168
260,2184
260,2246
260,2345
260,2532
260,3163
260,3232
260,3321
260,3463
260,3650
260,3748
260,3770
260,3858
260,3889
261,286
261,307
261,311
261,357
261,372
261,379
261,393
261,421
261,435
261,453
261,464
261,468
261,492
261,546
261,601
261,622
261,691
261,721
261,733
261,740
261,750
261,768
261,814
261,826
261,889
261,898
261,991
261,996
261,1004
261,1053
261,1066
261,1070
261,1084
261,1170
261,1283
261,1354
261,1528
261,1559
261,1652
261,1692
261,1826
261,1857
261,1877
261,2010
261,2247
261,2348
261,2514
261,2636
261,2690
261,2724
261,2728
261,2779
261,2918
261,3064
261,3104
261,3170
261,3343
261,3504
261,3656
261,3659
262,269
262,309
262,332
262,371
262,372
262,384
262,395
262,396
262,402
262,421
262,425
262,450
262,471
262,482
262,506
262,612
262,629
262,642
262,691
262,699
262,706
262,791
262,902
262,917
262,926
262,1053
262,1065
262,1150
262,1208
262,1232
262,1314
262,1332
262,1355
262,1396
262,1400
262,1424
262,1433
262,1475
262,1515
262,1527
262,1551
262,1613
262,1657
262,1683
262,1693
262,1728
262,1746
262,1813
262,1815
262,1920
262,1956
262,2047
262,2049
262,2081
262,2120
262,2126
262,2178
262,2192
262,2316
262,2325
262,2395
262,2508
262,2628
262,3026
262,3161
262,3308
262,3608
262,3783
262,3890
262,3937
262,3955
262,4032
263,266
263,270
263,288
263,312
263,320
263,328
263,382
263,396
263,434
263,451
263,489
263,498
263,499
263,548
263,656
263,661
263,666
263,693
263,732
263,762
263,780
263,781
263,785
263,836
263,849
263,858
263,898
263,1020
263,1179
263,1207
263,1246
263,1254
263,1282
263,1321
263,1404
263,1424
263,1426
263,1493
263,1508
263,1558
263,1581
263,1662
263,1716
263,1717
263,1725
263,1794
263,1935
263,2034
263,2056
263,2157
263,2184
263,2272
263,2414
263,2432
263,2480
263,2524
263,2563
263,2583
263,2596
263,2625
263,2688
263,2800
263,2804
263,2987
263,3101
263,3186
263,3218
263,3373
263,3393
263,3649
263,3702
263,3920
263,4027
264,302
264,315
264,367
264,441
264,446
264,592
264,597
264,688
264,691
264,790
264,930
264,991
264,1067
264,1083
264,1107
264,1242
264,1281
264,1293
264,1386
264,1465
264,1492
264,1609
264,1610
264,1615
264,1705
264,1798
264,1818
264,1876
264,1954
264,1962
264,2069
264,2075
264,2141
264,2231
264,2259
264,2332
264,2457
264,2497
264,2582
264,2646
264,2804
264,2932
264,2994
264,3066
264,3082
264,3087
264,3124
264,3235
264,3315
264,3321
264,3331
264,3366
264,3451
264,3575
264,3584
264,3678
264,3716
264,3861
264,3928
265,303
265,427
265,446
265,448
265,449
265,511
265,536
265,606
265,630
265,648
265,679
265,697
265,701
265,723
265,763
265,893
265,935
265,953
265,1032
265,1072
265,1115
265,1168
265,1180
265,1220
265,1352
265,1378
265,1443
265,1448
265,1455
265,1657
265,1671
265,1716
265,1801
265,1882
265,1930
265,1938
265,2014
265,2052
265,2074
265,2162
265,2693
265,2949
265,3106
265,3135
265,3219
265,3304
265,3369
265,3384
265,3443
265,3543
265,3547
265,3611
265,3619
266,294
266,364
266,373
266,380
266,392
266,395
266,422
266,431
266,432
266,441
266,444
266,453
266,486
266,498
266,521
266,539
266,596
266,632
266,655
266,662
266,681
266,685
266,713
266,727
266,731
266,794
266,801
266,805
266,808
266,842
266,866
266,895
266,900
266,912
266,957
266,1035
266,1058
266,1070
266,1110
266,1112
266,1152
266,1196
266,1225
266,1228
266,1254
266,1337
266,1361
266,1373
266,1389
266,1405
266,1439
266,1463
266,1483
266,1505
266,1531
266,1566
266,1588
266,1592
266,1611
266,1818
266,1939
266,1958
266,1977
266,1990
266,1996
266,2026
266,2048
266,2057
266,2119
266,2144
266,2245
266,2246
266,2337
266,2342
266,2371
266,2443
266,2537
266,2593
266,2718
266,2774
266,2848
266,2947
266,2949
266,2996
266,3133
266,3154
266,3219
266,3228
266,3292
266,3356
266,3366
266,3452
266,3471
266,3511
266,3604
266,3616
266,3686
266,3751
266,3780
266,3793
266,3818
266,3831
266,3979
266,4022
267,271
267,272
267,290
267,305
267,318
267,346
267,349
267,360
267,361
267,441
267,463
267,553
267,613
267,625
267,628
267,674
267,676
267,718
267,727
267,729
267,756
267,837
267,872
267,912
267,923
267,949
267,1046
267,1096
267,1102
267,1287
267,1291
267,1301
267,1332
267,1408
267,1464
267,1537
267,1634
267,1689
267,1756
267,1779
267,1975
267,2068
267,2243
267,2288
267,2345
267,2580
267,2586
267,2643
267,2771
267,2782
267,2832
267,2839
267,2882
267,3018
267,3126
267,3138
267,3140
267,3188
267,3363
267,3366
267,3370
267,3386
267,3390
267,3496
267,3533
267,3537
267,3672
267,3724
267,3941
267,3959
268,289
268,293
268,316
268,339
268,359
268,377
268,394
268,431
268,432
268,453
268,488
268,493
268,515
268,552
268,557
268,564
268,614
268,626
268,671
268,709
268,731
268,820
268,834
268,842
268,890
268,959
268,1113
268,1114
268,1175
268,1230
268,1250
268,1259
268,1332
268,1355
268,1584
268,1655
268,1687
268,1710
268,1760
268,1767
268,1809
268,1874
268,1898
268,1902
268,1984
268,2030
268,2038
268,2088
268,2159
268,2175
268,2260
268,2309
268,2350
268,2417
268,2420
268,2430
268,2451
268,2586
268,2683
268,2693
268,2734
268,3019
268,3091
268,3314
268,3387
268,3411
268,3466
268,3467
268,3652
268,3653
268,3801
268,3825
268,3890
269,287
269,332
269,333
269,334
269,342
269,466
269,523
269,619
269,635
269,684
269,707
269,868
269,937
269,973
269,1074
269,1105
269,1150
269,1157
269,1175
269,1203
269,1212
269,1273
269,1307
269,1309
269,1451
269,1454
269,1482
269,1646
269,1671
269,1681
269,1713
269,1715
269,1762
269,1789
269,1827
269,1881
269,1900
269,1920
269,2061
269,2298
269,2315
269,2416
269,2551
269,2587
269,2704
269,2776
269,2973
269,3002
269,3058
269,3110
269,3265
269,3351
269,3549
269,3559
269,3714
269,3719
269,3870
269,3927
269,3932
270,305
270,322
270,350
270,365
270,375
270,383
270,402
270,413
270,426
270,438
270,447
270,493
270,505
270,549
270,553
270,555
270,594
270,661
270,665
270,667
270,689
270,697
270,733
270,776
270,787
270,795
270,826
270,828
270,833
270,865
270,916
270,1002
270,1030
270,1090
270,1109
270,1120
270,1134
270,1193
270,1235
270,1308
270,1359
270,1428
270,1452
270,1470
270,1491
270,1554
270,1575
270,1746
270,1766
270,1846
270,1964
270,2023
270,2045
270,2138
270,2199
270,2205
270,2332
270,2342
270,2347
270,2349
270,2358
270,2401
270,2449
270,2561
270,2664
270,2675
270,2943
270,2959
270,3055
270,3083
270,3163
270,3241
270,3310
270,3498
270,3700
270,3757
270,3846
270,3883
270,3995
271,283
271,286
271,293
271,318
271,350
271,389
271,431
271,451
271,513
271,528
271,530
271,554
271,606
271,653
271,734
271,786
271,838
271,850
271,862
271,880
271,912
271,918
271,921
271,979
271,1111
271,1160
271,1205
271,1338
271,1371
271,1518
271,1528
271,1565
271,1568
271,1569
271,1575
271,1652
271,1666
271,1667
271,1714
271,1716
271,1724
271,1780
271,1966
271,2082
271,2115
271,2160
271,2314
271,2603
271,2705
271,2805
271,2895
271,2993
271,3034
271,3074
271,3118
271,3356
271,3406
271,3530
271,3553
271,3703
271,3734
271,3872
271,3902
271,3975
271,4018
272,303
272,330
272,352
272,371
272,385
272,437
272,439
272,463
272,481
272,491
272,495
272,599
272,643
272,734
272,821
272,855
272,1000
272,1012
272,1033
272,1087
272,1165
272,1218
272,1229
272,1259
272,1269
272,1280
272,1317
272,1331
272,1372
272,1410
272,1472
272,1529
272,1548
272,1731
272,1850
272,1863
272,1909
272,1955
272,2027
272,2385
272,2567
272,2648
272,2724
272,2758
272,2861
272,2885
272,2992
272,3246
272,3331
272,3362
272,3489
272,3700
273,282
273,285
273,355
273,362
273,405
273,408
273,415
273,485
273,577
273,621
273,644
273,658
273,731
273,734
273,753
273,776
273,808
273,815
273,847
273,856
273,1022
273,1036
273,1149
273,1164
273,1186
273,1239
273,1241
273,1495
273,1521
273,1554
273,1609
273,1619
273,1632
273,1763
273,1868
273,1915
273,1933
273,1945
273,1979
273,2228
273,2256
273,2307
273,2555
273,2652
273,2737
273,2785
273,2787
273,3053
273,3166
273,3212
273,3243
273,3274
273,3382
273,3547
273,3563
273,3581
273,3668
273,3671
273,3728
273,3873
273,3951
273,3982
274,279
274,302
274,314
274,329
274,355
274,358
274,403
274,428
274,570
274,629
274,650
274,666
274,729
274,748
274,811
274,878
274,973
274,1092
274,1139
274,1178
274,1204
274,1219
274,1220
274,1269
274,1368
274,1392
274,1410
274,1446
274,1571
274,1610
274,1695
274,1697
274,1744
274,1808
274,2047
274,2088
274,2110
274,2137
274,2237
274,2244
274,2311
274,2540
274,2615
274,2899
274,3270
274,3287
274,3810
275,291
275,309
275,410
275,427
275,440
275,547
275,574
275,587
275,607
275,662
275,680
275,716
275,775
275,803
275,875
275,890
275,902
275,923
275,980
275,1076
275,1091
275,1107
275,1116
275,1134
275,1201
275,1208
275,1221
275,1280
275,1336
275,1409
275,1478
275,1488
275,1677
275,1738
275,1756
275,1763
275,1811
275,1844
275,2216
275,2217
275,2274
275,2322
275,2595
275,2752
275,2860
275,2878
275,2955
275,2961
275,3030
275,3057
275,3139
275,3160
275,3199
275,3221
275,3224
275,3317
275,3510
275,3675
275,3698
275,3749
275,3800
276,286
276,297
276,299
276,301
276,314
276,327
276,387
276,398
276,407
276,440
276,462
276,489
276,523
276,560
276,586
276,593
276,597
276,641
276,648
276,665
276,679
276,716
276,739
276,814
276,824
276,878
276,905
276,911
276,925
276,980
276,1010
276,1012
276,1087
276,1097
276,1107
276,1156
276,1199
276,1242
276,1294
276,1439
276,1502
276,1553
276,1584
276,1587
276,1600
276,1713
276,1807
276,1853
276,2115
276,2193
276,2272
276,2326
276,2363
276,2521
276,2524
276,2559
276,2653
276,2692
276,2701
276,2713
276,2745
276,2771
276,2790
276,2845
276,2860
276,2895
276,2899
276,2962
276,3167
276,3262
276,3268
276,3292
276,3345
276,3438
276,3685
276,3736
276,3875
276,3933
276,3948
277,282
277,354
277,371
277,383
277,388
277,446
277,467
277,557
277,581
277,674
277,747
277,767
277,790
277,819
277,826
277,829
277,877
277,901
277,903
277,912
277,991
277,1135
277,1141
277,1202
277,1204
277,1217
277,1225
277,1243
277,1328
277,1444
277,1583
277,1658
277,1855
277,1906
277,1908
277,1944
277,2038
277,2069
277,2149
277,2187
277,2189
277,2231
277,2261
277,2269
277,2300
277,2444
277,2453
277,2505
277,2752
277,2794
277,3050
277,3111
277,3278
277,3542
277,3596
277,3660
277,3796
277,3850
277,3994
277,4004
278,285
278,308
278,336
278,346
278,484
278,548
278,626
278,647
278,692
278,772
278,778
278,811
278,885
278,925
278,939
278,975
278,979
278,984
278,992
278,1014
278,1034
278,1078
278,1137
278,1217
278,1228
278,1521
278,1619
278,1635
278,1643
278,1665
278,1714
278,1760
278,1915
278,1961
278,2171
278,2255
278,2314
278,2338
278,2477
278,2675
278,2870
278,2897
278,2990
278,3211
278,3226
278,3263
278,3269
278,3284
278,3298
278,3349
278,3362
278,3380
278,3415
278,3419
278,3436
278,3509
278,3748
278,3842
278,3991
278,4000
279,305
279,316
279,321
279,333
279,467
279,543
279,578
279,632
279,646
279,651
279,662
279,888
279,969
279,1036
279,1066
279,1080
279,1115
279,1128
279,1130
279,1160
279,1223
279,1231
279,1256
279,1270
279,1326
279,1398
279,1417
279,1551
279,1601
279,1770
279,1776
279,1811
279,1880
279,2099
279,2109
279,2256
279,2377
279,2661
279,2703
279,2766
279,2808
279,2841
279,3111
279,3125
279,3184
279,3231
279,3266
279,3285
279,3313
279,3428
279,3478
279,3500
279,3609
279,3612
279,3644
280,294
280,298
280,343
280,348
280,355
280,381
280,495
280,498
280,552
280,603
280,611
280,657
280,717
280,730
280,742
280,886
280,1028
280,1047
280,1066
280,1130
280,1250
280,1363
280,1378
280,1517
280,1529
280,1589
280,1609
280,1650
280,1667
280,1689
280,1701
280,1859
280,1874
280,1915
280,1968
280,2012
280,2060
280,2282
280,2398
280,2668
280,2743
280,2827
280,3029
280,3178
280,3351
280,3467
280,3513
280,3632
280,3793
280,3850
280,3855
281,326
281,330
281,345
281,352
281,414
281,458
281,462
281,480
281,520
281,534
281,536
281,557
281,569
281,609
281,640
281,641
281,701
281,710
281,733
281,752
281,761
281,769
281,775
281,780
281,915
281,927
281,1004
281,1036
281,1042
281,1043
281,1061
281,1087
281,1152
281,1191
281,1232
281,1269
281,1376
281,1390
281,1569
281,1632
281,1671
281,1746
281,1757
281,1843
281,1903
281,1920
281,1928
281,2018
281,2039
281,2048
281,2061
281,2224
281,2277
281,2378
281,2392
281,2408
281,2643
281,2737
281,2852
281,3133
281,3169
281,3233
281,3313
281,3377
281,3410
281,3545
281,3589
281,3725
281,3739
281,3741
281,3748
281,3770
281,3772
281,3849
282,287
282,300
282,308
282,335
282,376
282,377
282,411
282,559
282,579
282,624
282,626
282,629
282,692
282,722
282,774
282,799
282,827
282,828
282,868
282,891
282,942
282,960
282,967
282,978
282,1089
282,1111
282,1221
282,1252
282,1302
282,1321
282,1352
282,1380
282,1411
282,1526
282,1534
282,1635
282,1640
282,1662
282,1710
282,1784
282,1875
282,1890
282,1900
282,1901
282,1991
282,1998
282,2086
282,2092
282,2243
282,2435
282,2469
282,2498
282,2525
282,2615
282,2704
282,2825
282,2859
282,2953
282,2997
282,3017
282,3092
282,3114
282,3124
282,3139
282,3334
282,3364
282,3389
282,3409
282,3524
282,3600
282,3616
282,3833
282,3842
283,292
283,325
283,328
283,368
283,420
283,428
283,437
283,526
283,581
283,664
283,733
283,748
283,757
283,780
283,873
283,979
283,1014
283,1016
283,1079
283,1161
283,1197
283,1255
283,1351
283,1570
283,1625
283,1706
283,1790
283,1895
283,1992
283,2072
283,2087
283,2176
283,2277
283,2374
283,2441
283,2467
283,2625
283,2769
283,3001
283,3138
283,3268
283,3288
283,3416
283,3522
283,3532
283,3580
283,3806
283,3818
284,301
284,335
284,354
284,360
284,393
284,422
284,428
284,507
284,538
284,546
284,555
284,562
284,596
284,613
284,672
284,732
284,848
284,975
284,983
284,1056
284,1178
284,1192
284,1216
284,1229
284,1254
284,1277
284,1322
284,1359
284,1546
284,1559
284,1564
284,1566
284,1569
284,1577
284,1589
284,1691
284,1693
284,1755
284,1966
284,2005
284,2022
284,2115
284,2197
284,2247
284,2343
284,2470
284,2566
284,2568
284,2655
284,2692
284,2835
284,2902
284,2916
284,2958
284,3347
284,3357
284,3367
284,3425
284,3441
284,3494
284,3571
284,3593
284,3720
284,3806
285,305
285,333
285,352
285,388
285,410
285,460
285,482
285,486
285,549
285,562
285,599
285,689
285,718
285,743
285,775
285,778
285,795
285,846
285,860
285,897
285,903
285,923
285,954
285,989
285,1000
285,1001
285,1027
285,1088
285,1099
285,1127
285,1232
285,1260
285,1274
285,1305
285,1537
285,1600
285,1629
285,1644
285,1693
285,1744
285,1756
285,2009
285,2052
285,2138
285,2319
285,2398
285,2413
285,2642
285,2739
285,2760
285,2832
285,2845
285,2930
285,2968
285,2980
285,2989
285,2995
285,3153
285,3311
285,3332
285,3436
285,3523
285,3547
285,3633
285,3656
285,3688
285,3803
285,3922
285,3938
286,399
286,405
286,429
286,472
286,486
286,499
286,702
286,716
286,912
286,918
286,971
286,991
286,1015
286,1081
286,1095
286,1098
286,1163
286,1223
286,1297
286,1413
286,1421
286,1682
286,1862
286,1882
286,1999
286,2051
286,2086
286,2426
286,2535
286,2543
286,2749
286,2822
286,2872
286,3076
286,3168
286,3210
286,3226
286,3302
286,3409
286,3485
286,3529
286,3532
286,3557
286,3742
287,288
287,356
287,382
287,385
287,388
287,405
287,450
287,514
287,583
287,589
287,603
287,610
287,655
287,727
287,740
287,757
287,760
287,871
287,879
287,880
287,959
287,1103
287,1199
287,1312
287,1320
287,1442
287,1540
287,1691
287,1774
287,1904
287,1955
287,2018
287,2052
287,2087
287,2110
287,2119
287,2163
287,2201
287,2311
287,2315
287,2334
287,2364
287,2424
287,2888
287,3021
287,3113
287,3369
287,3500
288,338
288,351
288,361
288,422
288,432
288,448
288,532
288,576
288,643
288,704
288,745
288,753
288,848
288,901
288,908
288,964
288,1011
288,1053
288,1083
288,1094
288,1098
288,1117
288,1197
288,1213
288,1295
288,1371
288,1511
288,1537
288,1759
288,1832
288,1998
288,2030
288,2242
288,2502
288,2527
288,2546
288,2557
288,2766
288,2784
288,3147
288,3594
288,3647
288,3675
288,3759
288,3898
289,385
289,455
289,488
289,547
289,556
289,574
289,594
289,685
289,704
289,787
289,870
289,952
289,1069
289,1078
289,1084
289,1120
289,1147
289,1229
289,1245
289,1284
289,1301
289,1367
289,1487
289,1564
289,1668
289,1766
289,1774
289,2019
289,2036
289,2290
289,2330
289,2348
289,2412
289,2498
289,2918
289,2922
289,2924
289,3171
289,3210
289,3425
289,3583
289,3794
290,294
290,295
290,319
290,324
290,353
290,400
290,407
290,428
290,493
290,509
290,632
290,715
290,729
290,772
290,774
290,843
290,905
290,927
290,942
290,950
290,962
290,982
290,1082
290,1104
290,1144
290,1183
290,1215
290,1220
290,1340
290,1365
290,1383
290,1423
290,1564
290,1566
290,1744
290,1789
290,1799
290,1823
290,1843
290,1874
290,2021
290,2114
290,2134
290,2243
290,2335
290,2503
290,2541
290,2568
290,2588
290,2618
290,2748
290,2783
290,2927
290,3096
290,3157
290,3189
290,3193
290,3230
290,3249
290,3297
290,3331
290,3372
290,3504
290,3586
290,3600
290,3640
290,3653
290,3657
290,3890
290,4010
291,373
291,471
291,508
291,596
291,614
291,649
291,695
291,807
291,818
291,967
291,1063
291,1107
291,1143
291,1189
291,1198
291,1272
291,1295
291,1410
291,1449
291,1454
291,1493
291,1500
291,1502
291,1697
291,1720
291,1765
291,1791
291,1797
291,1799
291,1820
291,1876
291,1904
291,2078
291,2086
291,2096
291,2153
291,2169
291,2224
291,2267
291,2271
291,2277
291,2305
291,2363
291,2443
291,2582
291,2590
291,2801
291,2874
291,3069
291,3091
291,3128
291,3259
291,3378
291,3424
291,3502
291,3503
291,3554
291,3658
291,3723
291,3755
291,3849
291,3936
291,3957
291,3974
291,3998
292,298
292,307
292,308
292,369
292,386
292,407
292,422
292,425
292,476
292,492
292,493
292,518
292,526
292,547
292,576
292,583
292,628
292,631
292,640
292,673
292,680
292,758
292,775
292,816
292,868
292,890
292,924
292,925
292,943
292,948
292,954
292,1028
292,1038
292,1049
292,1056
292,1072
292,1075
292,1111
292,1120
292,1126
292,1170
292,1203
292,1263
292,1281
292,1333
292,1432
292,1544
292,1647
292,1697
292,1782
292,1866
292,1898
292,1954
292,1962
292,1981
292,2006
292,2021
292,2180
292,2216
292,2252
292,2302
292,2328
292,2477
292,2572
292,2665
292,2754
292,2938
292,2958
292,3044
292,3050
292,3165
292,3192
292,3208
292,3226
292,3235
292,3255
292,3392
292,3523
292,3538
292,3687
292,3868
292,3936
292,4004
293,296
293,323
293,380
293,458
293,468
293,536
293,653
293,708
293,722
293,822
293,867
293,903
293,911
293,982
293,995
293,1264
293,1302
293,1314
293,1456
293,1476
293,1571
293,1605
293,1703
293,1731
293,1740
293,1767
293,1792
293,2039
293,2129
293,2410
293,2451
293,2776
293,2993
293,3115
293,3120
293,3157
293,3243
293,3341
293,3473
293,3946
294,343
294,495
294,636
294,674
294,816
294,948
294,996
294,1001
294,1040
294,1046
294,1061
294,1083
294,1094
294,1165
294,1238
294,1444
294,1541
294,1580
294,1658
294,1715
294,1743
294,1797
294,1816
294,1817
294,1826
294,1868
294,1881
294,1968
294,1985
294,2011
294,2193
294,2290
294,2346
294,2473
294,2505
294,2601
294,2659
294,2824
294,2915
294,3377
294,3413
294,3504
294,3533
294,3568
294,3732
294,3883
295,310
295,312
295,327
295,382
295,397
295,437
295,467
295,473
295,568
295,580
295,581
295,596
295,614
295,627
295,682
295,743
295,784
295,803
295,864
295,883
295,955
295,1007
295,1008
295,1112
295,1143
295,1160
295,1163
295,1197
295,1211
295,1251
295,1253
295,1271
295,1289
295,1297
295,1389
295,1427
295,1431
295,1463
295,1500
295,1508
295,1521
295,1579
295,1681
295,1708
295,1868
295,1889
295,2002
295,2027
295,2037
295,2130
295,2151
295,2174
295,2217
295,2291
295,2331
295,2373
295,2425
295,2440
295,2474
295,2586
295,2634
295,2665
295,2696
295,2968
295,2975
295,3059
295,3111
295,3138
295,3171
295,3195
295,3217
295,3259
295,3316
295,3352
295,3485
295,3494
295,3509
295,3567
295,3611
295,3617
295,3773
295,3927
295,4020
296,298
296,314
296,320
296,328
296,331
296,335
296,354
296,358
296,375
296,381
296,430
296,441
296,442
296,445
296,450
296,498
296,500
296,506
296,521
296,544
296,633
296,649
296,663
296,669
296,675
296,770
296,781
296,795
296,857
296,865
296,922
296,926
296,966
296,981
296,1049
296,1105
296,1108
296,1162
296,1198
296,1200
296,1211
296,1221
296,1226
296,1259
296,1270
296,1302
296,1305
296,1311
296,1321
296,1366
296,1371
296,1501
296,1512
296,1568
296,1652
296,1728
296,1731
296,1746
296,1749
296,1760
296,1789
296,1800
296,1819
296,1834
296,1876
296,2162
296,2193
296,2343
296,2346
296,2431
296,2437
296,2446
296,2462
296,2472
296,2529
296,2592
296,2652
296,2680
296,2682
296,2712
296,2749
296,2807
296,2879
296,2934
296,2949
296,2953
296,2969
296,3014
296,3016
296,3058
296,3167
296,3171
296,3228
296,3297
296,3317
296,3319
296,3339
296,3348
296,3358
296,3381
296,3406
296,3447
296,3553
296,3556
296,3611
296,3621
296,3622
296,3637
296,3640
296,3715
296,3755
296,3861
296,3962
297,312
297,319
297,423
297,481
297,526
297,669
297,740
297,779
297,855
297,875
297,890
297,979
297,1076
297,1222
297,1269
297,1372
297,1423
297,1488
297,1499
297,1635
297,1657
297,1668
297,1742
297,1773
297,1797
297,1886
297,1905
297,1918
297,1951
297,2005
297,2009
297,2160
297,2183
297,2286
297,2338
297,2374
297,2429
297,2461
297,2482
297,2483
297,2556
297,2568
297,2629
297,2777
297,2857
297,3028
297,3110
297,3346
297,3405
297,3420
297,3489
297,3687
297,3839
297,3900
297,3903
298,367
298,414
298,494
298,509
298,513
298,539
298,592
298,624
298,707
298,760
298,804
298,876
298,911
298,993
298,1125
298,1130
298,1163
298,1189
298,1190
298,1298
298,1339
298,1377
298,1541
298,1546
298,1578
298,1628
298,1634
298,1665
298,1717
298,1720
298,1751
298,1842
298,1864
298,1867
298,1884
298,1954
298,1973
298,1999
298,2030
298,2040
298,2068
298,2259
298,2359
298,2389
298,2404
298,2491
298,2497
298,2521
298,2530
298,2748
298,2888
298,2988
298,3042
298,3087
298,3132
298,3255
298,3275
298,3314
298,3389
298,3400
298,3479
298,3504
298,3510
298,3540
298,3890
298,3996
298,4019
299,301
299,342
299,350
299,370
299,386
299,410
299,457
299,461
299,485
299,526
299,563
299,619
299,644
299,653
299,657
299,693
299,708
299,748
299,842
299,879
299,892
299,912
299,926
299,958
299,1011
299,1035
299,1052
299,1104
299,1160
299,1171
299,1234
299,1282
299,1333
299,1419
299,1468
299,1490
299,1509
299,1546
299,1572
299,1611
299,1621
299,1658
299,1701
299,1754
299,1788
299,1801
299,1812
299,1830
299,1849
299,1851
299,1888
299,1926
299,1942
299,2181
299,2196
299,2209
299,2225
299,2235
299,2305
299,2353
299,2404
299,2493
299,2547
299,2558
299,2596
299,2686
299,2759
299,2786
299,2937
299,2991
299,3058
299,3188
299,3543
299,3620
299,3685
299,3700
299,3749
299,3766
299,3808
299,3842
299,3843
299,3921
299,3950
299,3954
299,3998
300,303
300,375
300,389
300,411
300,414
300,434
300,435
300,436
300,452
300,457
300,487
300,501
300,519
300,529
300,573
300,627
300,632
300,638
300,647
300,659
300,678
300,719
300,750
300,780
300,783
300,888
300,929
300,993
300,1003
300,1014
300,1016
300,1077
300,1197
300,1214
300,1261
300,1312
300,1335
300,1358
300,1424
300,1446
300,1495
300,1716
300,1784
300,1796
300,1895
300,1919
300,1925
300,1953
300,1991
300,2023
300,2046
300,2077
300,2111
300,2127
300,2156
300,2173
300,2196
300,2211
300,2214
300,2241
300,2274
300,2300
300,2459
300,2565
300,2713
300,2778
300,2851
300,3095
300,3160
300,3233
300,3258
300,3336
300,3426
300,3430
300,3653
300,3952
300,4007
301,358
301,378
301,418
301,432
301,443
301,452
301,462
301,473
301,490
301,520
301,562
301,622
301,715
301,727
301,728
301,877
301,944
301,946
301,987
301,1076
301,1308
301,1436
301,1456
301,1497
301,1631
301,1678
301,1698
301,1721
301,1830
301,1839
301,1983
301,1990
301,2072
301,2082
301,2219
301,2379
301,2450
301,2493
301,2571
301,2712
301,2884
301,2908
301,3361
301,3448
301,3586
301,3632
301,3675
301,3695
301,3903
301,3915
302,335
302,350
302,352
302,415
302,436
302,467
302,469
302,480
302,528
302,580
302,592
302,630
302,709
302,755
302,762
302,766
302,803
302,815
302,845
302,890
302,893
302,923
302,929
302,1022
302,1048
302,1086
302,1109
302,1182
302,1229
302,1358
302,1427
302,1498
302,1513
302,1529
302,1534
302,1608
302,1664
302,1736
302,1769
302,1820
302,1909
302,1929
302,1972
302,1996
302,2126
302,2131
302,2229
302,2255
302,2338
302,2372
302,2485
302,2596
302,2643
302,2777
302,2805
302,2978
302,3017
302,3177
302,3203
302,3210
302,3228
302,3249
302,3257
302,3335
302,3340
302,3354
302,3471
302,3534
302,3550
302,3569
302,3717
302,3757
302,3772
302,3792
302,3917
303,340
303,347
303,357
303,378
303,434
303,463
303,469
303,480
303,532
303,665
303,683
303,696
303,771
303,849
303,1012
303,1060
303,1155
303,1260
303,1279
303,1347
303,1367
303,1503
303,1532
303,1662
303,1770
303,1782
303,1825
303,1856
303,1858
303,1877
303,1904
303,1911
303,1960
303,2010
303,2032
303,2095
303,2306
303,2414
303,2416
303,2591
303,2655
303,2790
303,2858
303,3007
303,3022
303,3061
303,3231
303,3287
303,3360
303,3509
303,3554
303,3580
303,3614
303,3686
303,3816
303,3831
303,3940
303,3993
304,545
304,580
304,601
304,678
304,704
304,784
304,815
304,1022
304,1088
304,1098
304,1245
304,1271
304,1279
304,1339
304,1535
304,1571
304,1685
304,1686
304,1798
304,1802
304,1827
304,1844
304,2045
304,2123
304,2168
304,2266
304,2288
304,2321
304,2386
304,2435
304,2485
304,2689
304,2764
304,3131
304,3137
304,3232
304,3445
304,3460
304,3765
304,3784
304,3867
304,3984
304,4010
304,4022
305,353
305,381
305,391
305,402
305,441
305,446
305,471
305,528
305,588
305,594
305,670
305,710
305,747
305,861
305,872
305,891
305,901
305,922
305,1060
305,1180
305,1281
305,1333
305,1434
305,1469
305,1592
305,1818
305,1859
305,1980
305,2614
305,2633
305,2655
305,2762
305,2861
305,2870
305,3056
305,3264
305,3279
305,3452
305,3691
306,314
306,342
306,344
306,356
306,363
306,365
306,415
306,437
306,452
306,473
306,515
306,532
306,550
306,585
306,618
306,632
306,674
306,691
306,728
306,815
306,857
306,975
306,1002
306,1042
306,1149
306,1162
306,1212
306,1282
306,1329
306,1390
306,1566
306,1626
306,1681
306,1927
306,2247
306,2249
306,2385
306,2425
306,2870
306,3269
306,3672
306,3756
306,3783
306,3865
306,3909
307,337
307,357
307,359
307,379
307,382
307,428
307,466
307,474
307,483
307,502
307,511
307,529
307,538
307,570
307,585
307,611
307,652
307,654
307,740
307,763
307,797
307,815
307,856
307,870
307,901
307,997
307,1193
307,1366
307,1551
307,1569
307,1589
307,1615
307,1687
307,1698
307,1767
307,1781
307,1829
307,1834
307,1885
307,1917
307,1954
307,1978
307,1981
307,2023
307,2106
307,2113
307,2195
307,2240
307,2337
307,2455
307,2464
307,2539
307,2600
307,2628
307,2668
307,2675
307,2709
307,2757
307,2902
307,2910
307,2915
307,2975
307,3023
307,3034
307,3037
307,3074
307,3124
307,3308
307,3340
307,3412
307,3666
307,3671
307,3688
307,3693
307,3701
307,3997
307,4018
307,4031
308,318
308,333
308,367
308,398
308,419
308,457
308,458
308,465
308,504
308,507
308,547
308,582
308,587
308,671
308,701
308,714
308,736
308,749
308,757
308,780
308,813
308,856
308,866
308,934
308,1073
308,1105
308,1109
308,1138
308,1158
308,1169
308,1172
308,1205
308,1273
308,1301
308,1332
308,1346
308,1376
308,1411
308,1439
308,1525
308,1664
308,1722
308,1736
308,1742
308,1759
308,1879
308,1923
308,1993
308,2280
308,2331
308,2339
308,2378
308,2494
308,2502
308,2524
308,2529
308,2556
308,2607
308,2629
308,2695
308,2744
308,2788
308,2848
308,2903
308,2904
308,2919
308,3005
308,3098
308,3121
308,3222
308,3324
308,3379
308,3452
308,3587
308,3619
308,3773
308,3828
308,3927
309,316
309,374
309,385
309,441
309,560
309,754
309,788
309,896
309,898
309,918
309,959
309,982
309,1033
309,1083
309,1258
309,1284
309,1314
309,1378
309,1451
309,1476
309,1553
309,1813
309,1914
309,1975
309,1976
309,2131
309,2141
309,2170
309,2439
309,2629
309,2824
309,2849
309,2904
309,2929
309,2956
309,3002
309,3258
309,3332
309,3404
309,3462
309,3562
309,3747
310,374
310,516
310,648
310,747
310,842
310,877
310,997
310,1002
310,1005
310,1006
310,1017
310,1031
310,1092
310,1165
310,1199
310,1323
310,1493
310,1942
310,1965
310,2367
310,2452
310,2476
310,2617
310,2775
310,2812
310,2875
310,2904
310,2952
310,2985
310,3162
310,3177
310,3302
310,3417
310,3543
310,3636
310,3987
311,315
311,346
311,443
311,450
311,489
311,524
311,662
311,669
311,752
311,756
311,771
311,787
311,833
311,891
311,911
311,984
311,1023
311,1039
311,1045
311,1079
311,1082
311,1252
311,1282
311,1377
311,1391
311,1393
311,1419
311,1422
311,1438
311,1511
311,1718
311,1737
311,1831
311,1908
311,1939
311,1991
311,1995
311,2010
311,2167
311,2236
311,2322
311,2420
311,2437
311,2569
311,2651
311,2759
311,2778
311,2786
311,2815
311,2876
311,2893
311,2956
311,2963
311,3086
311,3283
311,3338
311,3458
311,3464
311,3510
311,3716
311,3729
311,3812
311,3889
311,3919
311,3937
311,3968
311,4002
312,337
312,351
312,404
312,441
312,448
312,496
312,506
312,515
312,530
312,545
312,566
312,570
312,576
312,610
312,769
312,802
312,834
312,835
312,899
312,997
312,1073
312,1110
312,1121
312,1290
312,1318
312,1372
312,1529
312,1540
312,1601
312,1617
312,1624
312,1693
312,1873
312,2018
312,2173
312,2179
312,2306
312,2335
312,2435
312,2443
312,2457
312,2484
312,2599
312,2647
312,2806
312,2882
312,2915
312,3118
312,3223
312,3224
312,3398
312,3423
312,3559
312,3561
312,3602
312,3605
312,3699
312,3885
312,3961
313,349
313,402
313,425
313,470
313,531
313,551
313,635
313,794
313,823
313,867
313,897
313,908
313,969
313,1204
313,1331
313,1435
313,1448
313,1459
313,1522
313,1528
313,1596
313,1677
313,1697
313,1723
313,1970
313,2120
313,2160
313,2173
313,2344
313,2680
313,2877
313,2947
313,2949
313,3046
313,3050
313,3354
313,3784
313,3863
314,332
314,399
314,408
314,422
314,474
314,530
314,537
314,543
314,551
314,630
314,810
314,844
314,916
314,942
314,1085
314,1131
314,1139
314,1227
314,1269
314,1283
314,1347
314,1350
314,1384
314,1388
314,1571
314,1756
314,1952
314,1996
314,2199
314,2425
314,2445
314,2511
314,2835
314,2932
314,2978
314,3033
314,3045
314,3069
314,3194
314,3206
314,3233
314,3257
314,3280
314,3323
314,3484
314,3519
314,3612
314,3791
314,3839
314,3845
314,3856
314,3884
314,3998
315,322
315,332
315,357
315,377
315,379
315,395
315,457
315,488
315,501
315,564
315,588
315,600
315,755
315,775
315,780
315,990
315,1065
315,1069
315,1149
315,1164
315,1277
315,1452
315,1460
315,1469
315,1526
315,1591
315,1637
315,1680
315,1713
315,1884
315,2012
315,2101
315,2137
315,2274
315,2281
315,2319
315,2373
315,2395
315,2554
315,2645
315,2905
315,3067
315,3073
315,3112
315,3163
315,3266
315,3334
315,3456
315,3503
315,3550
315,3591
315,3718
315,3975
315,4038
316,341
316,381
316,424
316,436
316,500
316,505
316,526
316,529
316,614
316,646
316,665
316,729
316,762
316,772
316,784
316,790
316,795
316,866
316,882
316,917
316,930
316,933
316,960
316,1119
316,1173
316,1177
316,1200
316,1231
316,1314
316,1333
316,1366
316,1371
316,1420
316,1429
316,1440
316,1576
316,1660
316,1761
316,1806
316,1910
316,1983
316,2024
316,2113
316,2220
316,2397
316,2408
316,2424
316,2462
316,2642
316,2966
316,2988
316,3342
316,3380
316,3454
316,3544
316,3594
316,3800
316,3811
316,3830
316,3954
317,322
317,327
317,333
317,520
317,549
317,619
317,730
317,829
317,882
317,899
317,947
317,982
317,1035
317,1124
317,1148
317,1153
317,1315
317,1347
317,1438
317,1471
317,1507
317,1524
317,1587
317,1795
317,1852
317,1866
317,1956
317,1975
317,2257
317,2260
317,2384
317,2506
317,2645
317,2662
317,2693
317,3066
317,3077
317,3205
317,3244
317,3309
317,3459
317,3475
317,3497
317,3555
317,3582
317,3714
317,3749
317,3769
317,4033
318,371
318,455
318,463
318,515
318,539
318,612
318,617
318,633
318,650
318,651
318,660
318,672
318,680
318,730
318,764
318,807
318,817
318,850
318,914
318,988
318,1026
318,1051
318,1085
318,1127
318,1150
318,1183
318,1228
318,1267
318,1406
318,1463
318,1497
318,1535
318,1537
318,1599
318,1686
318,1727
318,1804
318,1972
318,2104
318,2108
318,2151
318,2295
318,2318
318,2323
318,2344
318,2375
318,2417
318,2453
318,2619
318,2652
318,2787
318,2862
318,2910
318,3087
318,3129
318,3155
318,3166
318,3171
318,3232
318,3292
318,3405
318,3493
318,3534
318,3571
318,3717
318,3755
318,3875
319,330
319,335
319,345
319,377
319,383
319,400
319,402
319,478
319,489
319,526
319,537
319,609
319,648
319,667
319,739
319,785
319,788
319,815
319,841
319,862
319,1027
319,1038
319,1047
319,1071
319,1096
319,1165
319,1193
319,1225
319,1226
319,1288
319,1316
319,1345
319,1379
319,1479
319,1485
319,1518
319,1543
319,1610
319,1614
319,1729
319,1805
319,1814
319,1892
319,1924
319,1941
319,1969
319,2102
319,2145
319,2172
319,2283
319,2295
319,2305
319,2319
319,2369
319,2389
319,2411
319,2444
319,2585
319,2587
319,2594
319,2802
319,2863
319,2870
319,2890
319,2898
319,2936
319,3040
319,3128
319,3208
319,3239
319,3390
319,3569
319,3575
319,3639
319,3643
319,3744
319,3974
319,3999
319,4009
319,4033
320,331
320,347
320,354
320,389
320,436
320,465
320,491
320,496
320,518
320,560
320,605
320,644
320,665
320,671
320,699
320,716
320,720
320,723
320,733
320,748
320,767
320,770
320,776
320,911
320,946
320,1021
320,1058
320,1059
320,1156
320,1161
320,1366
320,1397
320,1452
320,1531
320,1571
320,1589
320,1602
320,1606
320,1632
320,1693
320,1751
320,1777
320,1873
320,1874
320,1930
320,2083
320,2102
320,2116
320,2301
320,2304
320,2331
320,2343
320,2388
320,2439
320,2489
320,2532
320,2584
320,2639
320,2723
320,2761
320,2813
320,2826
320,2832
320,2919
320,2991
320,3178
320,3189
320,3210
320,3294
320,3481
320,3498
320,3623
320,3668
320,3808
320,3851
320,3958
321,366
321,397
321,412
321,481
321,501
321,542
321,550
321,599
321,905
321,953
321,1050
321,1051
321,1076
321,1089
321,1125
321,1212
321,1213
321,1220
321,1273
321,1318
321,1357
321,1514
321,1525
321,1568
321,1763
321,1892
321,1908
321,1946
321,1951
321,1956
321,2034
321,2093
321,2094
321,2153
321,2291
321,2421
321,2450
321,2925
321,2950
321,2962
321,2998
321,3342
321,3380
321,3416
321,3451
321,3518
321,3570
321,3704
321,3809
321,3823
321,3844
321,3919
321,3985
321,3987
322,365
322,409
322,439
322,472
322,571
322,666
322,690
322,706
322,708
322,712
322,726
322,746
322,827
322,896
322,930
322,1046
322,1187
322,1354
322,1463
322,1648
322,1706
322,1763
322,1780
322,1910
322,2282
322,2387
322,2418
322,2625
322,2736
322,2784
322,2839
322,2858
322,2945
322,3168
322,3186
322,3433
322,3490
322,3509
322,3686
322,3734
322,3773
322,3844
322,3938
322,3980
323,324
323,389
323,400
323,474
323,483
323,484
323,513
323,522
323,799
323,810
323,899
323,1113
323,1172
323,1220
323,1337
323,1383
323,1638
323,1668
323,1780
323,1820
323,1825
323,1874
323,2272
323,2292
323,2352
323,2479
323,2578
323,2675
323,2750
323,2758
323,2987
323,3231
323,3291
323,3376
323,3518
323,3551
324,380
324,386
324,401
324,420
324,473
324,479
324,482
324,524
324,601
324,618
324,621
324,671
324,700
324,709
324,819
324,887
324,926
324,1003
324,1100
324,1110
324,1132
324,1194
324,1210
324,1240
324,1356
324,1378
324,1399
324,1457
324,1479
324,1548
324,1569
324,1669
324,1675
324,1713
324,1800
324,1945
324,1967
324,1976
324,2019
324,2285
324,2428
324,2430
324,2501
324,2531
324,2601
324,2651
324,2688
324,2874
324,2876
324,2969
324,3159
324,3262
324,3408
324,3429
324,3480
324,3527
324,3608
324,3628
324,3745
324,3786
324,3787
324,3880
324,3889
324,3981
324,4017
324,4026
325,574
325,593
325,597
325,702
325,709
325,747
325,762
325,847
325,859
325,920
325,922
325,970
325,1058
325,1087
325,1101
325,1235
325,1243
325,1294
325,1341
325,1449
325,1535
325,1657
325,1722
325,1758
325,1778
325,1820
325,1862
325,1997
325,2018
325,2114
325,2184
325,2294
325,2296
325,2366
325,2387
325,2482
325,2577
325,2756
325,2848
325,2920
325,3085
325,3128
325,3233
325,3470
325,3535
325,3603
325,3675
325,4017
326,343
326,347
326,408
326,437
326,518
326,549
326,600
326,611
326,637
326,708
326,761
326,795
326,798
326,816
326,829
326,855
326,881
326,939
326,943
326,958
326,975
326,1060
326,1079
326,1127
326,1128
326,1137
326,1235
326,1268
326,1326
326,1397
326,1438
326,1454
326,1467
326,1531
326,1573
326,1587
326,1601
326,1654
326,1789
326,1914
326,1923
326,1933
326,1945
326,1955
326,1968
326,2045
326,2099
326,2233
326,2260
326,2296
326,2344
326,2346
326,2362
326,2504
326,2592
326,2613
326,2617
326,2642
326,2771
326,2788
326,2813
326,2891
326,2897
326,3006
326,3010
326,3087
326,3341
326,3357
326,3566
326,3619
326,3789
326,3879
327,376
327,443
327,487
327,526
327,556
327,562
327,584
327,668
327,696
327,722
327,821
327,871
327,962
327,1203
327,1239
327,1339
327,1389
327,1394
327,1398
327,1402
327,1405
327,1542
327,1551
327,1656
327,1910
327,1913
327,1936
327,1964
327,2152
327,2207
327,2239
327,2242
327,2331
327,2358
327,2359
327,2454
327,2537
327,2652
327,2662
327,2883
327,2901
327,2939
327,3204
327,3253
327,3332
327,3481
327,3524
327,3536
327,3807
328,345
328,367
328,369
328,371
328,379
328,380
328,386
328,412
328,459
328,515
328,611
328,615
328,620
328,705
328,731
328,765
328,771
328,802
328,859
328,883
328,999
328,1052
328,1118
328,1175
328,1216
328,1241
328,1374
328,1473
328,1484
328,1544
328,1571
328,1605
328,1626
328,1774
328,1845
328,2082
328,2108
328,2142
328,2157
328,2214
328,2475
328,2657
328,2715
328,2753
328,2794
328,2987
328,2994
328,3041
328,3149
328,3242
328,3467
328,3475
328,3607
328,3622
328,3689
328,3828
328,3893
328,3899
328,3926
328,4006
329,341
329,345
329,383
329,399
329,408
329,422
329,464
329,519
329,529
329,545
329,550
329,581
329,614
329,635
329,664
329,707
329,729
329,751
329,772
329,776
329,795
329,796
329,858
329,935
329,949
329,1123
329,1125
329,1130
329,1191
329,1240
329,1278
329,1350
329,1362
329,1536
329,1578
329,1625
329,1646
329,1664
329,1693
329,1702
329,1716
329,1840
329,1855
329,1868
329,2050
329,2069
329,2072
329,2412
329,2495
329,2506
329,2516
329,2536
329,2579
329,2679
329,2682
329,2713
329,2737
329,2740
329,2795
329,2885
329,2889
329,2914
329,2915
329,2995
329,3010
329,3018
329,3032
329,3193
329,3210
329,3224
329,3226
329,3329
329,3452
329,3497
329,3577
329,3917
330,374
330,391
330,453
330,529
330,536
330,660
330,707
330,738
330,792
330,822
330,932
330,940
330,963
330,1137
330,1197
330,1268
330,1292
330,1306
330,1353
330,1434
330,1440
330,1464
330,1547
330,1600
330,1648
330,1658
330,1723
330,1915
330,1973
330,2016
330,2037
330,2099
330,2162
330,2266
330,2287
330,2288
330,2296
330,2297
330,2347
330,2381
330,2452
330,2624
330,2634
330,2751
330,2776
330,2822
330,2855
330,2980
330,3057
330,3073
330,3203
330,3245
330,3247
330,3301
330,3340
330,3358
330,3620
330,3637
330,3644
330,3729
330,3756
330,3769
330,3805
330,3828
330,3837
330,3847
330,3851
330,3896
330,3923
330,4018
331,340
331,346
331,375
331,399
331,402
331,404
331,407
331,439
331,449
331,457
331,469
331,540
331,578
331,592
331,618
331,623
331,762
331,770
331,876
331,1017
331,1048
331,1061
331,1063
331,1321
331,1388
331,1466
331,1547
331,1735
331,2102
331,2113
331,2123
331,2236
331,2438
331,2511
331,2632
331,2858
331,3147
331,3338
331,3352
331,3463
331,3476
331,3666
331,3712
331,3779
331,3910
331,3990
331,3996
332,341
332,352
332,383
332,391
332,394
332,403
332,415
332,462
332,557
332,583
332,650
332,656
332,671
332,690
332,883
332,1027
332,1129
332,1151
332,1177
332,1199
332,1247
332,1360
332,1362
332,1375
332,1415
332,1441
332,1484
332,1511
332,1585
332,1591
332,1618
332,1642
332,1685
332,1725
332,1735
332,1759
332,1894
332,1953
332,1966
332,1985
332,2037
332,2158
332,2276
332,2305
332,2330
332,2359
332,2384
332,2426
332,2458
332,2601
332,2606
332,2607
332,2609
332,2688
332,2691
332,2816
332,2844
332,2960
332,3034
332,3060
332,3120
332,3184
332,3464
332,3502
332,3579
332,3592
332,3730
332,3806
332,3915
332,3929
332,3991
333,362
333,431
333,443
333,507
333,597
333,598
333,615
333,705
333,786
333,803
333,921
333,951
333,1075
333,1275
333,1295
333,1346
333,1571
333,1688
333,1732
333,1798
333,2098
333,2421
333,2500
333,2586
333,2695
333,2717
333,2721
333,2726
333,2817
333,3231
333,3270
333,3311
333,3533
333,3599
333,3905
333,3926
334,366
334,373
334,425
334,450
334,478
334,523
334,525
334,529
334,534
334,544
334,572
334,603
334,616
334,705
334,710
334,727
334,759
334,760
334,930
334,979
334,1026
334,1039
334,1066
334,1077
334,1104
334,1114
334,1119
334,1142
334,1173
334,1195
334,1213
334,1271
334,1337
334,1339
334,1355
334,1408
334,1429
334,1440
334,1475
334,1534
334,1556
334,1612
334,1694
334,1725
334,1811
334,1853
334,1931
334,1937
334,1977
334,1999
334,2463
334,2540
334,2664
334,2696
334,2764
334,2949
334,3022
334,3154
334,3177
334,3397
334,3506
334,3537
334,3604
334,3762
335,373
335,429
335,488
335,509
335,541
335,577
335,597
335,643
335,645
335,693
335,720
335,761
335,788
335,833
335,840
335,874
335,924
335,929
335,980
335,1007
335,1047
335,1050
335,1054
335,1066
335,1124
335,1126
335,1134
335,1209
335,1318
335,1337
335,1356
335,1455
335,1520
335,1522
335,1655
335,1717
335,1816
335,1942
335,2012
335,2039
335,2124
335,2136
335,2249
335,2254
335,2268
335,2283
335,2345
335,2355
335,2390
335,2405
335,2452
335,2539
335,2652
335,2811
335,2881
335,3062
335,3084
335,3179
335,3196
335,3274
335,3290
335,3340
335,3459
335,3525
335,3609
335,3744
335,3883
335,4019
336,343
336,345
336,350
336,393
336,397
336,410
336,452
336,455
336,459
336,470
336,484
336,512
336,522
336,550
336,560
336,563
336,570
336,579
336,599
336,652
336,658
336,684
336,693
336,761
336,792
336,808
336,823
336,839
336,933
336,985
336,991
336,1013
336,1015
336,1016
336,1127
336,1130
336,1237
336,1291
336,1334
336,1342
336,1361
336,1503
336,1618
336,1756
336,1938
336,1958
336,1984
336,2063
336,2135
336,2144
336,2153
336,2167
336,2300
336,2364
336,2372
336,2394
336,2421
336,2432
336,2594
336,2657
336,2673
336,2685
336,2812
336,2814
336,2868
336,2931
336,2988
336,3000
336,3116
336,3232
336,3335
336,3362
336,3375
336,3402
336,3448
336,3582
336,3798
336,3839
336,3861
337,366
337,420
337,426
337,455
337,458
337,468
337,483
337,507
337,512
337,513
337,537
337,587
337,623
337,632
337,654
337,702
337,709
337,720
337,889
337,936
337,979
337,1101
337,1127
337,1153
337,1181
337,1305
337,1486
337,1490
337,1520
337,1550
337,1759
337,1796
337,1839
337,1899
337,1929
337,1934
337,1967
337,2084
337,2091
337,2123
337,2190
337,2403
337,2473
337,2566
337,2593
337,2708
337,2779
337,2803
337,3032
337,3199
337,3252
337,3255
337,3385
337,3516
337,3574
337,3899
337,3952
337,3956
338,352
338,366
338,436
338,478
338,505
338,612
338,617
338,629
338,689
338,794
338,802
338,829
338,840
338,845
338,892
338,1007
338,1074
338,1094
338,1096
338,1112
338,1175
338,1237
338,1247
338,1299
338,1300
338,1315
338,1324
338,1336
338,1344
338,1347
338,1377
338,1384
338,1424
338,1454
338,1539
338,1565
338,1652
338,1660
338,1739
338,1821
338,1830
338,1836
338,2401
338,2505
338,2551
338,2581
338,2605
338,2655
338,2701
338,2761
338,2797
338,2984
338,3067
338,3120
338,3165
338,3210
338,3427
338,3591
338,3733
338,3845
338,4024
339,360
339,369
339,392
339,459
339,501
339,558
339,580
339,593
339,602
339,604
339,717
339,820
339,840
339,846
339,915
339,955
339,958
339,961
339,989
339,994
339,995
339,996
339,998
339,1029
339,1036
339,1179
339,1181
339,1203
339,1254
339,1255
339,1276
339,1277
339,1305
339,1327
339,1406
339,1619
339,1655
339,1665
339,1694
339,1756
339,1908
339,1932
339,1967
339,1995
339,1998
339,2021
339,2042
339,2101
339,2107
339,2116
339,2181
339,2299
339,2353
339,2365
339,2399
339,2404
339,2440
339,2484
339,2613
339,2627
339,2766
339,2798
339,2899
339,2962
339,2996
339,3152
339,3365
339,3449
339,3504
339,3735
339,3855
340,354
340,386
340,398
340,428
340,450
340,464
340,482
340,487
340,532
340,553
340,699
340,747
340,811
340,837
340,869
340,878
340,881
340,925
340,933
340,1129
340,1137
340,1142
340,1147
340,1150
340,1155
340,1270
340,1354
340,1415
340,1519
340,1583
340,1586
340,1628
340,1678
340,1691
340,1776
340,1821
340,1878
340,1934
340,1958
340,1993
340,2142
340,2336
340,2365
340,2452
340,2464
340,2498
340,2576
340,2594
340,2958
340,2980
340,3086
340,3121
340,3197
340,3438
340,3463
340,3474
340,3663
340,3719
341,434
341,463
341,489
341,490
341,530
341,531
341,538
341,539
341,618
341,756
341,864
341,935
341,1001
341,1003
341,1065
341,1109
341,1143
341,1245
341,1253
341,1297
341,1376
341,1430
341,1538
341,1673
341,1788
341,1863
341,1873
341,1897
341,1923
341,2024
341,2065
341,2098
341,2136
341,2161
341,2197
341,2253
341,2270
341,2315
341,2323
341,2365
341,2497
341,2593
341,2634
341,2637
341,2656
341,2703
341,2738
341,2743
341,2763
341,2774
341,3218
341,3237
341,3242
341,3340
341,3393
341,3449
341,3452
341,3465
341,3558
341,3561
341,3580
341,3615
341,3656
341,3660
341,3951
341,3974
342,386
342,405
342,460
342,486
342,493
342,516
342,549
342,556
342,602
342,698
342,743
342,747
342,772
342,797
342,799
342,1104
342,1253
342,1261
342,1276
342,1314
342,1370
342,1390
342,1393
342,1416
342,1418
342,1430
342,1447
342,1516
342,1538
342,1541
342,1612
342,1633
342,1649
342,1747
342,1803
342,1820
342,1889
342,1952
342,2085
342,2107
342,2118
342,2189
342,2420
342,2684
342,2771
342,2821
342,2826
342,2829
342,2857
342,2861
342,3023
342,3036
342,3201
342,3347
342,3356
342,3369
342,3406
342,3497
342,3514
342,3572
342,3666
342,3692
342,3786
342,3834
343,397
343,402
343,421
343,426
343,428
343,443
343,445
343,560
343,567
343,605
343,686
343,730
343,764
343,777
343,791
343,874
343,881
343,893
343,948
343,1014
343,1093
343,1198
343,1264
343,1286
343,1355
343,1425
343,1507
343,1810
343,1864
343,1898
343,1909
343,1912
343,1934
343,1947
343,2028
343,2048
343,2145
343,2241
343,2430
343,2539
343,2644
343,2667
343,2734
343,2742
343,2758
343,2864
343,2866
343,2873
343,2940
343,3058
343,3404
343,3477
343,3492
343,3502
343,3590
343,3710
343,3718
343,3841
343,3897
343,3983
343,4031
344,373
344,378
344,379
344,393
344,455
344,474
344,479
344,520
344,537
344,550
344,557
344,606
344,659
344,687
344,743
344,789
344,792
344,796
344,806
344,816
344,882
344,883
344,894
344,915
344,926
344,1028
344,1039
344,1066
344,1146
344,1151
344,1219
344,1377
344,1402
344,1458
344,1472
344,1489
344,1493
344,1560
344,1571
344,1604
344,1649
344,1662
344,1683
344,1684
344,1767
344,1772
344,1781
344,1883
344,1901
344,1907
344,2109
344,2170
344,2242
344,2486
344,2529
344,2837
344,2854
344,2931
344,2945
344,2981
344,2985
344,3033
344,3188
344,3298
344,3327
344,3406
344,3495
344,3537
344,3862
344,4028
344,4029
345,364
345,466
345,644
345,654
345,925
345,940
345,976
345,1433
345,1460
345,1632
345,1675
345,1769
345,1878
345,1946
345,2319
345,2508
345,2567
345,2700
345,3269
345,3327
345,3332
345,3478
345,3831
345,3895
346,391
346,401
346,403
346,429
346,458
346,495
346,527
346,536
346,561
346,718
346,742
346,765
346,802
346,816
346,821
346,822
346,857
346,874
346,975
346,996
346,1007
346,1019
346,1049
346,1069
346,1088
346,1105
346,1191
346,1213
346,1229
346,1238
346,1289
346,1345
346,1350
346,1354
346,1362
346,1615
346,1627
346,1636
346,1692
346,1812
346,1813
346,1837
346,2054
346,2110
346,2310
346,2356
346,2399
346,2403
346,2495
346,2542
346,2555
346,2611
346,2695
346,2842
346,2847
346,3106
346,3142
346,3147
346,3176
346,3191
346,3287
346,3309
346,3364
346,3515
346,3555
346,3714
346,3882
347,398
347,447
347,527
347,531
347,573
347,588
347,623
347,631
347,696
347,831
347,887
347,900
347,926
347,952
347,1008
347,1027
347,1066
347,1080
347,1163
347,1350
347,1366
347,1507
347,1560
347,1567
347,1601
347,1643
347,1684
347,1718
347,1720
347,1845
347,2048
347,2271
347,2353
347,2979
347,3056
347,3085
347,3088
347,3152
347,3195
347,3255
347,3308
347,3334
347,3336
347,3407
347,3450
347,3499
347,3590
347,3647
347,3723
347,3814
347,3877
348,390
348,391
348,427
348,440
348,482
348,487
348,505
348,575
348,582
348,601
348,603
348,644
348,672
348,703
348,717
348,738
348,821
348,999
348,1054
348,1061
348,1064
348,1085
348,1282
348,1342
348,1343
348,1514
348,1542
348,1734
348,1923
348,1938
348,1997
348,2040
348,2120
348,2251
348,2352
348,2485
348,2518
348,2551
348,2830
348,2893
348,2928
348,3100
348,3111
348,3140
348,3203
348,3254
348,3314
348,3387
348,3410
348,3429
348,3553
348,3661
348,3874
348,3880
349,360
349,412
349,432
349,585
349,589
349,591
349,673
349,676
349,685
349,691
349,710
349,715
349,730
349,738
349,1009
349,1030
349,1158
349,1223
349,1335
349,1359
349,1422
349,1432
349,1583
349,1586
349,1593
349,1641
349,1776
349,1814
349,2088
349,2112
349,2121
349,2165
349,2266
349,2274
349,2309
349,2475
349,2518
349,2748
349,2807
349,3095
349,3580
349,3591
349,3596
349,3661
349,3680
349,3719
349,3764
349,3897
349,3902
349,3943
349,4038
350,406
350,437
350,455
350,550
350,573
350,631
350,649
350,830
350,860
350,864
350,966
350,1010
350,1017
350,1024
350,1051
350,1154
350,1174
350,1216
350,1252
350,1360
350,1392
350,1439
350,1444
350,1479
350,1488
350,1506
350,1535
350,1630
350,1695
350,1769
350,1786
350,1867
350,1883
350,2100
350,2143
350,2255
350,2326
350,2329
350,2522
350,2555
350,2707
350,2926
350,2935
350,3011
350,3136
350,3169
350,3185
350,3192
350,3259
350,3309
350,3635
350,3722
350,3767
350,3785
350,3855
350,3956
350,3967
351,373
351,408
351,416
351,437
351,669
351,684
351,737
351,809
351,889
351,904
351,945
351,978
351,1004
351,1008
351,1054
351,1060
351,1098
351,1268
351,1303
351,1429
351,1567
351,1628
351,1664
351,1681
351,1749
351,1815
351,1852
351,1862
351,1889
351,2106
351,2128
351,2177
351,2361
351,2366
351,2630
351,2637
351,2660
351,2788
351,2951
351,3001
351,3051
351,3143
351,3413
351,3507
351,3654
351,3737
351,3755
351,3900
351,3929
351,3939
351,3993
352,417
352,448
352,464
352,503
352,510
352,528
352,550
352,566
352,585
352,589
352,592
352,605
352,662
352,703
352,774
352,906
352,910
352,911
352,921
352,956
352,1037
352,1059
352,1100
352,1170
352,1182
352,1202
352,1223
352,1233
352,1334
352,1343
352,1402
352,1417
352,1418
352,1468
352,1515
352,1531
352,1671
352,1678
352,1685
352,1768
352,1782
352,1825
352,1936
352,1945
352,2000
352,2063
352,2065
352,2090
352,2126
352,2164
352,2208
352,2326
352,2420
352,2430
352,2475
352,2500
352,2625
352,2660
352,2720
352,2860
352,2864
352,2890
352,2918
352,3069
352,3149
352,3150
352,3205
352,3229
352,3232
352,3243
352,3249
352,3353
352,3391
352,3966
352,4030
353,363
353,394
353,397
353,402
353,422
353,444
353,494
353,538
353,564
353,769
353,844
353,942
353,956
353,1052
353,1060
353,1104
353,1123
353,1153
353,1254
353,1327
353,1346
353,1421
353,1603
353,1886
353,1959
353,1979
353,2154
353,2161
353,2346
353,2436
353,2551
353,2727
353,2751
353,2935
353,3014
353,3583
353,3651
353,3652
353,3669
353,3795
353,3921
353,3942
354,506
354,545
354,618
354,619
354,656
354,681
354,703
354,788
354,808
354,898
354,913
354,992
354,1036
354,1058
354,1061
354,1093
354,1113
354,1175
354,1278
354,1324
354,1379
354,1417
354,1514
354,1661
354,1667
354,1712
354,1717
354,1763
354,1930
354,1994
354,2022
354,2067
354,2227
354,2241
354,2259
354,2332
354,2344
354,2398
354,2524
354,2525
354,2564
354,2805
354,3099
354,3130
354,3225
354,3656
354,3669
354,3789
355,373
355,403
355,455
355,495
355,742
355,753
355,755
355,905
355,914
355,954
355,1149
355,1220
355,1392
355,1435
355,1527
355,1675
355,1749
355,1793
355,1851
355,1893
355,1925
355,1984
355,2163
355,2232
355,2315
355,2336
355,2409
355,2479
355,2485
355,2535
355,2648
355,2700
355,2806
355,2860
355,2995
355,3202
355,3267
355,3359
355,3382
355,3788
355,4015
356,402
356,525
356,538
356,557
356,573
356,600
356,640
356,667
356,689
356,813
356,859
356,983
356,1022
356,1025
356,1090
356,1144
356,1201
356,1217
356,1227
356,1316
356,1384
356,1386
356,1434
356,1567
356,1865
356,1892
356,2017
356,2019
356,2150
356,2166
356,2492
356,2569
356,2632
356,2743
356,2775
356,2840
356,3020
356,3223
356,3312
356,3450
356,3744
357,364
357,437
357,446
357,461
357,468
357,525
357,534
357,793
357,812
357,1037
357,1071
357,1143
357,1169
357,1230
357,1269
357,1272
357,1290
357,1344
357,1413
357,1488
357,1532
357,1573
357,1758
357,1809
357,1881
357,1919
357,1973
357,2065
357,2101
357,2136
357,2198
357,2394
357,2431
357,2634
357,2683
357,2838
357,2924
357,3170
357,3172
357,3276
357,3486
357,3550
357,3916
357,3983
358,415
358,436
358,464
358,548
358,573
358,619
358,715
358,744
358,834
358,1030
358,1206
358,1465
358,1608
358,1622
358,1676
358,1717
358,1778
358,1877
358,1894
358,2290
358,2479
358,2602
358,2702
358,2770
358,2799
358,2841
358,2849
358,2930
358,2987
358,3256
358,3279
358,3383
358,3465
358,3712
358,3820
359,369
359,374
359,384
359,387
359,428
359,456
359,499
359,532
359,585
359,601
359,605
359,606
359,709
359,715
359,734
359,802
359,846
359,850
359,1034
359,1036
359,1037
359,1095
359,1176
359,1178
359,1245
359,1264
359,1275
359,1328
359,1347
359,1352
359,1353
359,1433
359,1440
359,1509
359,1595
359,1660
359,1670
359,1730
359,1737
359,1844
359,1847
359,1861
359,1907
359,1990
359,2085
359,2142
359,2146
359,2217
359,2274
359,2277
359,2331
359,2333
359,2349
359,2474
359,2757
359,2964
359,3142
359,3351
359,3487
359,3514
359,3574
359,3584
359,3664
359,3697
359,3703
359,3814
359,3829
359,3869
359,4006
360,363
360,378
360,400
360,442
360,501
360,517
360,521
360,528
360,543
360,558
360,652
360,654
360,657
360,706
360,752
360,758
360,764
360,792
360,820
360,863
360,923
360,993
360,1037
360,1051
360,1052
360,1068
360,1158
360,1228
360,1266
360,1281
360,1329
360,1357
360,1387
360,1417
360,1435
360,1465
360,1499
360,1594
360,1632
360,1648
360,1650
360,1780
360,1816
360,1844
360,1852
360,1898
360,1914
360,2019
360,2116
360,2256
360,2259
360,2296
360,2305
360,2308
360,2354
360,2363
360,2395
360,2463
360,2534
360,2546
360,2593
360,2678
360,2719
360,2811
360,2930
360,3051
360,3297
360,3300
360,3308
360,3312
360,3314
360,3340
360,3424
360,3442
360,3448
360,3491
360,3525
360,3562
360,3628
360,3841
360,4013
361,433
361,444
361,478
361,526
361,634
361,644
361,681
361,684
361,716
361,746
361,782
361,843
361,893
361,897
361,926
361,938
361,956
361,970
361,1110
361,1156
361,1179
361,1188
361,1225
361,1236
361,1302
361,1313
361,1335
361,1412
361,1551
361,1941
361,2021
361,2126
361,2129
361,2180
361,2237
361,2305
361,2419
361,2524
361,2620
361,2654
361,2721
361,2836
361,2856
361,2928
361,3009
361,3160
361,3259
361,3333
361,3421
361,3657
361,3695
361,3805
361,3815
361,3821
361,3964
361,4032
362,413
362,445
362,471
362,482
362,669
362,700
362,717
362,752
362,758
362,787
362,808
362,896
362,904
362,936
362,967
362,970
362,1006
362,1015
362,1026
362,1040
362,1174
362,1183
362,1240
362,1282
362,1365
362,1369
362,1374
362,1432
362,1490
362,1508
362,1610
362,1638
362,1754
362,1773
362,1953
362,1961
362,1983
362,2036
362,2211
362,2405
362,2441
362,2452
362,2495
362,2617
362,2644
362,2777
362,2903
362,3260
362,3276
362,3284
362,3436
362,3460
362,3837
362,3864
362,3871
362,3907
363,377
363,378
363,408
363,412
363,443
363,450
363,524
363,526
363,533
363,555
363,617
363,626
363,646
363,670
363,682
363,723
363,738
363,794
363,839
363,845
363,866
363,919
363,929
363,953
363,974
363,1138
363,1164
363,1195
363,1259
363,1261
363,1396
363,1410
363,1436
363,1521
363,1654
363,1684
363,1731
363,1741
363,1791
363,1813
363,1858
363,1903
363,1971
363,2070
363,2168
363,2186
363,2285
363,2508
363,2753
363,2814
363,2869
363,3217
363,3320
363,3649
363,3799
363,3822
363,3959
363,4021
364,385
364,395
364,400
364,444
364,486
364,509
364,564
364,565
364,638
364,655
364,672
364,706
364,742
364,965
364,979
364,1060
364,1213
364,1363
364,1450
364,1487
364,1540
364,1580
364,1617
364,1718
364,1767
364,1802
364,1830
364,1842
364,1855
364,1871
364,1909
364,1939
364,1963
364,1972
364,2099
364,2258
364,2309
364,2428
364,2489
364,2495
364,2564
364,2611
364,2614
364,2727
364,2901
364,3049
364,3080
364,3201
364,3348
364,3378
364,3440
364,3478
364,3513
364,3660
364,3728
364,3739
364,3905
364,3945
364,3955
364,4015
365,384
365,392
365,440
365,446
365,447
365,542
365,562
365,603
365,622
365,670
365,694
365,711
365,800
365,822
365,841
365,844
365,857
365,937
365,1010
365,1018
365,1066
365,1082
365,1088
365,1102
365,1147
365,1258
365,1337
365,1346
365,1379
365,1406
365,1413
365,1430
365,1487
365,1570
365,1609
365,1780
365,1837
365,1893
365,1960
365,1968
365,2143
365,2193
365,2273
365,2538
365,2670
365,2758
365,2836
365,2952
365,2999
365,3064
365,3262
365,3359
365,3376
365,3487
365,3585
366,380
366,391
366,399
366,423
366,444
366,485
366,515
366,554
366,563
366,589
366,625
366,637
366,701
366,800
366,853
366,864
366,885
366,1047
366,1110
366,1166
366,1222
366,1331
366,1393
366,1447
366,1480
366,1504
366,1689
366,1695
366,1794
366,1807
366,1822
366,1968
366,2017
366,2021
366,2158
366,2239
366,2353
366,2441
366,2443
366,2534
366,2538
366,2584
366,2637
366,2693
366,2704
366,2718
366,3262
366,3815
366,3932
366,3950
367,385
367,428
367,435
367,447
367,529
367,568
367,663
367,667
367,683
367,710
367,810
367,820
367,851
367,899
367,912
367,919
367,1061
367,1211
367,1246
367,1266
367,1285
367,1348
367,1374
367,1379
367,1419
367,1426
367,1433
367,1471
367,1587
367,1676
367,1681
367,1685
367,1695
367,1768
367,1784
367,1831
367,1910
367,2274
367,2291
367,2353
367,2361
367,2376
367,2478
367,2623
367,2633
367,2664
367,2693
367,3316
367,3361
367,3365
367,3385
367,3473
367,3917
368,374
368,388
368,486
368,518
368,520
368,540
368,698
368,699
368,742
368,793
368,958
368,1134
368,1184
368,1197
368,1282
368,1462
368,1470
368,1491
368,1501
368,1529
368,1545
368,1602
368,1619
368,1674
368,1819
368,1841
368,1848
368,1857
368,1926
368,2087
368,2214
368,2356
368,2378
368,2450
368,2475
368,2491
368,2502
368,2535
368,2958
368,3084
368,3117
368,3135
368,3331
368,3596
368,3611
368,3687
368,3709
368,3849
368,3992
368,4026
368,4027
369,454
369,465
369,536
369,642
369,643
369,786
369,844
369,999
369,1023
369,1050
369,1169
369,1194
369,1243
369,1266
369,1322
369,1351
369,1366
369,1382
369,1421
369,1660
369,1815
369,1829
369,1974
369,2037
369,2057
369,2068
369,2090
369,2265
369,2269
369,2325
369,2540
369,2615
369,2812
369,2991
369,3021
369,3156
369,3223
369,3284
369,3311
369,3579
369,3582
369,3723
369,3731
369,3766
369,4006
370,376
370,378
370,398
370,404
370,512
370,520
370,547
370,562
370,695
370,698
370,721
370,776
370,866
370,985
370,1004
370,1133
370,1185
370,1410
370,1613
370,1747
370,1761
370,2090
370,2284
370,2311
370,2373
370,2607
370,2621
370,2706
370,2760
370,2764
370,2869
370,2881
370,2963
370,3021
370,3107
370,3356
370,3572
370,3780
370,3839
371,382
371,388
371,430
371,510
371,521
371,528
371,542
371,598
371,692
371,707
371,711
371,752
371,798
371,800
371,820
371,846
371,851
371,1032
371,1053
371,1086
371,1090
371,1164
371,1292
371,1296
371,1341
371,1397
371,1411
371,1486
371,1533
371,1539
371,1553
371,1557
371,1614
371,1697
371,1738
371,1766
371,1828
371,1850
371,1851
371,1857
371,1859
371,1939
371,1956
371,1958
371,2015
371,2040
371,2060
371,2083
371,2217
371,2259
371,2303
371,2379
371,2397
371,2443
371,2455
371,2501
371,2506
371,2567
371,2695
371,2753
371,2807
371,2922
371,2932
371,3098
371,3119
371,3305
371,3337
371,3588
371,3637
371,3719
371,3858
371,3883
371,3996
372,435
372,447
372,455
372,487
372,577
372,593
372,626
372,634
372,647
372,724
372,770
372,956
372,978
372,1334
372,1582
372,1690
372,1721
372,1750
372,1825
372,1847
372,1901
372,1971
372,2027
372,2043
372,2144
372,2158
372,2290
372,2336
372,2443
372,2499
372,2537
372,2638
372,2683
372,2807
372,2833
372,2916
372,3119
372,3156
372,3402
372,3404
372,3862
372,3922
372,3976
372,3998
373,383
373,404
373,439
373,493
373,554
373,595
373,624
373,631
373,648
373,669
373,726
373,731
373,776
373,825
373,874
373,914
373,925
373,930
373,1041
373,1075
373,1135
373,1215
373,1236
373,1344
373,1355
373,1409
373,1474
373,1493
373,1544
373,1729
373,1833
373,1984
373,2015
373,2199
373,2444
373,2807
373,2828
373,2844
373,2905
373,3115
373,3176
373,3381
373,3448
373,3512
373,3544
373,3573
373,3586
373,3700
373,3896
373,3916
374,385
374,387
374,401
374,403
374,407
374,413
374,427
374,435
374,470
374,472
374,476
374,490
374,508
374,522
374,554
374,563
374,566
374,575
374,577
374,617
374,620
374,625
374,628
374,634
374,644
374,645
374,653
374,686
374,688
374,708
374,712
374,751
374,779
374,810
374,830
374,865
374,889
374,930
374,986
374,1008
374,1017
374,1041
374,1086
374,1099
374,1106
374,1161
374,1170
374,1218
374,1233
374,1261
374,1279
374,1301
374,1320
374,1344
374,1345
374,1373
374,1461
374,1527
374,1584
374,1669
374,1686
374,1725
374,1726
374,1750
374,1782
374,1826
374,1834
374,1848
374,1970
374,1976
374,2007
374,2032
374,2117
374,2128
374,2267
374,2319
374,2327
374,2357
374,2377
374,2437
374,2565
374,2624
374,2638
374,2782
374,2808
374,2838
374,2863
374,2883
374,2896
374,2924
374,3059
374,3081
374,3107
374,3159
374,3175
374,3208
374,3267
374,3278
374,3337
374,3429
374,3436
374,3461
374,3473
374,3478
374,3480
374,3731
374,3832
374,3860
374,3950
374,4037
375,392
375,415
375,441
375,443
375,464
375,642
375,676
375,769
375,886
375,889
375,910
375,1244
375,1403
375,1521
375,1726
375,1911
375,2012
375,2025
375,2102
375,2143
375,2322
375,2520
375,2568
375,2601
375,2612
375,2852
375,2865
375,2878
375,2889
375,2959
375,3046
375,3094
375,3167
375,3174
375,3377
375,3403
375,3433
375,3465
375,3662
375,3693
375,3762
375,3858
375,4038
376,397
376,412
376,422
376,445
376,465
376,466
376,521
376,549
376,567
376,572
376,626
376,645
376,672
376,681
376,683
376,711
376,721
376,743
376,751
376,891
376,915
376,978
376,984
376,1083
376,1205
376,1302
376,1306
376,1394
376,1514
376,1627
376,1687
376,1811
376,1846
376,1940
376,2057
376,2124
376,2159
376,2178
376,2211
376,2442
376,3038
376,3051
376,3097
376,3347
376,3461
376,3465
376,3631
377,398
377,458
377,459
377,462
377,512
377,545
377,579
377,599
377,646
377,705
377,711
377,776
377,820
377,845
377,881
377,897
377,994
377,1082
377,1164
377,1273
377,1286
377,1401
377,1582
377,1665
377,1778
377,1929
377,2074
377,2165
377,2209
377,2367
377,2392
377,2553
377,2575
377,2706
377,2793
377,2796
377,2923
377,3046
377,3431
377,3518
377,3547
377,3574
377,3677
377,3814
378,385
378,488
378,492
378,500
378,503
378,520
378,551
378,579
378,582
378,633
378,680
378,765
378,815
378,848
378,1024
378,1028
378,1107
378,1110
378,1125
378,1307
378,1404
378,1418
378,1425
378,1431
378,1465
378,1509
378,1571
378,1844
378,1958
378,1997
378,2080
378,2092
378,2121
378,2159
378,2163
378,2180
378,2195
378,2242
378,2259
378,2273
378,2340
378,2385
378,2464
378,2470
378,2497
378,2581
378,2622
378,2658
378,2673
378,2686
378,2721
378,2731
378,2771
378,2797
378,2808
378,2824
378,2835
378,2934
378,3055
378,3068
378,3092
378,3102
378,3118
378,3134
378,3149
378,3156
378,3332
378,3343
378,3370
378,3404
378,3483
378,3551
378,3574
378,3616
378,3689
378,3811
378,3826
378,3890
378,3926
378,4017
379,489
379,503
379,567
379,589
379,651
379,754
379,775
379,843
379,875
379,885
379,1010
379,1024
379,1136
379,1252
379,1300
379,1312
379,1414
379,1481
379,1509
379,1824
379,1850
379,1893
379,2220
379,2354
379,2428
379,2444
379,2531
379,2619
379,2713
379,2937
379,2954
379,3113
379,3352
379,3385
379,3581
379,3905
379,3982
380,429
380,456
380,517
380,523
380,536
380,564
380,678
380,781
380,914
380,927
380,976
380,998
380,1025
380,1036
380,1081
380,1173
380,1282
380,1429
380,1444
380,1475
380,1495
380,1740
380,1802
380,2031
380,2048
380,2065
380,2077
380,2150
380,2280
380,2289
380,2324
380,2374
380,2481
380,2569
380,2681
380,2694
380,2912
380,2979
380,2993
380,2995
380,3216
380,3293
380,3461
380,3546
380,3671
380,3717
380,3849
380,3954
380,4003
381,404
381,435
381,485
381,495
381,618
381,622
381,685
381,738
381,806
381,870
381,880
381,1006
381,1123
381,1130
381,1200
381,1318
381,1342
381,1346
381,1357
381,1395
381,1529
381,1755
381,1768
381,1797
381,1814
381,1912
381,1953
381,2087
381,2166
381,2227
381,2451
381,2453
381,2483
381,2579
381,2624
381,2725
381,2831
381,2869
381,2923
381,2980
381,3040
381,3082
381,3164
381,3244
381,3520
381,3542
381,3609
381,3732
381,3765
381,3872
381,3912
381,3922
381,3960
382,419
382,464
382,474
382,555
382,596
382,607
382,609
382,756
382,877
382,888
382,927
382,992
382,1041
382,1161
382,1190
382,1255
382,1343
382,1517
382,1542
382,1659
382,1758
382,1855
382,1936
382,2003
382,2048
382,2199
382,2224
382,2246
382,2269
382,2331
382,2412
382,2509
382,2545
382,2643
382,2739
382,2788
382,2852
382,3064
382,3111
382,3221
382,3327
382,3379
382,3503
382,3506
382,3539
383,394
383,414
383,463
383,490
383,612
383,727
383,734
383,778
383,859
383,878
383,884
383,890
383,903
383,928
383,966
383,972
383,1009
383,1072
383,1209
383,1298
383,1407
383,1451
383,1510
383,1540
383,1628
383,1630
383,1659
383,1669
383,1749
383,1801
383,1971
383,1981
383,2097
383,2251
383,2358
383,2378
383,2422
383,2666
383,2696
383,2742
383,2757
383,2877
383,2916
383,3208
383,3233
383,3257
383,3368
383,3392
383,3495
383,3526
383,3640
383,3641
383,3671
383,3708
383,3891
383,3998
384,387
384,487
384,558
384,623
384,683
384,692
384,716
384,725
384,811
384,865
384,1004
384,1017
384,1046
384,1052
384,1140
384,1183
384,1283
384,1365
384,1431
384,1434
384,1480
384,1510
384,1657
384,1757
384,1818
384,1870
384,1875
384,1885
384,1898
384,1909
384,1964
384,2084
384,2139
384,2157
384,2221
384,2223
384,2412
384,2436
384,2468
384,2476
384,2566
384,2587
384,2652
384,2683
384,2685
384,2842
384,2859
384,2911
384,2912
384,2937
384,3046
384,3193
384,3277
384,3295
384,3387
384,3447
384,3504
384,3592
384,3608
384,3697
384,3811
385,389
385,442
385,458
385,472
385,474
385,486
385,518
385,553
385,554
385,559
385,604
385,621
385,649
385,711
385,762
385,763
385,796
385,822
385,862
385,886
385,965
385,1009
385,1051
385,1062
385,1075
385,1078
385,1086
385,1087
385,1105
385,1154
385,1241
385,1281
385,1299
385,1423
385,1446
385,1486
385,1507
385,1529
385,1574
385,1578
385,1609
385,1617
385,1687
385,1758
385,1776
385,1797
385,1810
385,2096
385,2105
385,2126
385,2130
385,2193
385,2264
385,2279
385,2369
385,2373
385,2452
385,2454
385,2499
385,2573
385,2640
385,2695
385,2788
385,2800
385,2821
385,2868
385,2880
385,2914
385,2997
385,3028
385,3049
385,3066
385,3078
385,3212
385,3411
385,3420
385,3451
385,3476
385,3515
385,3546
385,3655
385,3784
385,3805
386,397
386,412
386,457
386,480
386,495
386,515
386,545
386,546
386,620
386,631
386,640
386,641
386,655
386,698
386,712
386,863
386,878
386,899
386,922
386,1078
386,1142
386,1154
386,1320
386,1373
386,1386
386,1424
386,1440
386,1443
386,1502
386,1531
386,1549
386,1794
386,1803
386,1819
386,2009
386,2103
386,2819
386,2847
386,2918
386,2954
386,2989
386,3124
386,3445
386,3716
386,3754
386,3848
386,4028
387,397
387,444
387,457
387,493
387,534
387,558
387,561
387,573
387,743
387,756
387,766
387,772
387,816
387,826
387,846
387,874
387,888
387,904
387,947
387,1025
387,1027
387,1094
387,1146
387,1207
387,1221
387,1223
387,1237
387,1251
387,1299
387,1440
387,1506
387,1737
387,1742
387,1750
387,1774
387,1946
387,1950
387,1956
387,2040
387,2113
387,2148
387,2175
387,2241
387,2290
387,2534
387,2558
387,2593
387,2765
387,2974
387,3009
387,3057
387,3059
387,3115
387,3197
387,3198
387,3283
387,3396
387,3457
387,3738
387,3786
387,3840
387,3857
388,404
388,507
388,685
388,786
388,819
388,939
388,963
388,1035
388,1106
388,1125
388,1126
388,1207
388,1362
388,1380
388,1384
388,1412
388,1438
388,1591
388,1712
388,1896
388,2147
388,2377
388,2473
388,2483
388,2657
388,3240
388,3245
388,3261
388,3494
388,3496
388,3574
388,3719
388,3743
388,3880
388,3926
389,404
389,423
389,424
389,445
389,541
389,543
389,550
389,567
389,578
389,812
389,816
389,973
389,1067
389,1091
389,1128
389,1147
389,1163
389,1185
389,1217
389,1262
389,1392
389,1465
389,1572
389,1606
389,1797
389,1807
389,1878
389,1906
389,1916
389,1944
389,1947
389,2184
389,2253
389,2415
389,2517
389,2636
389,2706
389,2789
389,2912
389,2957
389,3076
389,3313
389,3343
389,3362
389,3633
389,3659
389,3821
389,3844
389,3877
389,3948
389,4031
390,398
390,469
390,496
390,552
390,565
390,583
390,585
390,586
390,590
390,619
390,623
390,666
390,728
390,733
390,746
390,759
390,823
390,855
390,937
390,1046
390,1138
390,1345
390,1353
390,1378
390,1396
390,1451
390,1465
390,1481
390,1565
390,1704
390,1779
390,1787
390,1846
390,1889
390,1913
390,2082
390,2133
390,2206
390,2281
390,2355
390,2508
390,2667
390,2703
390,2713
390,3081
390,3156
390,3188
390,3617
390,3782
390,3829
390,3888
390,4006
391,528
391,575
391,579
391,608
391,789
391,827
391,891
391,948
391,954
391,958
391,1285
391,1534
391,1652
391,1657
391,1676
391,1693
391,1717
391,1763
391,1834
391,1849
391,1895
391,1989
391,2059
391,2216
391,2569
391,2669
391,2792
391,2922
391,3099
391,3157
391,3418
391,3593
391,3660
391,3725
391,3796
391,3872
391,3922
392,393
392,395
392,437
392,465
392,483
392,517
392,556
392,708
392,752
392,756
392,765
392,798
392,808
392,822
392,835
392,856
392,857
392,877
392,961
392,1065
392,1098
392,1154
392,1169
392,1200
392,1257
392,1275
392,1320
392,1444
392,1594
392,1671
392,1681
392,1852
392,1942
392,1952
392,2095
392,2233
392,2927
392,2929
392,2936
392,3135
392,3213
392,3292
392,3442
392,3534
392,3779
392,3906
393,394
393,506
393,517
393,524
393,526
393,558
393,572
393,585
393,662
393,758
393,856
393,938
393,1084
393,1402
393,1475
393,1592
393,1593
393,1655
393,1672
393,1721
393,1764
393,1891
393,1938
393,1966
393,2072
393,2111
393,2133
393,2325
393,2890
393,3231
393,3301
393,3318
393,3364
393,3591
393,3763
393,3800
393,3876
393,3924
393,3986
393,3991
394,420
394,424
394,457
394,459
394,466
394,515
394,569
394,575
394,604
394,630
394,642
394,670
394,677
394,707
394,770
394,787
394,824
394,841
394,849
394,865
394,902
394,964
394,984
394,1155
394,1156
394,1310
394,1369
394,1427
394,1533
394,1587
394,1657
394,1660
394,1777
394,1822
394,2020
394,2397
394,2489
394,2497
394,2498
394,2544
394,2721
394,2751
394,2782
394,2880
394,3026
394,3038
394,3068
394,3127
394,3301
394,3302
394,3329
394,3455
394,3553
394,3680
394,3694
394,3864
395,438
395,489
395,511
395,515
395,516
395,526
395,549
395,559
395,578
395,653
395,660
395,671
395,687
395,767
395,781
395,810
395,907
395,1084
395,1133
395,1227
395,1311
395,1328
395,1395
395,1528
395,1639
395,1691
395,1700
395,1765
395,1781
395,1900
395,1914
395,2072
395,2127
395,2186
395,2296
395,2492
395,2813
395,2884
395,3009
395,3172
395,3422
395,3536
395,3644
395,3748
395,3818
395,4009
396,399
396,405
396,452
396,487
396,511
396,528
396,552
396,554
396,569
396,583
396,595
396,602
396,624
396,627
396,668
396,685
396,691
396,703
396,781
396,814
396,845
396,1018
396,1081
396,1262
396,1283
396,1313
396,1384
396,1396
396,1506
396,1624
396,1633
396,1637
396,1734
396,1939
396,1980
396,2013
396,2059
396,2069
396,2086
396,2099
396,2111
396,2204
396,2277
396,2661
396,3112
396,3119
396,3613
396,4022
397,415
397,419
397,421
397,446
397,465
397,478
397,531
397,547
397,557
397,616
397,697
397,718
397,719
397,796
397,805
397,842
397,859
397,884
397,945
397,977
397,1013
397,1050
397,1071
397,1124
397,1152
397,1159
397,1176
397,1210
397,1416
397,1480
397,1579
397,1670
397,1703
397,1727
397,1781
397,1857
397,1924
397,1939
397,2085
397,2090
397,2154
397,2265
397,2297
397,2324
397,2409
397,2639
397,2775
397,2797
397,2885
397,2961
397,3127
397,3162
397,3164
397,3174
397,3251
397,3328
397,3339
397,3379
397,3412
397,3460
397,3771
397,3909
397,3947
397,3976
398,406
398,413
398,446
398,476
398,519
398,566
398,596
398,732
398,735
398,829
398,857
398,876
398,922
398,1083
398,1168
398,1182
398,1253
398,1258
398,1352
398,1509
398,1521
398,1556
398,1666
398,1673
398,1753
398,2032
398,2343
398,2370
398,2396
398,2741
398,2794
398,2885
398,2932
398,2963
398,3010
398,3132
398,3234
398,3548
398,3605
398,3681
398,3696
398,3718
398,3935
398,3950
398,3964
399,406
399,410
399,430
399,454
399,471
399,529
399,571
399,592
399,606
399,611
399,639
399,645
399,652
399,680
399,685
399,704
399,729
399,741
399,751
399,763
399,943
399,1018
399,1040
399,1045
399,1065
399,1092
399,1236
399,1392
399,1436
399,1470
399,1546
399,1665
399,1731
399,1798
399,1811
399,1864
399,1921
399,1953
399,1962
399,2214
399,2217
399,2291
399,2323
399,2509
399,2577
399,2594
399,2611
399,2612
399,2618
399,2622
399,2626
399,2655
399,2697
399,2711
399,2801
399,3018
399,3163
399,3278
399,3361
399,3380
399,3564
399,3600
400,419
400,429
400,435
400,483
400,494
400,574
400,601
400,604
400,618
400,619
400,677
400,694
400,705
400,758
400,845
400,944
400,975
400,1102
400,1104
400,1136
400,1163
400,1165
400,1215
400,1229
400,1232
400,1353
400,1376
400,1465
400,1473
400,1504
400,1507
400,1568
400,1655
400,1764
400,1806
400,1989
400,2068
400,2098
400,2161
400,2169
400,2172
400,2200
400,2292
400,2367
400,2374
400,2441
400,2468
400,2523
400,2640
400,2723
400,2798
400,2817
400,2819
400,2824
400,2929
400,3020
400,3091
400,3255
400,3273
400,3343
400,3344
400,3408
400,3468
400,3597
400,3604
400,3847
400,3931
400,4026
401,458
401,473
401,492
401,535
401,817
401,823
401,856
401,861
401,973
401,1007
401,1095
401,1127
401,1159
401,1232
401,1262
401,1468
401,1626
401,1631
401,1808
401,1814
401,1891
401,1899
401,1991
401,1995
401,2071
401,2080
401,2148
401,2151
401,2163
401,2226
401,2381
401,2402
401,2508
401,2562
401,2612
401,2680
401,2773
401,2843
401,2855
401,3030
401,3058
401,3163
401,3220
401,3221
401,3242
401,3577
401,3601
401,3611
401,3774
401,3816
402,452
402,478
402,490
402,504
402,538
402,567
402,579
402,592
402,669
402,673
402,706
402,805
402,847
402,946
402,984
402,1023
402,1093
402,1119
402,1137
402,1230
402,1274
402,1293
402,1295
402,1464
402,1506
402,1574
402,1605
402,1638
402,1655
402,1672
402,1688
402,1716
402,1780
402,1783
402,1948
402,2005
402,2096
402,2207
402,2349
402,2370
402,2420
402,2473
402,2614
402,2804
402,2891
402,2941
402,2945
402,2985
402,3276
402,3589
402,3822
402,3852
402,3997
403,438
403,439
403,449
403,497
403,519
403,537
403,606
403,617
403,658
403,686
403,794
403,860
403,864
403,884
403,994
403,1127
403,1142
403,1234
403,1340
403,1489
403,1514
403,1565
403,1578
403,1597
403,1598
403,1735
403,1907
403,1991
403,2070
403,2180
403,2214
403,2523
403,2727
403,2731
403,2796
403,2803
403,2804
403,3016
403,3022
403,3046
403,3086
403,3292
403,3309
403,3373
403,3382
403,3477
403,3613
403,3710
403,3831
404,484
404,547
404,659
404,685
404,847
404,861
404,871
404,995
404,1051
404,1101
404,1114
404,1142
404,1179
404,1600
404,1746
404,1816
404,1922
404,2191
404,2227
404,2272
404,2876
404,3007
404,3237
404,3274
404,3356
404,3660
404,3720
404,3798
405,406
405,472
405,483
405,485
405,584
405,835
405,878
405,881
405,1268
405,1290
405,1311
405,1574
405,1683
405,1686
405,1738
405,1875
405,1932
405,2057
405,2194
405,2241
405,2310
405,2631
405,2671
405,2689
405,2773
405,3066
405,3190
405,3278
405,3313
405,3543
405,3836
406,411
406,516
406,555
406,608
406,636
406,646
406,676
406,677
406,688
406,704
406,713
406,832
406,847
406,852
406,1014
406,1039
406,1055
406,1058
406,1066
406,1071
406,1108
406,1174
406,1245
406,1261
406,1301
406,1411
406,1476
406,1627
406,1725
406,1888
406,1972
406,1994
406,2340
406,2345
406,2441
406,2629
406,2679
406,2788
406,3114
406,3131
406,3234
406,3341
406,3446
406,3615
406,3851
406,3923
406,3992
407,425
407,430
407,535
407,555
407,564
407,577
407,602
407,621
407,765
407,981
407,1067
407,1155
407,1205
407,1226
407,1300
407,1320
407,1407
407,1415
407,1423
407,1506
407,1573
407,1611
407,1634
407,1777
407,1808
407,1866
407,1892
407,1920
407,1977
407,2052
407,2223
407,2244
407,2248
407,2410
407,2618
407,2667
407,2687
407,2690
407,2729
407,2800
407,2831
407,2842
407,2871
407,3250
407,3354
407,3548
407,3632
407,3695
407,3848
407,3918
407,3937
407,4019
408,476
408,555
408,602
408,624
408,668
408,716
408,736
408,871
408,949
408,951
408,992
408,1002
408,1031
408,1155
408,1170
408,1179
408,1180
408,1184
408,1186
408,1189
408,1192
408,1195
408,1217
408,1441
408,1504
408,1643
408,1693
408,1699
408,1745
408,1767
408,1864
408,2194
408,2278
408,2512
408,2553
408,2704
408,2764
408,2831
408,2918
408,3391
408,3753
408,3772
408,3800
408,3837
408,3940
409,410
409,453
409,482
409,525
409,584
409,595
409,605
409,723
409,795
409,869
409,923
409,1068
409,1239
409,1445
409,1550
409,1560
409,1795
409,1830
409,1961
409,2172
409,2234
409,2302
409,2417
409,2599
409,2624
409,2682
409,2692
409,2700
409,2808
409,2889
409,3029
409,3214
409,3537
409,3598
409,3628
409,3646
409,3845
409,3892
409,3894
409,3955
410,416
410,462
410,535
410,545
410,628
410,630
410,675
410,720
410,742
410,755
410,789
410,871
410,894
410,901
410,903
410,927
410,938
410,963
410,1022
410,1059
410,1100
410,1214
410,1266
410,1344
410,1397
410,1618
410,1727
410,1764
410,1780
410,1931
410,1994
410,2003
410,2006
410,2028
410,2105
410,2117
410,2132
410,2212
410,2250
410,2268
410,2274
410,2367
410,2402
410,2430
410,2446
410,2515
410,2528
410,2605
410,3371
410,3483
410,3500
410,3519
410,3551
410,3667
410,3774
410,3777
410,3996
410,4023
411,424
411,484
411,516
411,526
411,558
411,620
411,623
411,624
411,640
411,657
411,678
411,717
411,741
411,767
411,778
411,877
411,913
411,975
411,991
411,1036
411,1054
411,1456
411,1478
411,1504
411,1637
411,1790
411,1814
411,1821
411,2027
411,2036
411,2058
411,2112
411,2184
411,2204
411,2230
411,2328
411,2492
411,2729
411,3021
411,3043
411,3231
411,3293
411,3325
411,3378
411,3435
411,3454
411,3470
411,3508
411,3609
411,3721
411,3788
411,4001
412,442
412,460
412,491
412,523
412,595
412,619
412,623
412,625
412,751
412,782
412,812
412,911
412,922
412,959
412,981
412,1003
412,1172
412,1191
412,1222
412,1240
412,1243
412,1288
412,1299
412,1303
412,1309
412,1328
412,1361
412,1390
412,1441
412,1461
412,1487
412,1613
412,1690
412,1703
412,1946
412,1989
412,2094
412,2096
412,2178
412,2206
412,2349
412,2360
412,2389
412,2412
412,2473
412,2516
412,2542
412,2567
412,2588
412,2602
412,2856
412,2902
412,3044
412,3130
412,3182
412,3194
412,3220
412,3261
412,3348
412,3369
412,3402
412,3443
412,3451
412,3514
412,3599
412,3743
412,3757
412,3771
412,3828
412,3973
412,3986
413,444
413,632
413,776
413,810
413,913
413,969
413,1034
413,1108
413,1123
413,1148
413,1280
413,1520
413,1640
413,1641
413,1853
413,1900
413,1949
413,1991
413,2204
413,2328
413,2376
413,2464
413,2516
413,2603
413,2612
413,2667
413,2694
413,2748
413,2749
413,2915
413,2917
413,3106
413,3113
413,3172
413,3358
413,3523
413,3936
413,3972
414,510
414,540
414,542
414,545
414,547
414,715
414,754
414,756
414,821
414,888
414,898
414,1012
414,1019
414,1024
414,1055
414,1068
414,1123
414,1188
414,1279
414,1291
414,1298
414,1339
414,1377
414,1406
414,1506
414,1695
414,1801
414,1872
414,1979
414,2026
414,2036
414,2062
414,2161
414,2257
414,2553
414,2671
414,2932
414,3696
414,3737
415,480
415,493
415,563
415,574
415,696
415,749
415,853
415,855
415,989
415,1108
415,1134
415,1160
415,1162
415,1202
415,1223
415,1295
415,1452
415,1525
415,1616
415,1626
415,1809
415,1820
415,2042
415,2327
415,2418
415,2432
415,2544
415,2577
415,2721
415,2848
415,2953
415,3039
415,3087
415,3178
415,3231
415,3795
416,474
416,595
416,745
416,905
416,961
416,1061
416,1137
416,1520
416,1858
416,2248
416,2942
416,2948
416,2964
416,3029
416,3109
416,3150
416,3262
416,3341
416,3360
416,3386
416,3835
416,3872
416,3898
416,4038
417,479
417,481
417,654
417,656
417,794
417,817
417,916
417,923
417,955
417,1029
417,1128
417,1133
417,1446
417,1501
417,1528
417,1597
417,1759
417,1782
417,1818
417,2066
417,2285
417,2357
417,2474
417,2615
417,2716
417,2735
417,2759
417,2800
417,2974
417,3037
417,3095
417,3305
417,3799
417,3860
418,424
418,425
418,434
418,496
418,507
418,586
418,662
418,666
418,667
418,736
418,907
418,989
418,1031
418,1072
418,1090
418,1106
418,1135
418,1155
418,1231
418,1255
418,1563
418,1609
418,1679
418,1688
418,1774
418,1930
418,1958
418,2021
418,2036
418,2037
418,2077
418,2107
418,2143
418,2180
418,2425
418,2703
418,2800
418,2936
418,2959
418,3051
418,3065
418,3324
418,3640
418,3715
418,3812
418,3826
418,3831
418,3835
418,3878
418,3936
419,421
419,476
419,484
419,507
419,577
419,580
419,649
419,672
419,757
419,832
419,895
419,908
419,953
419,1000
419,1006
419,1025
419,1031
419,1059
419,1086
419,1137
419,1157
419,1237
419,1312
419,1349
419,1460
419,1548
419,1592
419,1660
419,1712
419,1772
419,1779
419,1907
419,1922
419,1947
419,1988
419,2111
419,2177
419,2339
419,2501
419,2594
419,2665
419,2707
419,2768
419,2837
419,2917
419,3089
419,3172
419,3226
419,3484
419,3569
419,3573
419,3576
419,3600
419,3648
419,3751
419,3871
419,3919
420,434
420,468
420,496
420,520
420,523
420,532
420,614
420,650
420,658
420,666
420,741
420,750
420,859
420,861
420,876
420,877
420,978
420,1044
420,1075
420,1323
420,1354
420,1378
420,1383
420,1466
420,1508
420,1880
420,1904
420,1994
420,2025
420,2066
420,2088
420,2180
420,2207
420,2290
420,2343
420,2375
420,2408
420,2451
420,2604
420,2652
420,2713
420,2767
420,2847
420,2958
420,3018
420,3071
420,3407
420,3638
420,3688
420,3744
420,3797
420,3925
421,443
421,683
421,710
421,763
421,767
421,818
421,906
421,911
421,971
421,1026
421,1135
421,1453
421,1467
421,1529
421,1545
421,1551
421,1642
421,1722
421,1883
421,1892
421,2077
421,2176
421,2375
421,2387
421,2648
421,2693
421,2723
421,2887
421,3415
421,3461
421,3471
421,3481
421,3533
421,3548
421,3552
421,3693
421,3876
421,3984
422,468
422,477
422,490
422,604
422,641
422,693
422,733
422,735
422,740
422,744
422,808
422,823
422,825
422,854
422,914
422,989
422,1128
422,1139
422,1149
422,1196
422,1224
422,1324
422,1530
422,1576
422,1602
422,1626
422,1640
422,1726
422,1788
422,1843
422,1940
422,1951
422,2111
422,2315
422,2401
422,2422
422,2584
422,2818
422,2828
422,2851
422,3010
422,3023
422,3137
422,3247
422,3308
422,3424
422,3441
422,3472
422,3776
422,3811
422,3830
422,3832
422,3867
422,3878
422,3902
422,3984
422,4005
423,453
423,613
423,659
423,709
423,719
423,745
423,819
423,831
423,860
423,1042
423,1048
423,1055
423,1056
423,1131
423,1143
423,1166
423,1324
423,1451
423,1500
423,1518
423,1535
423,1553
423,1630
423,1638
423,1688
423,1957
423,2068
423,2380
423,2394
423,2440
423,2766
423,2788
423,2821
423,2955
423,2972
423,2975
423,3155
423,3273
423,3386
423,3450
423,3594
423,3664
423,3734
423,3911
424,465
424,576
424,627
424,720
424,777
424,952
424,1098
424,1145
424,1149
424,1157
424,1212
424,1298
424,1308
424,1326
424,1328
424,1402
424,1414
424,1419
424,1473
424,1527
424,1569
424,1638
424,1704
424,1933
424,2015
424,2188
424,2254
424,2262
424,2328
424,2396
424,2457
424,2490
424,2581
424,2645
424,2658
424,2689
424,2745
424,2785
424,2792
424,2808
424,2819
424,2825
424,2898
424,2908
424,2949
424,2964
424,2995
424,3050
424,3113
424,3126
424,3255
424,3287
424,3401
424,3676
424,3741
424,3881
424,3902
425,502
425,526
425,628
425,683
425,955
425,972
425,1074
425,1132
425,1213
425,1230
425,1247
425,1271
425,1317
425,1365
425,1452
425,1541
425,1553
425,1693
425,1732
425,1742
425,2153
425,2256
425,2342
425,2389
425,2615
425,2767
425,2789
425,3256
425,3273
425,3276
425,3317
425,3534
425,3556
426,503
426,532
426,563
426,582
426,610
426,717
426,821
426,861
426,882
426,895
426,901
426,917
426,1044
426,1063
426,1144
426,1167
426,1285
426,1393
426,1395
426,1557
426,1673
426,1731
426,1831
426,1891
426,1942
426,1956
426,2066
426,2091
426,2128
426,2258
426,2294
426,2397
426,2420
426,2459
426,2489
426,2729
426,3060
426,3144
426,3180
426,3353
426,3379
426,3542
426,3680
426,3868
426,3881
426,3991
427,503
427,521
427,528
427,557
427,722
427,730
427,826
427,885
427,931
427,1049
427,1051
427,1091
427,1200
427,1284
427,1669
427,1673
427,1725
427,1732
427,1817
427,1855
427,2035
427,2089
427,2303
427,2451
427,2486
427,2548
427,2623
427,2640
427,3136
427,3153
427,3253
427,3327
427,3387
427,3467
427,3665
427,3802
427,3877
427,4019
428,438
428,525
428,535
428,577
428,677
428,715
428,755
428,798
428,969
428,997
428,1018
428,1079
428,1155
428,1411
428,1441
428,1618
428,1841
428,2095
428,2098
428,2104
428,2435
428,2495
428,2754
428,2832
428,2926
428,3036
428,3037
428,3127
428,3150
428,3247
428,3286
428,3368
428,3459
428,3502
428,3536
428,3609
428,3853
428,4029
429,732
429,845
429,859
429,923
429,959
429,1195
429,1346
429,1387
429,1394
429,1424
429,1523
429,1703
429,1752
429,1814
429,2080
429,2186
429,2327
429,2377
429,2680
429,2940
429,3015
429,3186
429,3199
429,3716
429,4004
430,454
430,465
430,471
430,716
430,844
430,1150
430,1361
430,1408
430,1460
430,1778
430,1874
430,2393
430,2799
430,2846
430,2985
430,3077
430,3163
430,3395
430,3772
430,3850
431,488
431,495
431,549
431,607
431,665
431,688
431,717
431,761
431,766
431,812
431,858
431,866
431,874
431,885
431,902
431,905
431,956
431,990
431,1070
431,1119
431,1217
431,1246
431,1271
431,1298
431,1303
431,1388
431,1502
431,1624
431,1636
431,1722
431,1892
431,1917
431,1944
431,2027
431,2089
431,2339
431,2393
431,2450
431,2682
431,2846
431,2928
431,2963
431,2982
431,3076
431,3183
431,3836
431,3906
431,3979
432,480
432,481
432,493
432,509
432,514
432,528
432,536
432,579
432,583
432,590
432,641
432,667
432,669
432,739
432,783
432,795
432,832
432,860
432,935
432,1019
432,1041
432,1055
432,1095
432,1154
432,1200
432,1233
432,1248
432,1251
432,1281
432,1405
432,1482
432,1562
432,1618
432,1635
432,1642
432,1722
432,1794
432,1950
432,1958
432,2001
432,2117
432,2280
432,2398
432,2642
432,2659
432,2687
432,2854
432,2887
432,3139
432,3151
432,3224
432,3290
432,3352
432,3438
432,3661
432,3691
432,3725
432,3802
432,3867
432,3917
432,3976
432,4006
433,439
433,442
433,445
433,456
433,527
433,531
433,584
433,610
433,614
433,669
433,675
433,853
433,857
433,872
433,954
433,981
433,1168
433,1257
433,1276
433,1331
433,1699
433,1737
433,1763
433,1863
433,2154
433,2251
433,2320
433,2377
433,2426
433,2507
433,2545
433,2753
433,2805
433,2968
433,3006
433,3170
433,3187
433,3222
433,3243
433,3342
433,3367
433,3528
433,3558
433,3624
433,3787
433,3875
433,3905
434,483
434,511
434,561
434,741
434,753
434,817
434,818
434,865
434,931
434,1017
434,1136
434,1170
434,1243
434,1505
434,1607
434,1645
434,1650
434,1668
434,1673
434,1767
434,1772
434,1978
434,2064
434,2340
434,2381
434,2384
434,2566
434,2754
434,2799
434,3009
434,3059
434,3065
434,3100
434,3304
434,3375
434,3455
434,3666
434,3707
434,3802
434,3895
434,3902
435,530
435,647
435,651
435,721
435,784
435,843
435,866
435,937
435,963
435,984
435,1073
435,1084
435,1156
435,1170
435,1202
435,1209
435,1246
435,1311
435,1319
435,1359
435,1374
435,1411
435,1681
435,1880
435,1996
435,2008
435,2021
435,2137
435,2144
435,2175
435,2179
435,2384
435,2395
435,2890
435,2903
435,2968
435,3016
435,3038
435,3185
435,3215
435,3430
435,3439
435,3534
435,3628
435,3671
435,3798
436,590
436,599
436,694
436,748
436,815
436,824
436,848
436,959
436,991
436,1071
436,1138
436,1149
436,1173
436,1232
436,1245
436,1256
436,1283
436,1329
436,1334
436,1489
436,1514
436,1573
436,1666
436,1697
436,1777
436,1790
436,1823
436,1870
436,2117
436,2338
436,2391
436,2433
436,2556
436,2724
436,2883
436,3094
436,3171
436,3220
436,3365
436,3367
436,3532
436,3573
436,3590
436,3601
436,3719
436,3929
436,3941
437,440
437,508
437,546
437,558
437,607
437,691
437,697
437,732
437,799
437,814
437,826
437,834
437,869
437,896
437,995
437,1049
437,1113
437,1153
437,1171
437,1193
437,1372
437,1669
437,1730
437,1734
437,1882
437,1971
437,2100
437,2107
437,2108
437,2114
437,2191
437,2237
437,2290
437,2332
437,2355
437,2537
437,2586
437,2591
437,2645
437,2652
437,2765
437,2780
437,2784
437,2786
437,2837
437,2929
437,2983
437,3130
437,3132
437,3133
437,3190
437,3345
437,3370
437,3630
437,3717
437,3816
438,512
438,632
438,642
438,735
438,880
438,897
438,1199
438,1332
438,1444
438,1456
438,1483
438,1672
438,1675
438,1802
438,1878
438,1925
438,1937
438,2091
438,2606
438,2648
438,2663
438,2706
438,2965
438,2973
438,3015
438,3102
438,3111
438,3239
438,3282
438,3364
438,3372
438,3408
438,3573
438,3632
438,3696
439,519
439,524
439,528
439,540
439,559
439,564
439,568
439,600
439,618
439,620
439,627
439,636
439,685
439,728
439,756
439,786
439,843
439,865
439,883
439,935
439,988
439,1027
439,1062
439,1063
439,1125
439,1231
439,1253
439,1328
439,1336
439,1354
439,1371
439,1422
439,1501
439,1511
439,1590
439,1733
439,1896
439,1935
439,1936
439,2043
439,2103
439,2241
439,2383
439,2460
439,2468
439,2583
439,2586
439,2685
439,2725
439,2755
439,3237
439,3355
439,3400
439,3508
439,3520
439,3546
439,3627
439,3951
440,449
440,456
440,475
440,482
440,496
440,565
440,611
440,621
440,774
440,1021
440,1029
440,1224
440,1238
440,1607
440,1618
440,1655
440,1799
440,1878
440,2001
440,2020
440,2212
440,2222
440,2299
440,2457
440,2474
440,2561
440,2671
440,2762
440,2765
440,2796
440,2829
440,2979
440,3046
440,3120
440,3130
440,3220
440,3255
440,3306
440,3450
440,3527
440,3589
440,3766
440,3877
440,3904
440,3911
440,3949
440,3961
440,3993
441,478
441,514
441,561
441,578
441,624
441,628
441,642
441,675
441,749
441,786
441,1021
441,1024
441,1054
441,1069
441,1082
441,1425
441,1440
441,1459
441,1461
441,1590
441,1722
441,1729
441,1803
441,1971
441,1987
441,1992
441,2260
441,2287
441,2465
441,2498
441,2499
441,2600
441,2667
441,2701
441,2717
441,2756
441,2920
441,2969
441,2974
441,2985
441,3182
441,3509
441,3752
441,3936
442,514
442,639
442,664
442,697
442,769
442,789
442,841
442,846
442,1002
442,1278
442,1405
442,1522
442,1554
442,1705
442,1877
442,2298
442,2518
442,2721
442,2844
442,2900
442,2935
442,3036
442,3183
442,3335
442,3427
442,3502
442,3547
442,3865
442,3990
443,496
443,620
443,637
443,908
443,955
443,1168
443,1226
443,1291
443,1377
443,1404
443,1583
443,1608
443,1684
443,1743
443,1806
443,1870
443,2090
443,2216
443,2483
443,2558
443,2562
443,2650
443,2796
443,2950
443,2998
443,3005
443,3320
443,3405
443,3547
443,3670
443,3768
443,3818
443,3838
443,3958
443,4006
444,481
444,540
444,645
444,676
444,762
444,839
444,847
444,920
444,1133
444,1206
444,1258
444,1262
444,1402
444,1411
444,1480
444,1512
444,1972
444,2133
444,2157
444,2189
444,2226
444,2314
444,2334
444,2676
444,2774
444,2997
444,3161
444,3228
444,3279
444,3291
444,3296
444,3371
444,3425
444,3736
444,3761
444,3989
445,451
445,485
445,510
445,518
445,575
445,598
445,630
445,641
445,657
445,668
445,684
445,766
445,839
445,844
445,920
445,934
445,1013
445,1259
445,1305
445,1439
445,1476
445,1514
445,1607
445,1674
445,1710
445,1752
445,1754
445,1766
445,1771
445,1784
445,1824
445,1838
445,2056
445,2461
445,2488
445,2500
445,2571
445,2617
445,2650
445,2731
445,2905
445,2912
445,3200
445,3241
445,3324
445,3413
445,3522
445,3539
445,3603
445,3637
445,3802
445,3869
445,3878
445,3969
445,4004
446,514
446,520
446,524
446,575
446,592
446,607
446,646
446,668
446,737
446,761
446,764
446,842
446,852
446,939
446,971
446,972
446,983
446,1055
446,1111
446,1118
446,1147
446,1172
446,1222
446,1275
446,1290
446,1324
446,1748
446,1779
446,1839
446,1896
446,1941
446,2044
446,2178
446,2264
446,2271
446,2461
446,2489
446,2598
446,2630
446,2830
446,2879
446,3257
446,3275
446,3312
446,3343
446,3349
446,3354
446,3363
446,3447
446,3463
446,3517
446,3702
446,3723
446,3987
446,3988
446,4019
446,4028
447,465
447,474
447,497
447,532
447,562
447,662
447,688
447,890
447,1007
447,1008
447,1029
447,1031
447,1077
447,1290
447,1329
447,1399
447,1458
447,1459
447,1511
447,1518
447,1833
447,2150
447,2166
447,2193
447,2206
447,2281
447,2329
447,2356
447,2408
447,2464
447,2508
447,2732
447,2781
447,2942
447,3013
447,3042
447,3126
447,3236
447,3237
447,3404
447,3603
447,3718
447,3936
448,467
448,473
448,570
448,659
448,694
448,730
448,794
448,800
448,837
448,947
448,975
448,1091
448,1244
448,1255
448,1258
448,1271
448,1355
448,1384
448,1427
448,1523
448,1635
448,1816
448,1952
448,2047
448,2064
448,2070
448,2434
448,2469
448,2527
448,2718
448,2988
448,3110
448,3327
448,3342
448,3398
448,3758
448,3796
448,3834
448,3948
448,3994
449,595
449,652
449,694
449,700
449,742
449,797
449,827
449,859
449,873
449,913
449,1036
449,1057
449,1070
449,1229
449,1294
449,1435
449,1454
449,1636
449,1650
449,1686
449,1805
449,1812
449,1982
449,2110
449,2144
449,2206
449,2257
449,2341
449,2405
449,2410
449,2459
449,2609
449,2651
449,2721
449,2733
449,2793
449,2883
449,3093
449,3101
449,3144
449,3274
449,3387
449,3429
449,3453
449,3571
449,3812
449,3972
449,3978
449,4012
450,466
450,471
450,502
450,542
450,571
450,598
450,628
450,644
450,729
450,739
450,741
450,768
450,921
450,929
450,942
450,1003
450,1020
450,1227
450,1239
450,1348
450,1356
450,1415
450,1416
450,1434
450,1443
450,1445
450,1696
450,1724
450,1811
450,1880
450,1881
450,2006
450,2059
450,2263
450,2292
450,2307
450,2369
450,2594
450,2602
450,2729
450,2843
450,2895
450,2963
450,3276
450,3318
450,3332
450,3446
450,3462
450,3498
450,3555
450,3577
450,3649
450,3699
450,3797
450,3892
450,3918
450,4005
451,468
451,471
451,476
451,525
451,531
451,548
451,698
451,701
451,713
451,715
451,726
451,731
451,1049
451,1104
451,1182
451,1304
451,1357
451,1365
451,1381
451,1402
451,1616
451,1712
451,1821
451,2168
451,2266
451,2366
451,2387
451,2489
451,2497
451,2604
451,2848
451,2994
451,3097
451,3231
451,3385
451,3430
451,3435
451,3548
451,3577
451,3579
451,3584
451,3754
451,3900
452,459
452,524
452,525
452,561
452,640
452,664
452,678
452,704
452,785
452,859
452,890
452,901
452,948
452,959
452,966
452,976
452,981
452,1001
452,1048
452,1073
452,1138
452,1236
452,1284
452,1300
452,1373
452,1400
452,1413
452,1483
452,1533
452,1584
452,1593
452,1644
452,1797
452,1889
452,1895
452,1917
452,1968
452,2059
452,2066
452,2109
452,2143
452,2144
452,2257
452,2263
452,2295
452,2316
452,2516
452,2626
452,2660
452,2674
452,2869
452,2903
452,2932
452,3070
452,3095
452,3176
452,3346
452,3506
452,3510
452,3512
452,3644
452,3692
452,3712
452,3751
452,3828
452,3857
452,3896
452,3974
452,3987
452,4011
452,4018
453,557
453,590
453,591
453,602
453,648
453,673
453,762
453,774
453,862
453,873
453,927
453,950
453,1041
453,1053
453,1074
453,1094
453,1096
453,1097
453,1113
453,1217
453,1513
453,1533
453,1651
453,1675
453,1713
453,1840
453,1893
453,2327
453,2355
453,2357
453,2451
453,2488
453,2496
453,2604
453,2656
453,2805
453,2808
453,2887
453,2938
453,2961
453,3335
453,3567
453,3825
453,3879
454,508
454,528
454,682
454,739
454,822
454,852
454,879
454,880
454,888
454,1115
454,1268
454,1339
454,1448
454,1519
454,1653
454,1707
454,1708
454,1853
454,1883
454,2075
454,2112
454,2455
454,2596
454,2767
454,2921
454,3373
454,3414
454,3548
454,3640
455,462
455,574
455,594
455,766
455,864
455,881
455,1071
455,1188
455,1199
455,1321
455,1381
455,1385
455,1426
455,1450
455,1635
455,1694
455,1880
455,2026
455,2154
455,2156
455,2205
455,2340
455,2399
455,2666
455,2672
455,2697
455,2788
455,2798
455,3307
455,3350
455,3498
455,3668
455,3945
455,4010
456,537
456,545
456,609
456,767
456,907
456,1040
456,1041
456,1125
456,1154
456,1223
456,1234
456,1244
456,1349
456,1397
456,1457
456,1516
456,1519
456,1572
456,1746
456,1791
456,1851
456,1870
456,1903
456,2000
456,2114
456,2286
456,2293
456,2739
456,2848
456,2895
456,2990
456,3119
456,3181
456,3448
456,3672
456,3752
456,3814
456,3820
456,3866
457,560
457,640
457,664
457,692
457,725
457,801
457,847
457,856
457,921
457,937
457,947
457,1046
457,1067
457,1107
457,1113
457,1187
457,1195
457,1222
457,1332
457,1366
457,1434
457,1448
457,1450
457,1471
457,1525
457,1848
457,1907
457,1920
457,1967
457,2011
457,2107
457,2218
457,2220
457,2631
457,2950
457,3032
457,3162
457,3236
457,3434
457,3556
457,3705
457,3721
458,459
458,494
458,515
458,607
458,632
458,649
458,688
458,775
458,807
458,824
458,909
458,916
458,964
458,1143
458,1179
458,1233
458,1303
458,1523
458,1555
458,1581
458,1648
458,1711
458,1761
458,1776
458,1784
458,1841
458,2011
458,2128
458,2157
458,2188
458,2419
458,2624
458,2651
458,2701
458,2847
458,2883
458,3006
458,3119
458,3227
458,3264
458,3463
458,3471
458,3536
458,3823
458,3824
459,537
459,601
459,661
459,757
459,830
459,879
459,886
459,901
459,952
459,1180
459,1271
459,1361
459,1408
459,1493
459,1537
459,1770
459,1812
459,1913
459,2022
459,2097
459,2123
459,2665
459,2674
459,2739
459,2879
459,2903
459,2983
459,3081
459,3104
459,3105
459,3228
459,3477
459,3581
459,3714
459,3775
459,3792
460,480
460,493
460,557
460,571
460,683
460,684
460,850
460,891
460,892
460,1008
460,1015
460,1074
460,1159
460,1183
460,1196
460,1207
460,1271
460,1401
460,1414
460,1563
460,1604
460,1625
460,1654
460,1674
460,1714
460,1768
460,1813
460,1876
460,1889
460,1952
460,1970
460,1999
460,2038
460,2383
460,2421
460,2455
460,2652
460,2824
460,2969
460,2972
460,3211
460,3416
460,3743
460,3800
460,3834
460,3843
460,4024
461,468
461,547
461,584
461,654
461,703
461,713
461,721
461,729
461,878
461,1146
461,1226
461,1254
461,1282
461,1289
461,1338
461,1347
461,1435
461,1472
461,1591
461,1760
461,1780
461,1784
461,1798
461,1914
461,1924
461,2022
461,2071
461,2152
461,2223
461,2293
461,2405
461,2571
461,2583
461,2671
461,2675
461,2848
461,3264
461,3498
461,3515
461,3818
461,3899
461,3911
462,477
462,497
462,804
462,1067
462,1080
462,1109
462,1250
462,1385
462,1423
462,1474
462,1497
462,1504
462,1809
462,1883
462,1998
462,2134
462,2155
462,2210
462,2258
462,2323
462,2329
462,2364
462,2829
462,2856
462,2874
462,3024
462,3154
462,3357
462,3451
462,3511
462,3637
462,3870
462,3968
462,4016
463,472
463,474
463,480
463,493
463,531
463,559
463,601
463,620
463,645
463,657
463,692
463,740
463,781
463,901
463,1060
463,1078
463,1082
463,1090
463,1189
463,1312
463,1389
463,1397
463,1424
463,1508
463,1632
463,1833
463,1887
463,2016
463,2150
463,2583
463,2957
463,3048
463,3051
463,3107
463,3229
463,3506
463,3619
463,3621
463,3807
463,3930
464,481
464,564
464,626
464,675
464,854
464,1265
464,1411
464,1462
464,1698
464,1715
464,1813
464,1896
464,2007
464,2075
464,2091
464,2163
464,2169
464,2278
464,2295
464,2377
464,2400
464,2513
464,2521
464,2568
464,2667
464,2680
464,2701
464,2801
464,2872
464,2878
464,2931
464,2959
464,2967
464,2977
464,3096
464,3125
464,3386
464,3567
464,3813
464,3867
464,3962
465,473
465,533
465,555
465,656
465,998
465,1080
465,1093
465,1173
465,1218
465,1223
465,1364
465,1377
465,1383
465,1388
465,1420
465,1515
465,1526
465,1569
465,1742
465,1867
465,1900
465,1939
465,2094
465,2147
465,2168
465,2232
465,2295
465,2319
465,2436
465,2528
465,2534
465,2578
465,2615
465,2662
465,2669
465,2684
465,2733
465,2804
465,2851
465,3169
465,3298
465,3549
465,3722
465,3754
466,489
466,513
466,524
466,561
466,649
466,766
466,795
466,828
466,889
466,918
466,964
466,1019
466,1054
466,1100
466,1137
466,1194
466,1202
466,1306
466,1343
466,1364
466,1534
466,1579
466,1598
466,1681
466,1691
466,1762
466,1888
466,1893
466,1961
466,1976
466,1982
466,2087
466,2204
466,2556
466,2686
466,2933
466,3030
466,3072
466,3124
466,3225
466,3304
466,3343
466,3642
466,4024
467,604
467,621
467,683
467,709
467,721
467,724
467,760
467,1037
467,1117
467,1118
467,1123
467,1126
467,1205
467,1250
467,1296
467,1299
467,1326
467,1387
467,1416
467,1542
467,1608
467,1703
467,1704
467,1786
467,1968
467,1973
467,1993
467,2115
467,2351
467,2395
467,2438
467,2455
467,2498
467,2626
467,2796
467,2811
467,2991
467,3039
467,3100
467,3599
467,3657
467,3809
467,3841
467,3849
468,502
468,505
468,530
468,535
468,668
468,750
468,762
468,770
468,775
468,852
468,906
468,937
468,957
468,980
468,1004
468,1145
468,1163
468,1195
468,1220
468,1229
468,1255
468,1279
468,1286
468,1352
468,1353
468,1355
468,1386
468,1414
468,1420
468,1468
468,1531
468,1532
468,1560
468,1637
468,1933
468,2079
468,2086
468,2089
468,2275
468,2298
468,2462
468,2603
468,2701
468,2797
468,2864
468,2990
468,2998
468,3022
468,3127
468,3190
468,3280
468,3283
468,3573
468,3654
468,3714
468,3934
468,3963
468,3967
468,3969
469,522
469,525
469,541
469,576
469,611
469,644
469,669
469,684
469,688
469,698
469,719
469,730
469,746
469,835
469,929
469,1021
469,1148
469,1264
469,1278
469,1343
469,1365
469,1390
469,1421
469,1425
469,1426
469,1461
469,1510
469,1558
469,1688
469,1836
469,1852
469,1903
469,2000
469,2105
469,2126
469,2154
469,2410
469,2412
469,2505
469,2520
469,2773
469,3061
469,3136
469,3232
469,3237
469,3250
469,3253
469,3370
469,3389
469,3657
469,3690
469,3718
469,3812
470,582
470,964
470,1034
470,1057
470,1061
470,1099
470,1167
470,1182
470,1203
470,1207
470,1257
470,1285
470,1305
470,1370
470,1415
470,1423
470,1448
470,1561
470,1662
470,1686
470,1708
470,1802
470,1813
470,1835
470,2116
470,2499
470,2534
470,2548
470,2576
470,2621
470,2758
470,2842
470,2907
470,2911
470,2995
470,3027
470,3028
470,3312
470,3422
470,3478
470,3509
470,3650
470,3683
470,3732
470,3846
470,3939
471,479
471,511
471,538
471,566
471,653
471,671
471,696
471,729
471,741
471,750
471,754
471,782
471,796
471,798
471,829
471,930
471,959
471,1028
471,1063
471,1070
471,1074
471,1158
471,1171
471,1280
471,1313
471,1426
471,1428
471,1430
471,1609
471,1622
471,1626
471,1670
471,1687
471,1794
471,1873
471,2094
471,2195
471,2251
471,2292
471,2361
471,2411
471,2600
471,2671
471,2702
471,2706
471,2727
471,2758
471,2767
471,2769
471,2978
471,3105
471,3116
471,3120
471,3180
471,3226
471,3370
471,3454
471,3475
471,3714
471,3879
471,3896
471,3996
472,478
472,498
472,512
472,597
472,613
472,630
472,777
472,820
472,841
472,887
472,913
472,931
472,948
472,987
472,1215
472,1240
472,1244
472,1321
472,1338
472,1349
472,1449
472,1565
472,1717
472,1810
472,1817
472,1819
472,1869
472,1898
472,1968
472,2038
472,2081
472,2155
472,2205
472,2231
472,2249
472,2342
472,2441
472,2499
472,2756
472,2795
472,2816
472,2909
472,2949
472,3076
472,3084
472,3235
472,3456
472,3528
472,3537
472,3706
472,3921
472,3993
473,493
473,517
473,535
473,573
473,633
473,692
473,728
473,748
473,759
473,774
473,795
473,797
473,811
473,817
473,860
473,893
473,920
473,925
473,1021
473,1166
473,1193
473,1262
473,1292
473,1399
473,1593
473,1598
473,1607
473,1614
473,1714
473,1748
473,1975
473,2008
473,2017
473,2065
473,2311
473,2365
473,2381
473,2391
473,2481
473,2513
473,2549
473,2562
473,2665
473,2876
473,2948
473,2978
473,3005
473,3053
473,3100
473,3230
473,3237
473,3281
473,3345
473,3348
473,3405
473,3488
473,3581
473,3718
473,3750
474,501
474,540
474,580
474,589
474,693
474,804
474,824
474,888
474,951
474,972
474,1003
474,1202
474,1267
474,1362
474,1459
474,1506
474,1572
474,1677
474,1750
474,1857
474,2016
474,2111
474,2129
474,2444
474,2465
474,2585
474,2876
474,3045
474,3138
474,3369
474,3572
474,3795
474,3822
475,484
475,593
475,658
475,661
475,682
475,687
475,745
475,919
475,1074
475,1088
475,1094
475,1172
475,1179
475,1233
475,1239
475,1309
475,1311
475,1519
475,1521
475,1571
475,1639
475,1659
475,1735
475,1745
475,2119
475,2121
475,2208
475,2325
475,2327
475,2450
475,2595
475,2633
475,2645
475,2677
475,2752
475,2794
475,2941
475,3038
475,3071
475,3117
475,3145
475,3325
475,3360
475,3361
475,3440
475,3528
475,3536
475,3573
475,3684
475,3688
475,3707
475,3712
475,3778
475,3839
475,3872
475,3923
475,3943
476,517
476,590
476,613
476,650
476,804
476,998
476,1028
476,1054
476,1107
476,1138
476,1163
476,1303
476,1571
476,1652
476,1765
476,1785
476,1869
476,1989
476,2262
476,2287
476,2581
476,2862
476,3023
476,3106
476,3134
476,3762
476,3783
476,3954
477,572
477,691
477,702
477,738
477,814
477,977
477,1316
477,1331
477,1419
477,1521
477,1860
477,1927
477,1937
477,2119
477,2232
477,2262
477,2408
477,2418
477,2439
477,2488
477,2883
477,2977
477,3118
477,3386
477,3518
477,3548
477,3716
477,3844
478,609
478,613
478,711
478,721
478,737
478,740
478,752
478,759
478,776
478,803
478,839
478,914
478,917
478,1006
478,1169
478,1375
478,1495
478,1496
478,1594
478,1599
478,1867
478,1901
478,2016
478,2032
478,2252
478,2288
478,2452
478,2698
478,2782
478,3188
478,3282
478,3424
478,3653
478,3667
478,3805
478,3835
478,3950
479,629
479,654
479,684
479,1032
479,1046
479,1054
479,1104
479,1109
479,1122
479,1167
479,1246
479,1268
479,1362
479,1371
479,1451
479,1506
479,1550
479,1650
479,1722
479,1799
479,2188
479,2195
479,2236
479,2284
479,2345
479,2356
479,2421
479,2462
479,2580
479,2819
479,2916
479,2933
479,2986
479,2999
479,3006
479,3087
479,3171
479,3247
479,3421
479,3599
479,3889
480,483
480,505
480,527
480,530
480,628
480,785
480,814
480,836
480,838
480,926
480,960
480,971
480,1093
480,1169
480,1236
480,1241
480,1243
480,1260
480,1369
480,1687
480,1748
480,1804
480,1826
480,1859
480,1912
480,2011
480,2130
480,2239
480,2375
480,2636
480,2665
480,2764
480,2819
480,2823
480,2942
480,2949
480,3211
480,3255
480,3305
480,3364
480,3916
480,3937
481,490
481,491
481,567
481,571
481,657
481,691
481,707
481,966
481,1048
481,1077
481,1108
481,1109
481,1122
481,1330
481,1346
481,1580
481,1594
481,1601
481,1646
481,1788
481,1969
481,1970
481,1972
481,2130
481,2155
481,2458
481,2606
481,2892
481,2913
481,2982
481,3114
481,3140
481,3157
481,3339
481,3449
481,3589
481,3625
481,3850
482,494
482,499
482,525
482,575
482,577
482,668
482,677
482,735
482,742
482,840
482,847
482,872
482,893
482,976
482,982
482,999
482,1034
482,1050
482,1073
482,1081
482,1146
482,1236
482,1399
482,1430
482,1569
482,1577
482,1603
482,1627
482,1672
482,1785
482,1823
482,2054
482,2156
482,2250
482,2318
482,2321
482,2463
482,2559
482,2620
482,2623
482,2628
482,2686
482,2787
482,3145
482,3155
482,3162
482,3313
482,3327
482,3361
482,3609
482,3737
482,3741
482,3759
482,3783
482,3950
483,551
483,569
483,668
483,796
483,875
483,1061
483,1184
483,1704
483,1711
483,1879
483,2113
483,2156
483,2260
483,2741
483,2746
483,2852
483,2855
483,3198
483,3226
483,3245
483,3251
483,3614
484,587
484,715
484,786
484,895
484,945
484,965
484,968
484,1082
484,1182
484,1488
484,1543
484,1593
484,1655
484,1953
484,2085
484,2191
484,2415
484,2520
484,2529
484,2552
484,2787
484,2842
484,2856
484,2982
484,3025
484,3275
484,3361
484,3397
484,3853
484,3931
485,538
485,853
485,884
485,1003
485,1126
485,1276
485,1346
485,1522
485,1709
485,1904
485,1991
485,2152
485,2336
485,2380
485,2423
485,2446
485,2818
485,2903
485,3027
485,3148
485,3841
485,3842
485,3857
485,3971
486,528
486,558
486,664
486,769
486,851
486,854
486,1147
486,1162
486,1245
486,1329
486,1369
486,1404
486,1458
486,1596
486,1645
486,1931
486,1956
486,2105
486,2371
486,2415
486,2424
486,2430
486,2612
486,2694
486,2714
486,2811
486,2818
486,2878
486,2939
486,2996
486,3006
486,3179
486,3206
486,3350
486,3601
486,3604
486,3764
486,3786
486,3933
487,534
487,575
487,613
487,633
487,641
487,669
487,682
487,708
487,714
487,786
487,873
487,1037
487,1105
487,1107
487,1140
487,1221
487,1496
487,1640
487,1672
487,1696
487,1730
487,1831
487,1914
487,1952
487,1999
487,2180
487,2219
487,2228
487,2249
487,2317
487,2402
487,2578
487,2676
487,2820
487,2899
487,2921
487,3030
487,3095
487,3130
487,3243
487,3290
487,3433
487,3443
487,3457
487,3583
487,3685
487,3793
487,3804
487,3870
487,3933
488,556
488,638
488,725
488,762
488,773
488,782
488,784
488,787
488,1075
488,1112
488,1167
488,1359
488,1415
488,1522
488,1630
488,1653
488,1683
488,1698
488,1962
488,2127
488,2138
488,2146
488,2190
488,2203
488,2206
488,2478
488,2531
488,2543
488,2588
488,2810
488,2934
488,2997
488,3112
488,3637
488,3650
488,3736
488,3765
488,3823
488,3866
488,3997
489,517
489,561
489,565
489,730
489,788
489,790
489,836
489,844
489,871
489,874
489,899
489,907
489,993
489,1005
489,1012
489,1053
489,1100
489,1202
489,1325
489,1337
489,1444
489,1568
489,1683
489,1711
489,1729
489,1834
489,1888
489,1892
489,1940
489,2215
489,2222
489,2252
489,2351
489,2373
489,2406
489,2454
489,2467
489,2621
489,2727
489,2766
489,2996
489,3010
489,3019
489,3058
489,3099
489,3140
489,3144
489,3168
489,3178
489,3189
489,3277
489,3390
489,3731
489,3772
489,3885
489,3961
489,4014
490,494
490,574
490,643
490,673
490,828
490,842
490,965
490,982
490,1051
490,1396
490,1543
490,1638
490,1652
490,1781
490,1809
490,2153
490,2204
490,2270
490,2537
490,2575
490,2917
490,3345
490,3556
490,3744
491,600
491,606
491,609
491,640
491,731
491,773
491,777
491,790
491,1042
491,1093
491,1103
491,1181
491,1212
491,1279
491,1289
491,1425
491,1591
491,1647
491,1792
491,1898
491,2015
491,2028
491,2066
491,2072
491,2119
491,2666
491,2852
491,2985
491,3191
491,3225
491,3255
491,3269
491,3479
491,3649
491,3869
492,634
492,672
492,714
492,773
492,968
492,1096
492,1112
492,1142
492,1294
492,1343
492,1413
492,1444
492,1637
492,1822
492,1915
492,2037
492,2348
492,2817
492,2967
492,3006
492,3172
492,3177
492,3341
492,3419
492,3644
492,3695
492,3742
493,528
493,534
493,615
493,631
493,666
493,783
493,819
493,865
493,946
493,1029
493,1069
493,1306
493,1367
493,1451
493,1468
493,1473
493,1811
493,1852
493,1970
493,2061
493,2083
493,2118
493,2223
493,2236
493,2250
493,2340
493,2361
493,2413
493,2522
493,2543
493,2582
493,2604
493,2904
493,3009
493,3097
493,3168
493,3172
493,3308
493,3321
493,3381
493,3400
493,3441
493,3446
493,3762
493,3971
494,532
494,607
494,608
494,661
494,662
494,684
494,714
494,719
494,732
494,768
494,916
494,918
494,919
494,941
494,1026
494,1046
494,1216
494,1318
494,1338
494,1467
494,1495
494,1581
494,1587
494,1699
494,1708
494,1773
494,1851
494,1862
494,1900
494,2010
494,2013
494,2039
494,2092
494,2120
494,2169
494,2332
494,2394
494,2614
494,2629
494,2646
494,2761
494,2776
494,2828
494,2982
494,3027
494,3221
494,3226
494,3532
494,3742
494,3803
495,530
495,567
495,612
495,626
495,656
495,666
495,668
495,894
495,997
495,1002
495,1188
495,1269
495,1406
495,1438
495,1496
495,1508
495,1600
495,1604
495,1631
495,1692
495,1813
495,1849
495,1971
495,2076
495,2120
495,2202
495,2234
495,2313
495,2338
495,2393
495,2397
495,2571
495,2660
495,2909
495,2920
495,2953
495,3133
495,3323
495,3349
495,3540
495,3600
495,3678
495,3722
495,3774
495,4025
496,573
496,590
496,609
496,616
496,621
496,635
496,658
496,747
496,758
496,763
496,778
496,849
496,1028
496,1076
496,1106
496,1219
496,1263
496,1319
496,1354
496,1413
496,1461
496,1470
496,1479
496,1731
496,1778
496,2080
496,2094
496,2348
496,2353
496,2360
496,2442
496,2522
496,2634
496,2951
496,2975
496,3039
496,3179
496,3205
496,3401
496,3465
496,3470
496,3511
496,3535
496,3778
496,3909
496,3942
496,3965
497,525
497,556
497,679
497,793
497,811
497,870
497,871
497,938
497,955
497,981
497,1001
497,1021
497,1296
497,1350
497,1374
497,1397
497,1402
497,1447
497,1487
497,1508
497,1517
497,1526
497,1726
497,1737
497,1992
497,2002
497,2005
497,2108
497,2199
497,2375
497,2386
497,2419
497,2542
497,2727
497,2915
497,2968
497,3025
497,3028
497,3053
497,3199
497,3236
497,3288
497,3291
497,3374
497,3684
497,3871
497,3899
497,3930
497,3982
498,521
498,727
498,759
498,788
498,841
498,909
498,926
498,952
498,1082
498,1185
498,1330
498,1370
498,1468
498,1565
498,1572
498,1656
498,1701
498,1890
498,1910
498,1969
498,2010
498,2087
498,2200
498,2617
498,2618
498,2653
498,2673
498,2728
498,2925
498,2946
498,2968
498,3084
498,3127
498,3154
498,3261
498,3397
498,3863
499,627
499,633
499,640
499,670
499,694
499,776
499,800
499,923
499,930
499,1077
499,1217
499,1261
499,1464
499,1509
499,1645
499,1680
499,1741
499,1894
499,1948
499,1999
499,2335
499,2675
499,2744
499,2905
499,3040
499,3154
499,3378
499,3445
499,3468
499,3617
499,3773
499,3779
499,3805
500,619
500,684
500,729
500,781
500,897
500,944
500,1071
500,1215
500,1232
500,1264
500,1272
500,1287
500,1790
500,1856
500,1932
500,2014
500,2096
500,2112
500,2141
500,2168
500,2751
500,2821
500,3049
500,3135
500,3236
500,3285
500,3293
500,3349
500,3755
501,502
501,519
501,524
501,530
501,654
501,767
501,821
501,850
501,893
501,1169
501,1300
501,1361
501,1368
501,1390
501,1393
501,1426
501,1515
501,1568
501,1611
501,1718
501,1872
501,1978
501,2058
501,2102
501,2176
501,2357
501,2418
501,2598
501,2668
501,2765
501,3172
501,3199
501,3224
501,3289
501,3346
501,3374
501,3555
501,3705
501,3981
501,3982
502,650
502,685
502,690
502,790
502,806
502,1240
502,1243
502,1319
502,1326
502,1345
502,1347
502,1412
502,1496
502,1632
502,1901
502,1905
502,1955
502,2040
502,2134
502,2148
502,2151
502,2192
502,2484
502,2516
502,2757
502,2760
502,2871
502,3064
502,3136
502,3142
502,3149
502,3264
502,3451
502,3489
502,3543
502,3559
502,3600
502,3775
502,3835
503,513
503,546
503,672
503,730
503,785
503,842
503,1010
503,1103
503,1128
503,1167
503,1304
503,1364
503,1389
503,1453
503,1496
503,1522
503,1623
503,1666
503,1737
503,1851
503,1864
503,2005
503,2241
503,2525
503,2550
503,2628
503,2646
503,2668
503,2755
503,2838
503,2917
503,2942
503,3056
503,3075
503,3086
503,3090
503,3308
503,3353
503,3377
503,3546
503,3561
503,3694
503,3696
503,3714
503,3727
503,3766
503,3770
503,3804
503,4021
504,548
504,678
504,732
504,738
504,791
504,815
504,862
504,920
504,1042
504,1068
504,1384
504,1757
504,1823
504,1926
504,2055
504,2077
504,2396
504,2407
504,2797
504,2978
504,3051
504,3373
504,3388
504,3699
504,3928
505,527
505,564
505,601
505,673
505,746
505,841
505,863
505,1000
505,1107
505,1158
505,1223
505,1241
505,1353
505,1438
505,1495
505,1687
505,1762
505,1773
505,2180
505,2277
505,2308
505,2419
505,2433
505,2608
505,3023
505,3120
505,3227
505,3368
505,3425
505,3435
505,3539
505,3540
505,3613
505,3630
505,3869
505,3974
505,3988
506,681
506,802
506,826
506,924
506,1033
506,1089
506,1225
506,1452
506,1474
506,1507
506,1672
506,1688
506,1747
506,1905
506,1960
506,2062
506,2342
506,2417
506,2745
506,2913
506,3040
506,3184
506,3365
506,3367
506,3517
506,3919
506,3967
507,532
507,536
507,593
507,621
507,631
507,705
507,731
507,771
507,786
507,834
507,919
507,1093
507,1105
507,1149
507,1250
507,1253
507,1489
507,1548
507,1573
507,1590
507,1622
507,1676
507,1735
507,1736
507,1829
507,1871
507,2419
507,2426
507,2533
507,2549
507,2572
507,2741
507,2778
507,2836
507,2993
507,3769
508,583
508,596
508,652
508,680
508,688
508,700
508,761
508,842
508,915
508,925
508,928
508,929
508,935
508,936
508,965
508,1007
508,1046
508,1057
508,1078
508,1081
508,1086
508,1097
508,1112
508,1244
508,1285
508,1411
508,1505
508,1538
508,1576
508,1689
508,1696
508,1716
508,1770
508,1839
508,1850
508,1931
508,1956
508,1997
508,2027
508,2034
508,2241
508,2294
508,2386
508,2391
508,2540
508,2655
508,2674
508,2687
508,2688
508,2743
508,2842
508,2960
508,2961
508,2971
508,3026
508,3137
508,3210
508,3255
508,3299
508,3335
508,3511
508,3579
508,3626
508,3664
508,3726
508,3762
508,3775
508,3981
509,582
509,614
509,635
509,754
509,796
509,862
509,882
509,906
509,962
509,1005
509,1041
509,1112
509,1160
509,1193
509,1262
509,1361
509,1425
509,1578
509,1749
509,1885
509,1973
509,2025
509,2324
509,2372
509,2407
509,2663
509,2833
509,2920
509,3022
509,3254
509,3274
509,3342
509,3488
509,3733
510,582
510,591
510,618
510,667
510,674
510,711
510,834
510,991
510,1002
510,1007
510,1033
510,1056
510,1118
510,1122
510,1303
510,1394
510,1472
510,1563
510,1581
510,1658
510,1742
510,1863
510,1864
510,2022
510,2062
510,2063
510,2249
510,2264
510,2462
510,2503
510,2557
510,2571
510,2774
510,2936
510,2940
510,3012
510,3070
510,3126
510,3127
510,3177
510,3205
510,3246
510,3292
510,3441
510,3571
510,3676
510,3682
510,3765
510,3792
510,3798
510,3825
510,3829
510,3848
510,4023
511,567
511,582
511,846
511,900
511,973
511,989
511,1048
511,1118
511,1131
511,1150
511,1175
511,1281
511,1349
511,1477
511,1956
511,2393
511,2747
511,2827
511,2829
511,3154
511,3225
511,3297
511,3981
512,529
512,533
512,571
512,589
512,595
512,712
512,982
512,1185
512,1239
512,1265
512,1290
512,1313
512,1415
512,1492
512,1580
512,1600
512,1630
512,1693
512,1744
512,1882
512,1937
512,2045
512,2220
512,2236
512,2239
512,2241
512,2245
512,2407
512,2488
512,2494
512,2540
512,2699
512,2790
512,2825
512,2909
512,3022
512,3460
512,3626
512,3680
512,3701
512,3713
512,3732
512,3736
512,3826
512,3827
512,4020
512,4030
513,559
513,586
513,610
513,677
513,724
513,832
513,838
513,868
513,1064
513,1184
513,1291
513,1297
513,1403
513,1459
513,1466
513,1507
513,1619
513,1755
513,1824
513,1850
513,1942
513,1959
513,1974
513,2000
513,2046
513,2411
513,2466
513,2658
513,3000
513,3149
513,3238
513,3331
514,549
514,744
514,779
514,866
514,907
514,917
514,998
514,1026
514,1035
514,1059
514,1213
514,1370
514,1675
514,1746
514,1792
514,1908
514,2027
514,2120
514,2342
514,2364
514,2452
514,2484
514,2535
514,2557
514,2786
514,2963
514,3110
514,3223
514,3280
514,3365
514,3489
514,3501
514,3977
515,716
515,736
515,763
515,766
515,773
515,807
515,830
515,880
515,911
515,980
515,982
515,1206
515,1303
515,1352
515,1403
515,1420
515,1434
515,1602
515,1662
515,1717
515,1739
515,1798
515,1809
515,2002
515,2238
515,2342
515,2456
515,2594
515,2673
515,2713
515,2911
515,2944
515,3090
515,3374
515,3501
515,3514
515,3789
515,3801
515,3857
515,3873
516,524
516,558
516,636
516,666
516,680
516,871
516,919
516,942
516,995
516,1013
516,1027
516,1081
516,1159
516,1189
516,1328
516,1544
516,1634
516,1654
516,1680
516,1753
516,1771
516,1825
516,1859
516,1942
516,2036
516,2083
516,2100
516,2310
516,2473
516,2537
516,2816
516,2972
516,3161
516,3374
516,3511
516,3744
516,3764
516,3954
517,597
517,700
517,728
517,777
517,801
517,841
517,1163
517,1224
517,1324
517,1415
517,1464
517,1565
517,1600
517,1614
517,1759
517,1867
517,1919
517,2215
517,2267
517,2451
517,2532
517,2861
517,2931
517,3080
517,3190
517,3572
517,3775
517,3848
518,727
518,863
518,914
518,1110
518,1140
518,1217
518,1270
518,1389
518,1406
518,1517
518,1537
518,1579
518,1619
518,1807
518,2039
518,2455
518,2475
518,2531
518,3166
518,3188
518,3263
518,3305
518,3396
518,3428
518,3520
518,3533
518,3758
518,3763
518,3764
518,3814
518,3851
518,3908
519,545
519,574
519,628
519,648
519,708
519,711
519,713
519,721
519,728
519,761
519,831
519,855
519,943
519,989
519,1007
519,1010
519,1125
519,1264
519,1289
519,1298
519,1407
519,1468
519,1505
519,1838
519,1852
519,2098
519,2107
519,2206
519,2300
519,2392
519,2442
519,2689
519,2856
519,2959
519,3186
519,3322
519,3555
519,3648
519,3845
519,3989
520,523
520,632
520,636
520,649
520,802
520,815
520,896
520,1026
520,1049
520,1128
520,1249
520,1360
520,1363
520,1408
520,1584
520,1708
520,1790
520,1796
520,1822
520,1918
520,1936
520,1963
520,2022
520,2148
520,2177
520,2221
520,2258
520,2398
520,2419
520,2422
520,2475
520,2481
520,2492
520,2503
520,2521
520,2623
520,2680
520,2713
520,2720
520,2796
520,2927
520,2936
520,2962
520,2971
520,3183
520,3228
520,3264
520,3337
520,3499
520,3594
520,3617
520,3758
520,3826
520,3953
521,540
521,777
521,987
521,998
521,1017
521,1026
521,1054
521,1376
521,1403
521,1455
521,1507
521,1553
521,1567
521,1581
521,1631
521,1654
521,1661
521,1669
521,1710
521,1787
521,1796
521,1808
521,2021
521,2066
521,2164
521,2406
521,2426
521,2578
521,2586
521,2639
521,3057
521,3239
521,3266
521,3350
521,3388
521,3444
521,3476
521,3743
521,3848
521,4006
522,606
522,723
522,729
522,837
522,863
522,1088
522,1167
522,1340
522,1479
522,1536
522,1670
522,1801
522,1891
522,1988
522,2021
522,2094
522,2360
522,2468
522,2475
522,2535
522,2588
522,2921
522,2984
522,3254
522,3308
522,3339
522,3630
522,3677
523,524
523,601
523,895
523,1004
523,1064
523,1153
523,1185
523,1229
523,1266
523,1327
523,1578
523,1911
523,2001
523,2078
523,2118
523,2129
523,2277
523,2364
523,2657
523,2795
523,2826
523,2834
523,3094
523,3095
523,3651
523,3745
523,4014
524,612
524,649
524,651
524,655
524,772
524,777
524,806
524,816
524,818
524,848
524,872
524,885
524,886
524,996
524,1041
524,1059
524,1074
524,1079
524,1175
524,1198
524,1206
524,1236
524,1250
524,1320
524,1476
524,1591
524,1621
524,1634
524,1835
524,1859
524,1868
524,1987
524,2013
524,2129
524,2183
524,2279
524,2360
524,2580
524,2604
524,2606
524,2756
524,2812
524,2814
524,2961
524,3063
524,3109
524,3125
524,3220
524,3230
524,3272
524,3376
524,3386
524,3414
524,3424
524,3466
524,3635
525,624
525,792
525,892
525,1063
525,1191
525,1301
525,1344
525,1359
525,1382
525,1407
525,1446
525,1526
525,1672
525,1726
525,1802
525,1974
525,2020
525,2236
525,2287
525,2301
525,2351
525,2463
525,2485
525,2500
525,2586
525,3054
525,3107
525,3338
525,3408
525,3446
525,3560
525,3920
526,587
526,685
526,695
526,850
526,926
526,1024
526,1140
526,1177
526,1194
526,1231
526,1250
526,1284
526,1288
526,1383
526,1797
526,1860
526,2013
526,2093
526,2140
526,2298
526,2315
526,2365
526,2378
526,2474
526,2535
526,2557
526,2614
526,2656
526,2721
526,2745
526,2767
526,2788
526,2988
526,3222
526,3303
526,3402
526,3528
526,3930
527,553
527,557
527,561
527,572
527,573
527,775
527,918
527,1014
527,1069
527,1079
527,1313
527,1393
527,1514
527,1879
527,1957
527,2106
527,2384
527,2492
527,2868
527,2927
527,3006
527,3015
527,3219
527,3224
527,3324
527,3532
527,3640
527,3712
527,3713
527,3723
527,3738
527,3891
527,3968
527,3999
528,718
528,719
528,761
528,808
528,849
528,903
528,912
528,945
528,962
528,1032
528,1115
528,1123
528,1216
528,1228
528,1234
528,1270
528,1345
528,1524
528,1672
528,1718
528,1729
528,1910
528,1982
528,2181
528,2197
528,2293
528,2297
528,2428
528,2621
528,2655
528,2901
528,3086
528,3218
528,3301
528,3312
528,3389
528,3448
528,3677
528,3683
528,3769
528,3965
528,3967
528,3993
529,580
529,641
529,671
529,743
529,760
529,787
529,865
529,1314
529,1406
529,1442
529,1467
529,1498
529,1536
529,1572
529,1861
529,1908
529,1910
529,2049
529,2054
529,2132
529,2297
529,2314
529,2354
529,2496
529,2512
529,2555
529,2684
529,2685
529,2770
529,2814
529,3169
529,3378
529,3437
529,3497
529,3831
530,561
530,667
530,732
530,750
530,752
530,802
530,814
530,874
530,958
530,1012
530,1015
530,1025
530,1028
530,1032
530,1114
530,1119
530,1155
530,1305
530,1320
530,1346
530,1432
530,1527
530,1542
530,1551
530,1567
530,1587
530,1624
530,1707
530,1735
530,1914
530,2127
530,2154
530,2347
530,2427
530,2502
530,2520
530,2590
530,2605
530,2667
530,2717
530,2958
530,3013
530,3057
530,3197
530,3240
530,3278
530,3282
530,3424
530,3430
530,3498
530,3523
530,3590
530,3668
530,3704
530,3787
530,3792
530,3825
530,3837
530,3844
530,3874
530,4023
531,591
531,647
531,669
531,687
531,758
531,778
531,821
531,849
531,938
531,970
531,990
531,1015
531,1044
531,1143
531,1208
531,1304
531,1479
531,1624
531,1753
531,2024
531,2087
531,2277
531,2349
531,2409
531,2589
531,2650
531,2655
531,2703
531,2906
531,2973
531,2982
531,3011
531,3299
531,3349
531,3526
531,3745
531,3764
531,3877
531,3975
532,555
532,558
532,651
532,672
532,724
532,843
532,885
532,933
532,1059
532,1102
532,1281
532,1560
532,1717
532,1850
532,1948
532,1990
532,2034
532,2042
532,2052
532,2125
532,2342
532,2423
532,2711
532,3129
532,3214
532,3216
532,3407
532,3459
533,534
533,537
533,611
533,640
533,666
533,686
533,792
533,801
533,968
533,1023
533,1093
533,1247
533,1489
533,1537
533,1552
533,1555
533,1607
533,1629
533,1677
533,1681
533,1775
533,1779
533,1824
533,1831
533,2000
533,2110
533,2119
533,2262
533,2288
533,2347
533,2362
533,2386
533,2406
533,2607
533,2675
533,2717
533,2777
533,2909
533,2925
533,2990
533,3089
533,3099
533,3146
533,3151
533,3190
533,3395
533,3462
533,3481
533,3630
533,3773
534,539
534,544
534,637
534,781
534,855
534,856
534,1011
534,1103
534,1194
534,1274
534,1404
534,1417
534,1433
534,1483
534,1716
534,1964
534,1987
534,1992
534,2169
534,2235
534,2313
534,2530
534,2816
534,2828
534,2933
534,2967
534,2973
534,3028
534,3177
534,3192
535,599
535,681
535,694
535,780
535,781
535,841
535,861
535,900
535,922
535,1099
535,1145
535,1394
535,1449
535,1457
535,1525
535,1553
535,1617
535,1769
535,1924
535,2011
535,2076
535,2157
535,2243
535,2279
535,2331
535,2480
535,2573
535,2597
535,2651
535,2756
535,2984
535,3169
535,3383
535,3408
535,3427
535,3508
535,3546
535,3654
535,3668
535,3700
535,3732
535,3876
535,3971
535,4014
536,725
536,970
536,1561
536,1567
536,1743
536,1752
536,1763
536,1962
536,2204
536,2458
536,2703
536,2776
536,2809
536,3019
536,3041
536,3101
536,3266
536,3315
536,3320
536,3392
536,3570
536,3617
536,3766
536,3786
536,4003
537,699
537,762
537,778
537,990
537,1004
537,1040
537,1107
537,1250
537,1274
537,1325
537,1367
537,1384
537,1557
537,1715
537,1864
537,1977
537,2165
537,2309
537,2398
537,2529
537,2716
537,2850
537,3014
537,3033
537,3084
537,3090
537,3109
537,3217
537,3404
537,3509
538,562
538,626
538,672
538,674
538,719
538,765
538,800
538,831
538,907
538,930
538,967
538,996
538,1001
538,1047
538,1065
538,1104
538,1193
538,1208
538,1294
538,1326
538,1329
538,1353
538,1412
538,1420
538,1569
538,1575
538,1585
538,1724
538,1733
538,1833
538,1869
538,2041
538,2080
538,2179
538,2478
538,2492
538,2546
538,2563
538,2774
538,2783
538,2850
538,3070
538,3420
538,3426
538,3438
538,3474
538,3525
538,3701
539,546
539,580
539,631
539,633
539,676
539,707
539,738
539,764
539,1051
539,1057
539,1099
539,1105
539,1245
539,1351
539,1464
539,1490
539,1517
539,1526
539,1675
539,1766
539,1821
539,1875
539,1935
539,1938
539,1947
539,2079
539,2265
539,2385
539,2411
539,2470
539,2539
539,2813
539,2845
539,2855
539,2862
539,2916
539,3039
539,3097
539,3103
539,3122
539,3205
539,3212
539,3322
539,3586
539,3611
539,3645
540,543
540,637
540,747
540,823
540,917
540,931
540,1000
540,1003
540,1246
540,1402
540,1474
540,1531
540,1599
540,1712
540,1753
540,1814
540,1915
540,2019
540,2080
540,2262
540,2267
540,2521
540,2563
540,2575
540,2589
540,2695
540,2751
540,2809
540,2840
540,2866
540,2922
540,3017
540,3055
540,3445
540,3583
540,3619
540,3782
540,3934
540,4037
541,568
541,571
541,583
541,645
541,663
541,808
541,866
541,867
541,889
541,896
541,943
541,1049
541,1133
541,1226
541,1255
541,1289
541,1384
541,1472
541,1475
541,1489
541,1490
541,1545
541,1637
541,1686
541,1723
541,2001
541,2185
541,2190
541,2249
541,2292
541,2336
541,2392
541,2396
541,2469
541,2558
541,2570
541,2662
541,2879
541,2914
541,2932
541,2968
541,2994
541,3030
541,3181
541,3230
541,3239
541,3355
541,3528
541,3608
541,3621
542,551
542,622
542,675
542,695
542,732
542,758
542,1053
542,1122
542,1164
542,1270
542,1424
542,1469
542,1480
542,1501
542,1512
542,1562
542,1564
542,1675
542,2118
542,2173
542,2178
542,2180
542,2220
542,2291
542,2672
542,2760
542,2776
542,2783
542,2790
542,2913
542,3360
542,3512
542,3606
542,3685
542,3899
542,3979
542,3990
542,4015
543,552
543,970
543,1219
543,1291
543,1361
543,1607
543,1678
543,1966
543,2055
543,2083
543,2099
543,2609
543,2792
543,2917
543,3228
543,3354
543,3366
543,3455
543,3457
543,3481
543,3687
543,3881
544,557
544,641
544,741
544,755
544,803
544,805
544,1012
544,1019
544,1035
544,1150
544,1161
544,1165
544,1217
544,1259
544,1499
544,1545
544,1693
544,1759
544,1879
544,1906
544,2041
544,2233
544,2511
544,2816
544,2843
544,2846
544,3009
544,3048
544,3073
544,3143
544,3221
544,3388
544,3545
544,3612
544,3618
544,3645
544,3769
545,576
545,578
545,616
545,658
545,659
545,739
545,778
545,805
545,996
545,1065
545,1111
545,1273
545,1541
545,1745
545,1902
545,2174
545,2196
545,2428
545,2462
545,2639
545,3027
545,3073
545,3134
545,3243
545,3347
545,3897
546,611
546,613
546,690
546,791
546,998
546,1036
546,1048
546,1091
546,1179
546,1210
546,1257
546,1271
546,1294
546,1311
546,1332
546,1460
546,1568
546,1645
546,2095
546,2404
546,2467
546,2507
546,2510
546,2724
546,3226
546,3274
546,3288
546,3319
546,3361
546,3574
546,3793
546,3855
547,552
547,569
547,599
547,630
547,634
547,639
547,648
547,770
547,783
547,787
547,911
547,1051
547,1068
547,1109
547,1144
547,1284
547,1321
547,1334
547,1421
547,1443
547,1513
547,1575
547,1895
547,1945
547,1977
547,2148
547,2282
547,2288
547,2611
547,2651
547,2843
547,2852
547,2884
547,2961
547,3017
547,3073
547,3111
547,3336
547,3345
547,3553
547,3886
547,4018
548,654
548,734
548,747
548,754
548,819
548,973
548,1011
548,1020
548,1040
548,1306
548,1328
548,1356
548,1611
548,1669
548,1709
548,1753
548,1793
548,2012
548,2135
548,2278
548,2316
548,2356
548,2360
548,2405
548,2463
548,2697
548,3110
548,3280
548,3500
548,3524
548,3584
548,3667
548,3694
548,3695
548,3984
548,4009
549,571
549,622
549,721
549,728
549,741
549,910
549,1038
549,1216
549,1344
549,1386
549,1498
549,1543
549,1689
549,1707
549,2118
549,2261
549,2285
549,2460
549,2639
549,2906
549,3034
549,3217
549,3853
550,555
550,608
550,725
550,755
550,761
550,876
550,881
550,909
550,1072
550,1256
550,1350
550,1429
550,1470
550,1523
550,1794
550,1873
550,1895
550,2017
550,2042
550,2072
550,2110
550,2289
550,2319
550,2471
550,2521
550,2581
550,2725
550,3122
550,3334
550,3365
550,3379
550,3499
550,3570
550,3623
550,3931
551,598
551,631
551,695
551,736
551,779
551,888
551,908
551,941
551,956
551,1002
551,1058
551,1161
551,1232
551,1356
551,1438
551,1525
551,1568
551,1589
551,1616
551,1629
551,1694
551,1773
551,1881
551,1905
551,1918
551,1934
551,2060
551,2127
551,2138
551,2158
551,2174
551,2188
551,2335
551,2366
551,2378
551,2496
551,2625
551,2752
551,3094
551,3177
551,3201
551,3233
551,3299
551,3394
551,3646
551,3785
551,3831
552,562
552,594
552,670
552,717
552,728
552,759
552,848
552,898
552,1030
552,1059
552,1109
552,1113
552,1168
552,1319
552,1327
552,1379
552,1463
552,1596
552,1626
552,1690
552,1818
552,1882
552,2156
552,2169
552,2250
552,2296
552,2376
552,2470
552,2643
552,2679
552,2686
552,2825
552,2927
552,3502
552,3807
553,676
553,759
553,792
553,863
553,866
553,908
553,1033
553,1125
553,1126
553,1140
553,1168
553,1349
553,1595
553,1678
553,1917
553,1936
553,1942
553,1971
553,2056
553,2152
553,2246
553,2582
553,2674
553,2799
553,2836
553,3124
553,3196
553,3242
553,3243
553,3298
553,3616
553,3665
553,3699
553,3755
553,4027
554,570
554,625
554,804
554,809
554,958
554,1045
554,1053
554,1176
554,1206
554,1366
554,1422
554,1493
554,1623
554,2028
554,2114
554,2121
554,2157
554,2230
554,2611
554,2824
554,2827
554,3010
554,3316
554,3462
554,3520
554,3581
554,3678
555,564
555,673
555,690
555,817
555,969
555,986
555,1092
555,1108
555,1158
555,1202
555,1230
555,1320
555,1430
555,1518
555,1663
555,1806
555,1829
555,1913
555,1996
555,2072
555,2160
555,2280
555,2302
555,2651
555,2654
555,2789
555,2794
555,2888
555,2952
555,2960
555,2975
555,3078
555,3277
555,3824
555,3844
555,3998
556,592
556,614
556,633
556,730
556,936
556,1004
556,1017
556,1132
556,1145
556,1230
556,1405
556,1422
556,1429
556,1465
556,1539
556,1775
556,1831
556,2006
556,2023
556,2059
556,2134
556,2322
556,2351
556,2794
556,2825
556,2848
556,2957
556,2994
556,2999
556,3041
556,3081
556,3094
556,3183
556,3221
556,3255
556,3326
556,3377
556,3484
556,3504
556,3588
556,3860
556,3952
556,3967
556,3983
557,565
557,570
557,587
557,1068
557,1706
557,1857
557,1889
557,2005
557,2112
557,2127
557,2292
557,2449
557,2579
557,2930
557,3190
557,3766
557,3851
558,791
558,801
558,910
558,959
558,1026
558,1059
558,1139
558,1362
558,1379
558,1542
558,1666
558,1723
558,1792
558,1877
558,1882
558,2451
558,2564
558,2573
558,2754
558,3015
558,3107
558,3198
558,3550
558,3596
558,3635
558,3741
558,3830
559,600
559,613
559,616
559,636
559,671
559,674
559,681
559,734
559,795
559,828
559,854
559,885
559,917
559,942
559,1183
559,1348
559,1366
559,1462
559,1471
559,1500
559,1511
559,1523
559,1541
559,1563
559,2103
559,2561
559,2708
559,2913
559,3159
559,3179
559,3189
559,3201
559,3326
559,3377
559,3397
559,3432
559,3444
559,3505
559,3618
559,3881
559,4021
560,579
560,600
560,608
560,644
560,812
560,893
560,937
560,975
560,1021
560,1166
560,1188
560,1334
560,1407
560,1476
560,1520
560,1601
560,1638
560,1724
560,1912
560,1949
560,1958
560,1997
560,2088
560,2139
560,2159
560,2210
560,2277
560,2402
560,2476
560,2562
560,2579
560,2743
560,2809
560,2965
560,3406
560,3417
560,3464
561,584
561,704
561,766
561,775
561,853
561,1186
561,1218
561,1533
561,1545
561,1624
561,1676
561,1763
561,1833
561,1907
561,2451
561,2554
561,2651
561,2745
561,2984
561,3512
561,3785
561,3790
561,3833
562,587
562,594
562,672
562,723
562,773
562,835
562,923
562,938
562,986
562,1007
562,1156
562,1542
562,1599
562,1689
562,1692
562,1832
562,1960
562,2019
562,2181
562,2217
562,2359
562,2654
562,3244
562,3271
562,3323
562,3764
562,3770
563,606
563,618
563,654
563,743
563,770
563,788
563,852
563,888
563,914
563,918
563,926
563,960
563,1037
563,1078
563,1273
563,1290
563,1376
563,1381
563,1414
563,1575
563,1707
563,1727
563,1891
563,1967
563,1999
563,2142
563,2151
563,2453
563,2533
563,2646
563,2679
563,2829
563,3376
563,3485
563,3783
563,3890
563,3987
563,4017
563,4028
564,632
564,636
564,679
564,731
564,746
564,786
564,819
564,891
564,928
564,1254
564,1267
564,1445
564,1475
564,1539
564,1633
564,1787
564,1788
564,2087
564,2104
564,2126
564,2138
564,2189
564,2201
564,2271
564,2295
564,2811
564,3021
564,3082
564,3097
564,3381
564,3521
564,3603
564,3851
564,3903
564,3969
564,4014
565,575
565,649
565,712
565,727
565,745
565,776
565,801
565,905
565,1065
565,1083
565,1205
565,1226
565,1294
565,1408
565,1509
565,1753
565,1775
565,1813
565,1887
565,1956
565,1957
565,2033
565,2105
565,2163
565,2189
565,2307
565,2335
565,2416
565,2442
565,2677
565,2778
565,2840
565,2873
565,3470
565,3486
565,3544
565,3624
565,3648
565,3680
565,3824
565,3905
566,605
566,726
566,783
566,913
566,958
566,1024
566,1025
566,1275
566,1343
566,1406
566,1462
566,1834
566,1917
566,1938
566,1990
566,2017
566,2188
566,2331
566,2389
566,2576
566,2581
566,2669
566,2916
566,2941
566,3023
566,3102
566,3124
566,3193
566,3745
566,3855
567,571
567,572
567,595
567,596
567,616
567,622
567,652
567,657
567,698
567,745
567,781
567,887
567,921
567,941
567,989
567,1120
567,1178
567,1191
567,1360
567,1417
567,1515
567,1637
567,1723
567,1754
567,1829
567,1838
567,1982
567,2055
567,2077
567,2136
567,2227
567,2460
567,2500
567,2564
567,2635
567,2657
567,2710
567,2716
567,2765
567,2791
567,2903
567,3123
567,3231
567,3503
567,3596
567,3598
567,3662
567,3673
567,3958
567,3973
568,578
568,595
568,665
568,697
568,826
568,990
568,1251
568,1256
568,1407
568,1515
568,1628
568,1958
568,1976
568,2012
568,2017
568,2136
568,2255
568,2912
568,2975
568,3063
568,3590
568,3649
568,3773
568,3920
569,583
569,587
569,606
569,837
569,884
569,1235
569,1245
569,1325
569,1346
569,1387
569,1439
569,1444
569,1445
569,1600
569,1681
569,1842
569,1886
569,2003
569,2259
569,2475
569,2520
569,2541
569,2629
569,2669
569,2802
569,2950
569,3040
569,3503
569,3659
570,761
570,809
570,878
570,880
570,897
570,939
570,971
570,987
570,1020
570,1030
570,1044
570,1183
570,1223
570,1352
570,1401
570,1432
570,1450
570,1513
570,1527
570,1539
570,1854
570,1855
570,1912
570,2073
570,2460
570,2510
570,2886
570,3040
570,3358
570,3386
570,3428
570,3785
570,3848
570,3856
570,3960
571,580
571,639
571,766
571,825
571,879
571,913
571,1406
571,1532
571,1591
571,1603
571,1875
571,1972
571,2262
571,2331
571,2512
571,2648
571,2874
571,2913
571,3389
571,3438
571,3508
571,3559
571,3662
571,3668
571,3760
571,3815
571,3833
571,4016
572,578
572,622
572,681
572,696
572,699
572,707
572,723
572,733
572,757
572,908
572,1025
572,1187
572,1230
572,1380
572,1394
572,1465
572,1494
572,1520
572,1543
572,1865
572,1885
572,1897
572,1992
572,2006
572,2218
572,2261
572,2307
572,2347
572,2515
572,2680
572,2791
572,2796
572,2800
572,2819
572,2894
572,3007
572,3107
572,3221
572,3535
572,3567
572,3641
572,3939
573,600
573,704
573,733
573,768
573,777
573,782
573,836
573,843
573,889
573,1009
573,1057
573,1099
573,1120
573,1192
573,1270
573,1456
573,1670
573,1784
573,1918
573,2061
573,2077
573,2093
573,2293
573,2319
573,2602
573,2678
573,2957
573,3146
573,3158
573,3564
573,3572
573,3589
573,3602
573,3628
573,3922
574,584
574,594
574,621
574,653
574,708
574,779
574,800
574,831
574,983
574,986
574,1000
574,1028
574,1052
574,1060
574,1075
574,1135
574,1171
574,1196
574,1286
574,1288
574,1292
574,1308
574,1421
574,1448
574,1468
574,1472
574,1532
574,1542
574,1579
574,1604
574,1628
574,1649
574,1744
574,1819
574,1837
574,1866
574,1875
574,1976
574,2223
574,2261
574,2267
574,2284
574,2326
574,2397
574,2418
574,2466
574,2521
574,2541
574,2668
574,2675
574,2725
574,3002
574,3094
574,3220
574,3282
574,3393
574,3480
574,3517
574,3541
574,3595
574,3747
574,3751
574,3761
574,3861
574,3979
575,617
575,676
575,811
575,877
575,992
575,1209
575,1277
575,1504
575,1557
575,1563
575,1589
575,1661
575,1708
575,1753
575,1775
575,1787
575,1936
575,2219
575,2434
575,2523
575,2849
575,2856
575,3201
575,3269
575,3381
575,3479
575,3515
575,3885
575,4011
576,689
576,715
576,718
576,850
576,919
576,964
576,968
576,1066
576,1080
576,1101
576,1104
576,1191
576,1211
576,1371
576,1375
576,1540
576,1574
576,1718
576,1732
576,1778
576,1794
576,1822
576,1849
576,1875
576,1898
576,1977
576,2027
576,2178
576,2318
576,2422
576,2430
576,2548
576,2570
576,2815
576,2821
576,3321
576,3491
576,3534
576,3635
576,3690
576,3768
576,3802
576,3914
577,679
577,800
577,821
577,843
577,976
577,988
577,992
577,1047
577,1110
577,1137
577,1219
577,1233
577,1412
577,1433
577,1469
577,1498
577,1500
577,1571
577,1675
577,1688
577,1754
577,1815
577,1839
577,1913
577,1989
577,2078
577,2363
577,2396
577,2762
577,2824
577,2838
577,2983
577,3019
577,3255
577,3407
577,3492
577,3511
577,3556
577,3567
577,3602
577,3606
577,3720
577,3731
577,3747
577,3856
577,3966
578,581
578,632
578,639
578,695
578,696
578,720
578,757
578,813
578,879
578,951
578,1004
578,1025
578,1085
578,1121
578,1164
578,1181
578,1203
578,1254
578,1366
578,1377
578,1431
578,1436
578,1538
578,1562
578,1871
578,1977
578,1998
578,2021
578,2127
578,2204
578,2583
578,2697
578,2710
578,2834
578,2922
578,3035
578,3232
578,3361
578,3508
578,3686
578,3774
578,4029
579,623
579,658
579,671
579,711
579,794
579,868
579,889
579,911
579,1214
579,1292
579,1294
579,1585
579,1622
579,1636
579,1699
579,1843
579,1987
579,2017
579,2046
579,2080
579,2289
579,2307
579,2407
579,2415
579,2426
579,2457
579,2607
579,2633
579,2637
579,2806
579,2834
579,3019
579,3179
579,3244
579,3266
579,3338
579,3420
579,3532
579,3754
579,3763
579,3809
580,634
580,777
580,790
580,816
580,896
580,965
580,1156
580,1219
580,1234
580,1287
580,1443
580,1568
580,1601
580,1776
580,1845
580,1875
580,1882
580,1902
580,2090
580,2150
580,2479
580,2652
580,2848
580,2956
580,3035
580,3120
580,3177
580,3210
580,3238
580,3263
580,3343
580,3852
581,646
581,650
581,664
581,698
581,748
581,828
581,853
581,890
581,1044
581,1073
581,1144
581,1285
581,1352
581,1539
581,1547
581,1565
581,1566
581,1603
581,1607
581,1634
581,1669
581,1751
581,1793
581,1989
581,1999
581,2075
581,2308
581,2447
581,2494
581,2574
581,2594
581,2650
581,2685
581,2886
581,3026
581,3203
581,3240
581,3263
581,3278
581,3461
581,3643
581,3698
581,3809
581,3814
581,3960
581,4022
582,817
582,825
582,955
582,961
582,965
582,1106
582,1186
582,1432
582,1541
582,1651
582,1657
582,1747
582,1750
582,1848
582,1912
582,1934
582,1936
582,2090
582,2139
582,2250
582,2266
582,2493
582,2525
582,2528
582,2605
582,2658
582,2670
582,2714
582,2779
582,3273
582,3545
582,3712
582,3874
582,3982
583,586
583,684
583,724
583,745
583,754
583,879
583,883
583,922
583,923
583,986
583,1022
583,1040
583,1150
583,1183
583,1190
583,1280
583,1316
583,1335
583,1358
583,1362
583,1398
583,1405
583,1420
583,1483
583,1537
583,1551
583,1625
583,1669
583,1743
583,1777
583,1807
583,1879
583,1886
583,1905
583,1991
583,1994
583,2059
583,2064
583,2079
583,2081
583,2183
583,2227
583,2250
583,2276
583,2283
583,2292
583,2337
583,2373
583,2643
583,2743
583,3210
583,3311
583,3355
583,3376
583,3439
583,3564
583,3640
583,3643
583,3809
583,3851
583,3887
583,3899
583,3948
583,4005
584,639
584,684
584,821
584,832
584,874
584,875
584,984
584,1015
584,1103
584,1127
584,1306
584,1366
584,1375
584,1418
584,1762
584,1772
584,1909
584,1922
584,1997
584,2059
584,2116
584,2338
584,2471
584,2570
584,2744
584,2783
584,2975
584,3175
584,3438
584,3476
584,3485
584,3530
584,3622
584,3705
584,3962
585,586
585,602
585,622
585,667
585,674
585,706
585,735
585,755
585,1167
585,1230
585,1281
585,1306
585,1325
585,1392
585,1438
585,1674
585,1888
585,2093
585,2113
585,2166
585,2235
585,2458
585,2481
585,2670
585,2676
585,2705
585,2894
585,2952
585,3012
585,3048
585,3109
585,3150
585,3309
585,3423
585,3478
585,3529
585,3638
585,3830
585,4000
585,4023
586,725
586,873
586,982
586,995
586,1124
586,1502
586,1598
586,1674
586,1808
586,1817
586,1911
586,1992
586,1999
586,2022
586,2033
586,2123
586,2142
586,2182
586,2244
586,2302
586,2519
586,2563
586,2760
586,2892
586,2954
586,2967
586,2987
586,3357
586,3427
586,3821
586,3930
587,630
587,654
587,713
587,777
587,805
587,806
587,863
587,900
587,946
587,1069
587,1126
587,1292
587,1295
587,1367
587,1441
587,1475
587,1501
587,1506
587,1544
587,1576
587,1635
587,1643
587,1654
587,1864
587,1907
587,1984
587,2226
587,2341
587,2383
587,2424
587,2451
587,2513
587,2803
587,2920
587,3014
587,3031
587,3043
587,3122
587,3260
587,3382
587,3589
588,636
588,659
588,675
588,764
588,777
588,809
588,908
588,935
588,948
588,1141
588,1245
588,1261
588,1363
588,1401
588,1506
588,1558
588,1623
588,1678
588,1697
588,1781
588,1826
588,1863
588,1916
588,1948
588,2007
588,2034
588,2070
588,2236
588,2246
588,2257
588,2268
588,2305
588,2318
588,2412
588,2426
588,2458
588,2486
588,2554
588,2723
588,2918
588,3023
588,3088
588,3128
588,3291
588,3303
588,3317
588,3325
588,3429
588,3503
588,3521
588,3522
588,3678
588,3716
588,3717
588,3769
588,3805
588,3872
589,594
589,616
589,690
589,707
589,709
589,765
589,768
589,772
589,962
589,966
589,978
589,1028
589,1038
589,1258
589,1334
589,1369
589,1391
589,1454
589,1455
589,1555
589,1744
589,1796
589,1806
589,1810
589,1856
589,2014
589,2064
589,2086
589,2111
589,2346
589,2350
589,2352
589,2467
589,2504
589,2537
589,2556
589,2621
589,2661
589,2983
589,3182
589,3208
589,3228
589,3371
589,3417
589,3421
589,3730
589,3794
589,3943
590,610
590,729
590,755
590,886
590,946
590,947
590,1013
590,1162
590,1418
590,1522
590,1595
590,1604
590,1638
590,1712
590,1953
590,2152
590,2160
590,2643
590,2705
590,3112
590,3574
590,3682
590,3796
590,3878
590,3947
590,4007
591,664
591,828
591,894
591,918
591,924
591,932
591,933
591,997
591,1073
591,1138
591,1162
591,1179
591,1272
591,1277
591,1318
591,1321
591,1429
591,1547
591,1561
591,1629
591,1728
591,1853
591,1861
591,1935
591,1988
591,2024
591,2171
591,2215
591,2246
591,2505
591,2744
591,2766
591,2851
591,2896
591,3027
591,3075
591,3197
591,3228
591,3248
591,3336
591,3366
591,3502
591,3803
591,3824
591,3957
591,3995
591,4038
592,628
592,638
592,687
592,688
592,744
592,819
592,920
592,1020
592,1142
592,1186
592,1189
592,1211
592,1343
592,1391
592,1442
592,1446
592,1552
592,1583
592,1649
592,1671
592,1928
592,1942
592,2091
592,2196
592,2272
592,2301
592,2307
592,2382
592,2546
592,2692
592,2746
592,2814
592,3158
592,3159
592,3235
592,3272
592,3327
592,3726
593,596
593,619
593,620
593,649
593,700
593,805
593,832
593,884
593,955
593,963
593,981
593,1009
593,1132
593,1195
593,1210
593,1259
593,1265
593,1333
593,1362
593,1493
593,1546
593,1614
593,1658
593,1820
593,1828
593,1830
593,2085
593,2422
593,2528
593,2637
593,2712
593,2723
593,2768
593,2912
593,2933
593,2966
593,3060
593,3121
593,3284
593,3301
593,3421
593,3426
593,3441
593,3458
593,3468
593,3620
593,3705
593,3711
593,3746
593,3762
593,3795
594,673
594,766
594,821
594,861
594,898
594,909
594,962
594,1040
594,1092
594,1152
594,1179
594,1218
594,1251
594,1316
594,1358
594,1367
594,1480
594,1503
594,1610
594,1663
594,1672
594,1729
594,1748
594,1814
594,2085
594,2228
594,2245
594,2316
594,2406
594,2578
594,2616
594,2691
594,2756
594,2785
594,2951
594,3103
594,3281
594,3404
594,3553
594,3590
594,3795
594,4020
595,631
595,666
595,756
595,988
595,1022
595,1042
595,1069
595,1087
595,1090
595,1172
595,1174
595,1236
595,1267
595,1289
595,1327
595,1433
595,1451
595,1534
595,1544
595,1575
595,1617
595,1625
595,1644
595,1671
595,1871
595,1950
595,2079
595,2166
595,2280
595,2381
595,2433
595,2455
595,2528
595,2929
595,3024
595,3134
595,3427
595,3929
595,4030
596,611
596,628
596,716
596,724
596,750
596,772
596,920
596,956
596,970
596,976
596,980
596,1108
596,1125
596,1444
596,1567
596,1589
596,1642
596,1702
596,1733
596,1782
596,1796
596,1861
596,1873
596,1903
596,1985
596,2135
596,2198
596,2266
596,2365
596,2539
596,2602
596,2763
596,2765
596,3032
596,3034
596,3092
596,3255
596,3452
596,3560
596,3682
596,3720
596,3752
596,3796
596,4033
597,601
597,642
597,648
597,701
597,817
597,820
597,830
597,974
597,1026
597,1087
597,1320
597,1356
597,1388
597,1569
597,1588
597,1590
597,1672
597,1698
597,1816
597,1868
597,2028
597,2088
597,2145
597,2158
597,2187
597,2272
597,2278
597,2425
597,2483
597,2742
597,2852
597,2979
597,3035
597,3068
597,3070
597,3463
597,3482
597,3616
597,3638
597,3689
597,3707
597,3721
597,3741
597,3845
597,4007
598,745
598,808
598,850
598,896
598,936
598,1020
598,1239
598,1480
598,1573
598,1577
598,1706
598,1761
598,1833
598,1866
598,1867
598,1955
598,2383
598,2535
598,2589
598,2600
598,2644
598,2730
598,2751
598,2966
598,3116
598,3156
598,3198
598,3351
598,3531
598,3545
598,3592
598,3659
598,3814
598,3838
598,3903
599,647
599,718
599,804
599,811
599,821
599,848
599,903
599,930
599,1000
599,1005
599,1060
599,1072
599,1111
599,1174
599,1224
599,1296
599,1316
599,1317
599,1341
599,1438
599,1443
599,1465
599,1466
599,1510
599,1514
599,1529
599,1643
599,1650
599,1984
599,2053
599,2110
599,2206
599,2251
599,2255
599,2462
599,2509
599,2541
599,2650
599,2765
599,2803
599,2952
599,2977
599,3112
599,3127
599,3332
599,3354
599,3487
599,3513
599,3525
599,3541
599,3571
599,3622
599,3643
599,3858
599,3921
599,3947
600,606
600,684
600,699
600,769
600,770
600,794
600,796
600,817
600,856
600,985
600,1057
600,1081
600,1117
600,1154
600,1225
600,1230
600,1389
600,1403
600,1420
600,1427
600,1467
600,1555
600,1556
600,2074
600,2401
600,2498
600,2510
600,2537
600,2672
600,2737
600,2999
600,3026
600,3194
600,3340
600,3507
600,3825
600,4001
601,660
601,687
601,849
601,858
601,882
601,896
601,912
601,927
601,1005
601,1037
601,1047
601,1226
601,1239
601,1286
601,1291
601,1310
601,1326
601,1364
601,1371
601,1423
601,1462
601,1534
601,1559
601,1584
601,1622
601,1641
601,1652
601,1693
601,1701
601,1835
601,1844
601,1960
601,2079
601,2117
601,2376
601,2413
601,2540
601,2615
601,2625
601,2629
601,2638
601,2645
601,2657
601,2735
601,2789
601,2871
601,2929
601,2969
601,3024
601,3063
601,3133
601,3320
601,3331
601,3461
601,3527
601,3580
601,3847
601,3885
601,3998
601,4018
602,613
602,688
602,719
602,879
602,983
602,1116
602,1137
602,1141
602,1227
602,1281
602,1320
602,1471
602,1998
602,2038
602,2149
602,2203
602,2205
602,2260
602,2372
602,2378
602,2476
602,2593
602,2741
602,3378
602,3599
602,3675
602,3928
602,3957
602,3994
602,4020
603,653
603,683
603,692
603,699
603,705
603,728
603,733
603,763
603,810
603,844
603,860
603,877
603,887
603,896
603,898
603,908
603,1142
603,1162
603,1179
603,1322
603,1338
603,1360
603,1405
603,1807
603,2027
603,2030
603,2267
603,2345
603,2379
603,2380
603,2417
603,2462
603,2469
603,2535
603,2547
603,2561
603,2615
603,2747
603,2876
603,3121
603,3167
603,3338
603,3452
603,3512
603,3661
603,3842
603,3988
604,611
604,767
604,784
604,911
604,913
604,1007
604,1118
604,1317
604,1483
604,1530
604,1566
604,1603
604,1678
604,1699
604,1727
604,1802
604,2084
604,2340
604,2775
604,2860
604,2886
604,3459
604,3554
605,616
605,696
605,732
605,753
605,884
605,979
605,1020
605,1029
605,1165
605,1219
605,1235
605,1252
605,1284
605,1301
605,1412
605,1599
605,1718
605,1869
605,1978
605,1988
605,2123
605,2260
605,2663
605,2686
605,2695
605,2771
605,2907
605,2957
605,2993
605,3194
605,3217
605,3248
605,3643
605,3700
605,3733
605,3752
605,3986
605,3992
606,653
606,795
606,924
606,1003
606,1006
606,1009
606,1097
606,1843
606,1846
606,1891
606,2037
606,2099
606,2137
606,2361
606,2487
606,2636
606,2658
606,3185
606,3486
606,3631
606,3785
606,3876
606,3917
607,708
607,722
607,756
607,814
607,825
607,839
607,905
607,911
607,1020
607,1051
607,1102
607,1192
607,1286
607,1305
607,1320
607,1370
607,1385
607,1494
607,1569
607,1656
607,1672
607,1779
607,1841
607,1953
607,1963
607,2042
607,2102
607,2187
607,2307
607,2334
607,2386
607,2676
607,2693
607,2695
607,2790
607,2872
607,2919
607,2931
607,3030
607,3088
607,3109
607,3194
607,3328
607,3674
607,3859
608,680
608,730
608,826
608,911
608,1021
608,1381
608,1417
608,1488
608,1526
608,1667
608,1845
608,1864
608,1898
608,1975
608,2930
608,3061
608,3120
608,3170
608,3220
608,3383
608,3517
608,3655
608,3665
608,3709
608,3912
609,631
609,679
609,781
609,812
609,857
609,870
609,881
609,914
609,915
609,961
609,962
609,980
609,1044
609,1097
609,1121
609,1452
609,1458
609,1547
609,1610
609,1664
609,1698
609,1777
609,1828
609,1860
609,2007
609,2021
609,2024
609,2163
609,2193
609,2195
609,2208
609,2297
609,2300
609,2338
609,2449
609,2456
609,2541
609,2559
609,2646
609,2738
609,2740
609,2761
609,2768
609,2778
609,2807
609,2854
609,2906
609,2974
609,3076
609,3093
609,3113
609,3180
609,3466
609,3627
609,3694
609,3766
609,3883
610,661
610,957
610,1010
610,1179
610,1202
610,1390
610,1452
610,1495
610,1627
610,1788
610,1824
610,1963
610,2260
610,2515
610,2863
610,3323
610,3391
610,3516
610,3553
610,3893
611,673
611,792
611,793
611,961
611,969
611,1018
611,1086
611,1114
611,1121
611,1123
611,1134
611,1286
611,1298
611,1593
611,1597
611,1658
611,1660
611,1753
611,1845
611,1916
611,2006
611,2085
611,2460
611,2656
611,2659
611,3020
611,3033
611,3129
611,3344
611,3721
611,3940
612,967
612,1060
612,1097
612,1365
612,1401
612,1493
612,1499
612,1567
612,1603
612,1758
612,1771
612,1786
612,1807
612,1846
612,2028
612,2109
612,2191
612,2264
612,2403
612,2559
612,2587
612,2796
612,2846
612,2949
612,3244
612,3319
612,3393
612,3435
612,3683
612,3796
612,3973
612,3977
613,621
613,641
613,714
613,725
613,794
613,884
613,899
613,929
613,1075
613,1117
613,1143
613,1195
613,1236
613,1495
613,1838
613,1924
613,2072
613,2118
613,2151
613,2210
613,2248
613,2377
613,2532
613,2574
613,2642
613,2653
613,2684
613,2729
613,2847
613,2879
613,2946
613,3006
613,3017
613,3284
613,3307
613,3403
613,3582
613,3946
614,887
614,892
614,906
614,932
614,1018
614,1034
614,1087
614,1218
614,1297
614,1492
614,1608
614,1712
614,1927
614,2008
614,2134
614,2229
614,2288
614,2771
614,2779
614,3059
614,3309
614,3420
614,3548
614,3616
614,3725
614,4035
615,681
615,691
615,787
615,895
615,910
615,940
615,1096
615,1097
615,1191
615,1211
615,1222
615,1319
615,1339
615,1377
615,1415
615,1422
615,1437
615,1474
615,1613
615,1720
615,1884
615,1930
615,2068
615,2092
615,2123
615,2167
615,2182
615,2478
615,2542
615,2734
615,2750
615,2850
615,3164
615,3280
615,3286
615,3384
615,3406
615,3545
615,3672
615,3688
615,3825
615,3910
615,3929
616,698
616,737
616,744
616,783
616,829
616,948
616,990
616,1043
616,1076
616,1082
616,1092
616,1138
616,1147
616,1181
616,1277
616,1282
616,1339
616,1365
616,1545
616,1559
616,1601
616,1797
616,1963
616,1986
616,2048
616,2062
616,2254
616,2313
616,2401
616,2465
616,2792
616,3053
616,3096
616,3314
616,3450
616,3654
616,3690
616,3945
616,3975
617,704
617,714
617,719
617,749
617,835
617,869
617,877
617,900
617,903
617,956
617,996
617,1013
617,1125
617,1198
617,1224
617,1257
617,1261
617,1340
617,1366
617,1649
617,1666
617,1703
617,1704
617,1802
617,1863
617,1906
617,2053
617,2075
617,2421
617,2553
617,2603
617,2608
617,2696
617,2735
617,3208
617,3235
617,3338
617,3370
617,3423
617,3563
617,3803
617,4023
617,4034
618,646
618,792
618,942
618,959
618,960
618,1211
618,1266
618,1316
618,1318
618,1347
618,1484
618,1549
618,1560
618,1659
618,1724
618,1743
618,1828
618,1867
618,2007
618,2050
618,2331
618,2371
618,2392
618,2684
618,2738
618,2864
618,3004
618,3091
618,3242
618,3512
618,3521
618,3866
618,3905
619,624
619,653
619,707
619,809
619,899
619,930
619,968
619,1026
619,1042
619,1064
619,1073
619,1080
619,1171
619,1209
619,1241
619,1286
619,1392
619,1478
619,1581
619,1706
619,1820
619,2003
619,2482
619,2601
619,3039
619,3054
619,3167
619,3173
619,3250
619,3327
619,3431
619,3722
619,3758
619,3774
619,3919
620,671
620,772
620,863
620,960
620,1124
620,1130
620,1249
620,1352
620,1374
620,1406
620,1491
620,1785
620,1862
620,2084
620,2151
620,2314
620,2459
620,2605
620,2839
620,2864
620,2880
620,3009
620,3033
620,3119
620,3405
620,3453
620,3533
620,3550
620,3586
620,3673
620,4025
621,676
621,690
621,712
621,730
621,733
621,842
621,904
621,933
621,944
621,988
621,1033
621,1039
621,1190
621,1418
621,1474
621,1549
621,1655
621,1712
621,1761
621,1952
621,2251
621,2290
621,2376
621,2401
621,2461
621,2466
621,2732
621,2888
621,3014
621,3210
621,3217
621,3423
621,3518
621,3533
621,3567
621,3600
621,3782
621,3813
621,3859
621,3900
621,3909
621,3939
622,652
622,716
622,722
622,765
622,783
622,831
622,879
622,898
622,952
622,996
622,1100
622,1121
622,1151
622,1201
622,1258
622,1282
622,1349
622,1460
622,1617
622,1625
622,1793
622,1841
622,1874
622,1996
622,2057
622,2091
622,2139
622,2147
622,2162
622,2251
622,2270
622,2513
622,2543
622,2752
622,2768
622,2841
622,2957
622,3107
622,3108
622,3128
622,3241
622,3246
622,3428
622,3512
622,3538
622,3568
622,3629
622,3684
622,3771
622,3870
622,4005
623,822
623,827
623,923
623,1197
623,1207
623,1234
623,1340
623,1401
623,1664
623,1745
623,1766
623,1860
623,1967
623,2063
623,2101
623,2595
623,2663
623,2717
623,2849
623,2922
623,2931
623,2956
623,3119
623,3188
623,3632
623,3671
623,3848
623,3898
624,644
624,708
624,710
624,835
624,856
624,867
624,1133
624,1146
624,1203
624,1206
624,1218
624,1237
624,1269
624,1297
624,1309
624,1318
624,1379
624,1462
624,1825
624,1892
624,1924
624,2060
624,2062
624,2109
624,2119
624,2436
624,2465
624,2557
624,2580
624,2590
624,2591
624,2741
624,2778
624,2846
624,3007
624,3146
624,3403
624,3750
624,3862
624,3877
625,641
625,754
625,828
625,837
625,875
625,985
625,1243
625,1370
625,1389
625,1436
625,1455
625,1495
625,1564
625,1681
625,1815
625,1882
625,1889
625,1928
625,2047
625,2110
625,2183
625,2229
625,2329
625,2390
625,2400
625,2437
625,2727
625,2767
625,2873
625,2879
625,2924
625,2949
625,3009
625,3020
625,3067
625,3253
625,3272
625,3336
625,3362
625,3446
625,3557
625,3679
625,3694
625,3739
625,3806
625,3836
625,3863
625,3900
625,3958
625,3970
626,803
626,836
626,854
626,944
626,955
626,998
626,1000
626,1020
626,1046
626,1090
626,1107
626,1130
626,1252
626,1257
626,1291
626,1293
626,1429
626,1486
626,1602
626,1621
626,1687
626,1810
626,1885
626,2115
626,2376
626,2453
626,2480
626,2650
626,2739
626,2771
626,3100
626,3339
626,3871
626,4030
627,730
627,760
627,813
627,876
627,882
627,956
627,1032
627,1051
627,1061
627,1181
627,1310
627,1322
627,1344
627,1370
627,1425
627,1436
627,1446
627,1470
627,1474
627,1771
627,1894
627,1986
627,2008
627,2038
627,2224
627,2527
627,2545
627,2635
627,2716
627,2819
627,2904
627,2944
627,3076
627,3096
627,3286
627,3547
627,3890
627,3914
627,3993
628,703
628,737
628,844
628,883
628,885
628,886
628,889
628,893
628,958
628,964
628,1060
628,1088
628,1142
628,1243
628,1284
628,1292
628,1297
628,1410
628,1428
628,1540
628,1561
628,1578
628,1646
628,1871
628,1999
628,2376
628,2605
628,2797
628,2859
628,2980
628,3055
628,3143
628,3684
628,3741
628,3777
628,3923
629,803
629,855
629,1053
629,1260
629,1284
629,1399
629,1492
629,1503
629,1506
629,1523
629,1585
629,1679
629,1745
629,1786
629,1798
629,1842
629,1847
629,1965
629,2003
629,2038
629,2773
629,2857
629,2891
629,2970
629,3058
629,3087
629,3311
629,3635
629,3961
630,694
630,753
630,807
630,941
630,969
630,982
630,1078
630,1112
630,1165
630,1373
630,1552
630,1647
630,1779
630,2041
630,2063
630,2107
630,2180
630,2340
630,2367
630,2469
630,2694
630,2839
630,2878
630,2934
630,3046
630,3107
630,3244
630,3264
630,3283
630,3469
630,3630
630,3866
630,3913
630,3993
630,4034
631,680
631,690
631,751
631,824
631,1119
631,1139
631,1684
631,1764
631,1780
631,1819
631,1864
631,1893
631,1964
631,2197
631,2479
631,2757
631,2977
631,3316
631,3455
631,3827
631,3915
632,648
632,699
632,718
632,754
632,768
632,876
632,932
632,990
632,1055
632,1103
632,1148
632,1184
632,1221
632,1315
632,1391
632,1416
632,1692
632,1846
632,1978
632,2108
632,2206
632,2213
632,2284
632,2298
632,2373
632,2508
632,2540
632,2621
632,2923
632,2925
632,3024
632,3031
632,3048
632,3137
632,3147
632,3252
632,3275
632,3301
632,3446
632,3593
632,3636
632,3981
633,651
633,700
633,806
633,864
633,947
633,949
633,963
633,1133
633,1233
633,1259
633,1384
633,1445
633,1590
633,1680
633,1818
633,1961
633,2063
633,2118
633,2191
633,2360
633,2778
633,3220
633,3513
633,3702
633,3869
634,662
634,687
634,764
634,772
634,815
634,845
634,856
634,1097
634,1114
634,1194
634,1207
634,1469
634,1524
634,1680
634,1714
634,1751
634,1771
634,2032
634,2064
634,2066
634,2192
634,2279
634,2322
634,2370
634,2448
634,2482
634,2538
634,2607
634,2680
634,3278
634,3329
634,3412
634,3480
634,3601
634,3693
635,693
635,771
635,852
635,925
635,994
635,1091
635,1094
635,1127
635,1193
635,1226
635,1236
635,1349
635,1355
635,1577
635,1589
635,1602
635,1820
635,1824
635,1840
635,1983
635,2032
635,2040
635,2079
635,2225
635,2252
635,2683
635,2698
635,2744
635,2925
635,3080
635,3087
635,3167
635,3304
635,3364
635,3490
635,3622
635,3959
635,4007
636,657
636,673
636,758
636,792
636,835
636,940
636,961
636,1030
636,1057
636,1152
636,1156
636,1166
636,1204
636,1434
636,1442
636,1564
636,1685
636,1738
636,1900
636,2253
636,2276
636,2427
636,2464
636,2476
636,2502
636,2869
636,2874
636,2970
636,2972
636,3000
636,3110
636,3248
636,3425
636,3541
636,3603
636,3699
636,3912
637,661
637,760
637,810
637,812
637,858
637,859
637,921
637,995
637,1053
637,1199
637,1272
637,1446
637,1739
637,1822
637,1841
637,1849
637,1870
637,1895
637,2211
637,2458
637,2532
637,2618
637,2701
637,2708
637,3008
637,3325
637,3504
637,3507
637,3601
637,3672
637,3846
637,3869
637,3974
638,672
638,699
638,836
638,1009
638,1054
638,1068
638,1075
638,1139
638,1234
638,1306
638,1439
638,1603
638,1845
638,1898
638,1939
638,2002
638,2075
638,2081
638,2268
638,2429
638,2532
638,2767
638,2790
638,2825
638,3190
638,3198
638,3203
638,3240
638,3261
638,3391
638,3418
638,3497
638,3645
638,3695
638,3931
638,3951
639,640
639,689
639,944
639,1210
639,1239
639,1250
639,1321
639,1577
639,1918
639,2056
639,2253
639,2296
639,3194
639,3680
639,3681
639,3935
640,682
640,711
640,847
640,850
640,884
640,917
640,922
640,931
640,1029
640,1176
640,1358
640,1386
640,1461
640,1556
640,1559
640,1614
640,1761
640,1827
640,1870
640,1996
640,2042
640,2071
640,2174
640,2224
640,2522
640,2553
640,2652
640,2653
640,2685
640,2780
640,3017
640,3097
640,3229
640,3406
640,3604
641,917
641,1071
641,1099
641,1272
641,1368
641,1661
641,1680
641,1683
641,1728
641,1731
641,1767
641,1977
641,2062
641,2134
641,2199
641,2654
641,2691
641,2734
641,2813
641,2822
641,2826
641,2907
641,2990
641,3038
641,3114
641,3124
641,3200
641,3293
641,3576
642,738
642,846
642,1022
642,1190
642,1370
642,1554
642,1971
642,2530
642,2888
642,2931
642,3303
642,3774
642,3776
642,3865
642,4032
643,657
643,797
643,813
643,833
643,1191
643,1221
643,1279
643,1452
643,1488
643,1547
643,1650
643,1666
643,1705
643,1725
643,1771
643,1955
643,2024
643,2267
643,2277
643,2348
643,2734
643,3072
643,3168
643,3187
643,3229
643,3359
643,3928
644,705
644,727
644,733
644,840
644,885
644,1061
644,1193
644,1224
644,1231
644,1246
644,1421
644,1430
644,1436
644,1614
644,1720
644,1745
644,1771
644,1839
644,2050
644,2056
644,2083
644,2113
644,2345
644,2596
644,2737
644,2835
644,2904
644,3129
644,3217
644,3404
644,3414
644,3536
644,3563
644,3962
644,3986
645,671
645,728
645,760
645,809
645,952
645,966
645,989
645,1159
645,1179
645,1204
645,1243
645,1319
645,1382
645,1399
645,1446
645,1484
645,1507
645,1514
645,1612
645,1682
645,1689
645,1738
645,1822
645,1994
645,2039
645,2102
645,2119
645,2122
645,2470
645,2832
645,2965
645,3199
645,3639
645,3648
645,3807
645,3877
645,4012
646,754
646,783
646,835
646,915
646,924
646,1456
646,1513
646,1580
646,1683
646,1721
646,1728
646,1946
646,1963
646,1988
646,2057
646,2126
646,2230
646,2290
646,2371
646,2427
646,2446
646,2464
646,2542
646,2650
646,2791
646,2907
646,2951
646,3086
646,3169
646,3195
646,3197
646,3295
646,3366
646,3467
646,3497
646,3555
646,3709
647,679
647,718
647,854
647,856
647,874
647,1056
647,1131
647,1227
647,1292
647,1308
647,1331
647,1332
647,1567
647,1615
647,1782
647,1904
647,1943
647,2872
647,3685
647,3711
648,708
648,736
648,890
648,996
648,1050
648,1144
648,1238
648,1337
648,1343
648,1348
648,1435
648,1484
648,1689
648,1843
648,1856
648,1975
648,2010
648,2117
648,2223
648,2631
648,2778
648,2816
648,2829
648,3004
648,3377
648,3388
648,3530
648,3821
649,720
649,762
649,789
649,1016
649,1147
649,1239
649,1293
649,1329
649,1477
649,1646
649,1821
649,2011
649,2098
649,2135
649,2153
649,2189
649,2239
649,2454
649,2569
649,2583
649,2660
649,2886
649,3087
649,3171
649,3201
649,3288
649,3322
649,3491
649,3500
650,653
650,809
650,871
650,961
650,983
650,1063
650,1085
650,1129
650,1225
650,1227
650,1464
650,1479
650,1491
650,1628
650,1661
650,1666
650,1931
650,1986
650,2170
650,2194
650,2297
650,2314
650,2331
650,2410
650,2510
650,2632
650,2778
650,2865
650,2906
650,2987
650,3013
650,3105
650,3113
650,3311
650,3475
650,3551
650,3740
650,3827
650,3853
650,3870
650,3872
650,3973
651,680
651,805
651,1120
651,1187
651,1196
651,1243
651,1454
651,1658
651,1719
651,1955
651,2051
651,2124
651,2132
651,2527
651,2773
651,2985
651,3023
651,3028
651,3098
651,3209
651,3442
651,3491
651,3509
651,3520
651,3565
651,3910
652,673
652,747
652,953
652,965
652,1010
652,1211
652,1360
652,1387
652,1504
652,1682
652,1900
652,1948
652,1949
652,2001
652,2037
652,2180
652,2237
652,2238
652,2398
652,2423
652,2431
652,2459
652,2540
652,2650
652,2700
652,2760
652,2802
652,2825
652,2830
652,3070
652,3401
652,3503
652,3751
652,3833
653,823
653,963
653,1427
653,1462
653,1487
653,1636
653,1991
653,2086
653,2202
653,2209
653,2388
653,2564
653,2589
653,2641
653,2933
653,3132
653,3218
653,3523
653,3570
653,3742
653,3978
654,665
654,726
654,731
654,732
654,770
654,862
654,869
654,957
654,975
654,1043
654,1113
654,1131
654,1197
654,1213
654,1237
654,1256
654,1268
654,1337
654,1347
654,1354
654,1357
654,1368
654,1372
654,1488
654,1519
654,1601
654,1992
654,2009
654,2095
654,2101
654,2185
654,2471
654,2512
654,2554
654,2766
654,2971
654,3276
654,3313
654,3316
654,3323
654,3401
654,3504
654,3643
654,3738
654,3742
654,3850
655,677
655,714
655,851
655,945
655,967
655,977
655,1034
655,1103
655,1106
655,1118
655,1225
655,1317
655,1330
655,1398
655,1598
655,1660
655,1684
655,1969
655,2173
655,2192
655,2274
655,2682
655,2982
655,3056
655,3089
655,3119
655,3148
655,3245
655,3359
655,3384
655,3443
655,3478
655,3571
655,3633
655,3834
656,663
656,678
656,688
656,730
656,736
656,860
656,903
656,915
656,937
656,985
656,1500
656,1524
656,1605
656,1641
656,1725
656,1847
656,1921
656,1929
656,1932
656,2129
656,2304
656,2347
656,2422
656,2734
656,2897
656,2916
656,2941
656,3067
656,3187
656,3308
656,3329
656,3715
656,3894
657,695
657,729
657,807
657,833
657,904
657,973
657,1037
657,1065
657,1090
657,1176
657,1207
657,1274
657,1473
657,1528
657,1594
657,1693
657,1782
657,1790
657,1885
657,2049
657,2099
657,2118
657,2404
657,2456
657,2828
657,3610
658,975
658,993
658,1233
658,1438
658,1494
658,1601
658,1787
658,1941
658,2186
658,2561
658,2673
658,2976
658,3060
658,3135
658,3629
658,3694
659,689
659,691
659,710
659,716
659,733
659,845
659,917
659,919
659,942
659,967
659,989
659,1044
659,1266
659,1308
659,1377
659,1435
659,1636
659,1674
659,1766
659,1867
659,1904
659,2140
659,2200
659,2253
659,2333
659,2426
659,2524
659,2589
659,2905
659,3015
659,3058
659,3106
659,3148
659,3151
659,3193
659,3415
659,3471
659,3475
659,3518
659,3715
659,3752
659,3763
659,3821
660,681
660,705
660,715
660,720
660,738
660,786
660,872
660,904
660,959
660,986
660,1172
660,1287
660,1401
660,1476
660,1508
660,1552
660,1591
660,1597
660,1603
660,1666
660,1734
660,1815
660,1821
660,1828
660,1909
660,2041
660,2051
660,2146
660,2259
660,2379
660,2440
660,2464
660,2560
660,2782
660,3219
660,3252
660,3292
660,3337
660,3685
660,3909
661,666
661,676
661,720
661,749
661,799
661,846
661,943
661,1162
661,1297
661,1299
661,1331
661,1378
661,1601
661,1661
661,1703
661,1754
661,1861
661,1872
661,2021
661,2119
661,2368
661,2379
661,2499
661,2637
661,3008
661,3025
661,3378
661,3414
661,3852
661,3857
662,782
662,837
662,970
662,993
662,1059
662,1125
662,1217
662,1222
662,1378
662,1432
662,1562
662,1568
662,1579
662,1817
662,2015
662,2022
662,2460
662,2507
662,2743
662,2837
662,3062
662,3085
662,3213
662,3448
662,3679
662,3726
662,3734
663,686
663,863
663,878
663,949
663,1027
663,1238
663,1320
663,1608
663,1753
663,1824
663,1981
663,2030
663,2409
663,2540
663,2551
663,2603
663,2696
663,2753
663,2990
663,3069
663,3117
663,3286
663,3355
663,3445
663,3790
663,3916
663,3999
664,745
664,934
664,986
664,1012
664,1021
664,1070
664,1078
664,1138
664,1150
664,1215
664,1468
664,1473
664,1541
664,1588
664,1643
664,1763
664,1953
664,2163
664,2228
664,2305
664,2312
664,2329
664,2334
664,2425
664,2454
664,2886
664,2957
664,3144
664,3173
664,3422
664,3486
664,3529
664,3604
664,3829
664,3888
665,836
665,1087
665,1315
665,1327
665,1494
665,1625
665,1895
665,2363
665,2441
665,2726
665,2818
665,2873
665,2988
665,3062
665,3147
665,3163
665,3257
665,3300
665,3349
665,3478
665,3500
665,3619
665,3630
665,3636
665,3779
665,3933
666,725
666,776
666,779
666,785
666,806
666,813
666,983
666,1031
666,1058
666,1168
666,1353
666,1421
666,1532
666,1578
666,1602
666,1667
666,1678
666,1703
666,1796
666,1911
666,1924
666,2225
666,2304
666,2327
666,2414
666,2690
666,2693
666,2763
666,2897
666,2982
666,2990
666,3092
666,3095
666,3160
666,3195
666,3392
666,3739
666,3814
666,3843
666,3967
666,3968
667,671
667,685
667,701
667,718
667,824
667,830
667,832
667,985
667,1078
667,1528
667,1595
667,1775
667,1857
667,1897
667,2016
667,2262
667,2275
667,2338
667,2439
667,2574
667,2941
667,3601
667,3735
667,3969
667,4010
668,784
668,791
668,893
668,894
668,896
668,931
668,940
668,1088
668,1308
668,1332
668,1362
668,1382
668,1394
668,1509
668,1777
668,1803
668,1814
668,1864
668,1929
668,1970
668,1990
668,1995
668,2038
668,2080
668,2106
668,2137
668,2175
668,2192
668,2341
668,2505
668,2518
668,2528
668,2585
668,2647
668,2691
668,2692
668,2779
668,2834
668,2985
668,3050
668,3254
668,3337
668,3393
668,3406
668,3428
668,3472
668,3603
668,3690
668,3846
668,3861
668,3913
668,4008
669,715
669,844
669,965
669,1039
669,1112
669,1203
669,1265
669,1297
669,1456
669,1494
669,1530
669,1563
669,1587
669,1590
669,1633
669,1655
669,1709
669,1852
669,1874
669,1926
669,2053
669,2232
669,2417
669,2588
669,2674
669,2822
669,3451
669,3530
669,3581
669,3633
669,3827
669,3927
670,829
670,836
670,997
670,1080
670,1359
670,1368
670,1418
670,1522
670,1539
670,1914
670,1932
670,2178
670,2198
670,2230
670,2507
670,2726
670,2803
670,2831
670,3022
670,3440
670,3572
670,3645
670,3915
670,3990
671,681
671,809
671,823
671,888
671,1067
671,1083
671,1087
671,1096
671,1103
671,1194
671,1257
671,1401
671,1533
671,1570
671,1592
671,1650
671,1672
671,1697
671,1752
671,1785
671,2001
671,2529
671,2544
671,2710
671,2840
671,2853
671,2872
671,2878
671,2992
671,3065
671,3092
671,3372
671,3551
671,3566
671,3633
671,3654
671,3727
671,3783
672,693
672,758
672,944
672,948
672,966
672,1000
672,1149
672,1180
672,1314
672,1329
672,1332
672,1448
672,1531
672,1615
672,1657
672,1679
672,1739
672,1788
672,1826
672,1840
672,1841
672,1844
672,2050
672,2059
672,2503
672,2557
672,2568
672,2594
672,2729
672,2970
672,3324
672,3489
672,3562
672,3799
672,3801
672,3832
672,3951
673,725
673,738
673,859
673,933
673,944
673,951
673,980
673,982
673,1001
673,1054
673,1055
673,1065
673,1101
673,1175
673,1287
673,1360
673,1526
673,1530
673,1581
673,1691
673,1814
673,1832
673,1978
673,1991
673,2019
673,2084
673,2096
673,2308
673,2320
673,2347
673,2498
673,2688
673,2805
673,2881
673,2948
673,3302
673,3359
673,3369
673,3419
673,3444
673,3530
673,3599
673,3711
674,725
674,737
674,808
674,832
674,860
674,929
674,972
674,1062
674,1100
674,1109
674,1147
674,1380
674,1396
674,1548
674,1585
674,1778
674,1780
674,1843
674,1936
674,2074
674,2124
674,2134
674,2244
674,2259
674,2303
674,2537
674,2744
674,2749
674,3208
674,3222
674,3277
674,3326
674,3366
674,3683
674,3699
674,3850
674,3952
675,702
675,767
675,829
675,872
675,916
675,927
675,947
675,997
675,1001
675,1017
675,1481
675,1888
675,1918
675,2124
675,2170
675,2221
675,2351
675,2548
675,2615
675,2736
675,3026
675,3125
675,3166
675,3319
675,3505
675,3646
675,3799
675,4005
676,708
676,747
676,748
676,911
676,924
676,944
676,1104
676,1187
676,1256
676,1464
676,1556
676,1651
676,1818
676,2092
676,2165
676,2175
676,2278
676,2435
676,2580
676,2857
676,2891
676,3212
676,3227
676,3414
676,3511
676,3895
676,3985
676,4030
677,693
677,698
677,701
677,724
677,927
677,951
677,962
677,1002
677,1062
677,1117
677,1217
677,1690
677,1829
677,2029
677,2138
677,2205
677,2897
677,2927
677,3565
677,3735
678,683
678,761
678,775
678,921
678,1021
678,1065
678,1215
678,1272
678,1368
678,1434
678,1447
678,1460
678,1498
678,1610
678,1637
678,1658
678,1760
678,1805
678,2150
678,2184
678,2242
678,2343
678,2676
678,2719
678,2776
678,3026
678,3067
678,3071
678,3211
678,3217
678,3265
678,3276
678,3557
678,3561
678,3583
678,3615
678,3934
678,3937
678,3964
679,1157
679,1187
679,1214
679,1381
679,1554
679,1632
679,1676
679,1878
679,2124
679,2709
679,2825
679,2827
679,3335
679,3438
679,3490
679,3600
679,3747
679,3826
680,695
680,821
680,871
680,918
680,1081
680,1189
680,1295
680,1344
680,1579
680,1685
680,1802
680,1823
680,1982
680,2395
680,2582
680,2597
680,2625
680,2735
680,3075
680,3373
680,3376
680,3542
680,3775
680,3817
680,3829
681,718
681,764
681,772
681,852
681,925
681,937
681,939
681,961
681,965
681,1002
681,1074
681,1191
681,1201
681,1241
681,1306
681,1351
681,1413
681,1546
681,1652
681,1786
681,1839
681,1894
681,2089
681,2128
681,2519
681,2527
681,2791
681,2818
681,2958
681,2998
681,3227
681,3383
681,3399
681,3437
681,3508
681,3556
682,712
682,737
682,771
682,796
682,1011
682,1176
682,1194
682,1200
682,1332
682,1450
682,1488
682,1537
682,1549
682,1576
682,1632
682,1733
682,1955
682,2129
682,2378
682,2579
682,2880
682,3264
682,3268
682,3346
682,3483
682,3614
682,3780
682,3918
682,3954
683,709
683,739
683,790
683,806
683,820
683,950
683,998
683,1093
683,1140
683,1208
683,1237
683,1421
683,1606
683,1687
683,1777
683,2119
683,2144
683,2175
683,2255
683,2366
683,2463
683,2550
683,2814
683,2818
683,2842
683,2974
683,2986
683,3028
683,3051
683,3158
683,3457
683,3552
683,3621
683,3634
683,3741
684,774
684,797
684,843
684,869
684,891
684,1011
684,1094
684,1278
684,1409
684,1443
684,1637
684,1660
684,1676
684,1781
684,1812
684,1952
684,2061
684,2104
684,2218
684,2241
684,2295
684,2453
684,2552
684,2600
684,2642
684,2696
684,2697
684,2710
684,2829
684,2969
684,2981
684,3002
684,3076
684,3079
684,3188
684,3308
684,3355
684,3546
684,3550
684,3572
684,3682
684,3858
684,3926
684,3985
685,725
685,731
685,750
685,795
685,998
685,1056
685,1154
685,1199
685,1296
685,1515
685,1528
685,1574
685,1616
685,1630
685,1633
685,2048
685,2206
685,2239
685,2285
685,2360
685,2445
685,2530
685,2568
685,2602
685,2609
685,2694
685,2743
685,2747
685,2807
685,2917
685,3002
685,3133
685,3222
685,3323
685,3363
685,3375
685,3394
685,3748
685,3833
685,3858
685,3911
686,716
686,723
686,758
686,820
686,1210
686,1214
686,1249
686,1320
686,1348
686,1641
686,1681
686,1708
686,1755
686,1783
686,1912
686,1932
686,2027
686,2075
686,2155
686,2177
686,2213
686,2570
686,2673
686,2704
686,2858
686,2921
686,2936
686,2938
686,3082
686,3969
686,3970
687,721
687,786
687,858
687,927
687,943
687,945
687,983
687,1099
687,1473
687,1515
687,1570
687,1656
687,1691
687,1796
687,1829
687,2054
687,2092
687,2093
687,2321
687,2720
687,2747
687,3129
687,3429
687,3901
688,901
688,908
688,941
688,997
688,1099
688,1293
688,1310
688,1429
688,1495
688,1514
688,1738
688,1746
688,1772
688,1814
688,1874
688,2093
688,2282
688,2422
688,2442
688,2723
688,2724
688,2738
688,2851
688,2947
688,2954
688,3059
688,3108
688,3170
688,3269
688,3523
688,3578
688,3753
688,3807
689,743
689,831
689,1064
689,1075
689,1093
689,1108
689,1111
689,1219
689,1286
689,1407
689,1661
689,1699
689,1795
689,1832
689,1872
689,1940
689,2034
689,2170
689,2218
689,2312
689,2639
689,2719
689,2913
689,2937
689,3308
689,3419
689,3459
689,3795
689,3913
689,3940
690,710
690,776
690,840
690,869
690,898
690,921
690,998
690,1101
690,1149
690,1185
690,1255
690,1261
690,1293
690,1300
690,1308
690,1431
690,1450
690,1507
690,1612
690,1653
690,1804
690,1923
690,2076
690,2228
690,2245
690,2262
690,2325
690,2420
690,2544
690,2598
690,2610
690,2742
690,2916
690,3112
690,3385
690,3496
690,3545
690,3558
690,3650
690,3725
690,3793
690,3992
690,4030
691,711
691,713
691,769
691,787
691,813
691,816
691,842
691,904
691,918
691,978
691,1011
691,1060
691,1096
691,1133
691,1245
691,1268
691,1319
691,1356
691,1433
691,1538
691,1587
691,1607
691,1614
691,1772
691,1861
691,1933
691,2051
691,2130
691,2152
691,2185
691,2216
691,2714
691,2786
691,3171
691,3212
691,3335
691,3352
691,3407
691,3410
691,3902
691,4027
692,720
692,924
692,976
692,1125
692,1135
692,1194
692,1314
692,1315
692,1335
692,1348
692,1988
692,1995
692,2079
692,2102
692,2299
692,2345
692,2368
692,2476
692,2483
692,2592
692,2731
692,2859
692,3160
692,3262
692,3317
692,3418
692,3604
692,3977
692,3987
693,739
693,761
693,763
693,1010
693,1045
693,1055
693,1087
693,1190
693,1261
693,1790
693,1827
693,2226
693,2345
693,2404
693,2476
693,2659
693,2895
693,3012
693,3029
693,3098
693,3214
693,3238
693,3297
693,3702
693,3945
694,795
694,807
694,889
694,902
694,957
694,1257
694,1540
694,1612
694,1663
694,1775
694,2270
694,2611
694,2733
694,2770
694,3135
694,3174
694,3454
694,3833
695,727
695,760
695,770
695,771
695,822
695,840
695,866
695,925
695,972
695,1018
695,1043
695,1076
695,1239
695,1325
695,1337
695,1358
695,1360
695,1412
695,1421
695,1468
695,1605
695,1684
695,1690
695,1710
695,1733
695,1750
695,1776
695,1812
695,2079
695,2172
695,2294
695,2376
695,2405
695,2430
695,2477
695,2559
695,2618
695,2648
695,2688
695,2882
695,2951
695,2969
695,3038
695,3058
695,3093
695,3270
695,3310
695,3468
695,3475
695,3552
695,3560
695,3591
695,3808
695,3874
695,3933
695,3983
695,4020
696,714
696,824
696,850
696,868
696,880
696,890
696,897
696,942
696,955
696,1032
696,1114
696,1165
696,1196
696,1345
696,1351
696,1618
696,1733
696,1870
696,1966
696,1995
696,2134
696,2156
696,2343
696,2364
696,2442
696,2503
696,2553
696,2672
696,2865
696,2875
696,2897
696,3048
696,3146
696,3736
696,3764
696,4013
697,803
697,904
697,915
697,924
697,936
697,958
697,986
697,1022
697,1026
697,1131
697,1202
697,1260
697,1378
697,1389
697,1419
697,1440
697,1532
697,1627
697,1819
697,1895
697,2044
697,2046
697,2050
697,2145
697,2175
697,2573
697,2850
697,2918
697,2965
697,3029
697,3295
697,3414
697,3415
697,3473
697,3477
697,3678
697,3795
698,708
698,735
698,769
698,860
698,949
698,986
698,1067
698,1071
698,1072
698,1131
698,1159
698,1236
698,1249
698,1424
698,1456
698,1462
698,1776
698,1840
698,1883
698,2026
698,2333
698,2409
698,2548
698,2649
698,2664
698,2799
698,2983
698,2999
698,3140
698,3195
698,3297
698,3434
698,3518
698,3782
698,3798
698,3920
698,3983
699,769
699,827
699,844
699,1088
699,1518
699,1641
699,1665
699,1690
699,1733
699,1941
699,2432
699,2488
699,3085
699,3088
699,3123
699,3367
699,3516
699,3755
699,3950
700,887
700,1233
700,1407
700,1479
700,1533
700,1785
700,1842
700,1902
700,1935
700,1951
700,2014
700,2319
700,2409
700,2484
700,2568
700,3158
700,3340
700,3559
700,3596
700,3923
700,4029
701,750
701,800
701,844
701,940
701,976
701,1010
701,1065
701,1252
701,1554
701,1675
701,1736
701,1765
701,1855
701,1856
701,1880
701,2100
701,2164
701,2297
701,2380
701,2474
701,2515
701,2666
701,2711
701,2874
701,3941
701,4028
702,734
702,798
702,892
702,924
702,982
702,988
702,1018
702,1126
702,1233
702,1522
702,1581
702,1955
702,2070
702,2083
702,2261
702,2391
702,2413
702,2429
702,2708
702,2882
702,3001
702,3078
702,3394
702,3626
702,3708
703,760
703,796
703,850
703,908
703,1011
703,1030
703,1116
703,1250
703,1383
703,1666
703,1921
703,1944
703,1966
703,2066
703,2107
703,2194
703,2196
703,2210
703,2234
703,2280
703,2292
703,2422
703,2890
703,3000
703,3030
703,3067
703,3081
703,3211
703,3319
703,3546
703,3679
704,753
704,1006
704,1067
704,1096
704,1161
704,1254
704,1425
704,1519
704,1626
704,1822
704,1933
704,1958
704,2081
704,2514
704,3251
704,3276
704,3383
704,3401
704,3472
704,3544
704,3651
704,3786
704,3950
705,816
705,985
705,1037
705,1189
705,1450
705,1476
705,1542
705,1606
705,1681
705,1801
705,1838
705,2014
705,2132
705,2401
705,2855
705,2902
705,2950
705,3149
705,3232
705,3242
705,3572
705,3725
705,3755
705,3885
706,834
706,849
706,1018
706,1153
706,1209
706,1227
706,1271
706,1329
706,1358
706,1421
706,1423
706,1494
706,1617
706,1624
706,1628
706,1811
706,2006
706,2051
706,2196
706,2239
706,2243
706,2252
706,2283
706,2288
706,2514
706,2601
706,2820
706,3019
706,3028
706,3123
706,3189
706,3302
706,3407
706,3471
706,3764
707,731
707,754
707,831
707,932
707,954
707,987
707,1020
707,1047
707,1329
707,1343
707,1393
707,1546
707,1574
707,1638
707,1640
707,1685
707,1793
707,1885
707,2153
707,2195
707,2284
707,2536
707,2668
707,2698
707,2860
707,2976
707,3480
707,3597
707,3622
707,3747
707,3754
707,3766
707,3806
707,3832
708,759
708,761
708,970
708,987
708,1024
708,1089
708,1123
708,1214
708,1242
708,1315
708,1515
708,1546
708,1597
708,1641
708,1777
708,1778
708,1828
708,1840
708,1890
708,1906
708,1933
708,1957
708,2179
708,2240
708,2337
708,2418
708,2449
708,2518
708,2760
708,2762
708,2904
708,2931
708,3206
708,3237
708,3244
708,3303
708,3342
708,3511
708,3523
708,3630
708,3751
708,3758
708,3812
708,3817
708,3857
708,3980
708,4011
708,4025
709,783
709,883
709,939
709,960
709,1128
709,1135
709,1186
709,1367
709,1386
709,1608
709,1632
709,1684
709,1756
709,1760
709,1778
709,1890
709,1940
709,2251
709,2408
709,2466
709,2539
709,2595
709,2714
709,2806
709,2944
709,3049
709,3096
709,3346
709,3809
709,3860
709,3871
709,3966
710,825
710,827
710,839
710,993
710,1067
710,1187
710,1636
710,1706
710,1832
710,1953
710,2522
710,3168
710,3292
710,3302
710,3968
711,807
711,902
711,922
711,926
711,947
711,1034
711,1225
711,1501
711,1532
711,1563
711,1759
711,1825
711,1863
711,1914
711,1938
711,2133
711,2143
711,2242
711,2361
711,2881
711,2895
711,3055
711,3239
711,3318
711,3361
711,3409
711,3482
711,3651
711,3653
711,3792
711,3944
711,3989
711,3990
712,783
712,796
712,993
712,1002
712,1013
712,1147
712,1169
712,1188
712,1223
712,1227
712,1243
712,1258
712,1388
712,1420
712,1449
712,1496
712,1608
712,1611
712,1617
712,1749
712,1878
712,2005
712,2213
712,2252
712,2299
712,2328
712,2400
712,2457
712,2546
712,2725
712,2737
712,2820
712,2886
712,2971
712,3101
712,3104
712,3196
712,3209
712,3394
712,3441
712,3559
712,3597
712,3764
712,3957
712,3972
713,746
713,752
713,783
713,814
713,835
713,853
713,954
713,1050
713,1052
713,1083
713,1198
713,1216
713,1414
713,1505
713,1515
713,1603
713,1696
713,1792
713,1897
713,1919
713,1970
713,1983
713,2027
713,2108
713,2115
713,2154
713,2193
713,2198
713,2200
713,2382
713,2391
713,2419
713,2666
713,2762
713,2805
713,2810
713,2844
713,3051
713,3169
713,3258
713,3821
713,3882
713,3941
714,783
714,789
714,796
714,829
714,830
714,1514
714,1556
714,1640
714,1688
714,1866
714,2035
714,2292
714,2360
714,2639
714,2730
714,2762
714,2785
714,2847
714,2857
714,2967
714,2980
714,3034
714,3181
714,3302
714,3350
714,3560
714,3685
714,3988
715,799
715,880
715,1063
715,1136
715,1145
715,1247
715,1454
715,1736
715,1960
715,1965
715,2232
715,2304
715,2471
715,2658
715,3301
715,3316
715,3723
715,3724
715,3936
716,801
716,829
716,881
716,932
716,1060
716,1263
716,1353
716,1367
716,1405
716,1540
716,1577
716,1612
716,1665
716,1707
716,1745
716,1779
716,1857
716,1885
716,1947
716,2337
716,2347
716,2724
716,2900
716,3232
716,3342
716,3863
716,3872
717,751
717,864
717,899
717,902
717,913
717,949
717,972
717,1091
717,1166
717,1216
717,1469
717,1679
717,1743
717,1748
717,1818
717,2092
717,2281
717,2505
717,2531
717,2569
717,2684
717,2703
717,2712
717,2878
717,2919
717,2932
717,3142
717,3208
717,3218
717,3588
717,3591
717,3717
717,3806
717,3894
717,3910
718,751
718,900
718,1176
718,1850
718,1918
718,1975
718,1977
718,2024
718,2210
718,2477
718,2515
718,2760
718,2870
718,3014
718,3279
718,3348
718,3410
718,3738
718,3742
718,3907
719,740
719,772
719,834
719,928
719,994
719,1065
719,1187
719,1279
719,1301
719,1589
719,1764
719,2156
719,2218
719,2309
719,2315
719,2470
719,2530
719,2677
719,2788
719,3130
719,3159
719,3204
719,3207
719,3213
719,3230
719,3303
719,3392
719,3638
719,3751
719,3789
719,3861
719,3896
719,3986
720,721
720,780
720,806
720,826
720,854
720,1069
720,1145
720,1250
720,1445
720,1465
720,1470
720,1502
720,1658
720,1773
720,1963
720,2042
720,2236
720,2285
720,2313
720,2321
720,2330
720,2432
720,2752
720,2855
720,2974
720,3074
720,3100
720,3120
720,3561
720,3668
720,3703
720,3704
720,3813
720,3911
720,4001
721,787
721,814
721,822
721,876
721,879
721,1019
721,1035
721,1056
721,1132
721,1227
721,1322
721,1473
721,1518
721,1694
721,1743
721,1818
721,1927
721,2121
721,2304
721,2365
721,2392
721,2532
721,2590
721,2611
721,2678
721,2772
721,2839
721,2842
721,3028
721,3179
721,3225
721,3389
721,3391
721,3663
721,3710
721,3756
721,4003
722,751
722,855
722,902
722,1013
722,1144
722,1204
722,1272
722,1282
722,1298
722,1351
722,1385
722,1466
722,1755
722,1895
722,1920
722,2552
722,2596
722,2614
722,2663
722,2733
722,2764
722,2835
722,3212
722,3288
722,3432
722,3835
722,3993
722,4030
723,838
723,1084
723,1237
723,1273
723,1329
723,1411
723,1509
723,1629
723,1725
723,1835
723,1935
723,1977
723,1994
723,1997
723,2119
723,2155
723,2184
723,2206
723,2228
723,2538
723,2545
723,2578
723,2588
723,2782
723,2839
723,2892
723,2896
723,3480
723,3938
723,4002
724,763
724,863
724,923
724,1176
724,1186
724,1317
724,1379
724,1410
724,1454
724,1469
724,2167
724,2175
724,2650
724,3554
724,3824
725,800
725,985
725,1057
725,1141
725,1175
725,1185
725,1429
725,1529
725,1634
725,1698
725,1865
725,2027
725,2213
725,2409
725,2478
725,2491
725,2605
725,2951
725,3139
725,3346
725,3453
725,3471
725,3546
725,3573
725,3990
725,4029
726,744
726,746
726,836
726,841
726,860
726,947
726,952
726,1166
726,1308
726,1349
726,1719
726,2051
726,2197
726,2397
726,2479
726,2481
726,2790
726,3350
726,3367
726,3469
726,3972
727,743
727,788
727,867
727,967
727,977
727,1037
727,1099
727,1142
727,1194
727,1267
727,1335
727,1363
727,1387
727,1396
727,1569
727,1651
727,1702
727,1720
727,1868
727,2242
727,2584
727,2728
727,2739
727,2745
727,2747
727,2837
727,2865
727,2949
727,2971
727,3012
727,3665
727,3805
727,3979
727,3995
728,746
728,809
728,844
728,963
728,969
728,1046
728,1111
728,1136
728,1144
728,1242
728,1360
728,1484
728,1491
728,1552
728,1599
728,1604
728,1695
728,1856
728,1896
728,1924
728,2220
728,2511
728,2624
728,2709
728,2906
728,2962
728,3119
728,3168
728,3307
728,3416
728,3862
728,3974
728,3988
729,764
729,773
729,958
729,975
729,1047
729,1094
729,1111
729,1175
729,1192
729,1257
729,1457
729,1470
729,1519
729,1526
729,1576
729,1583
729,1621
729,1706
729,1852
729,2040
729,2155
729,2223
729,2392
729,2565
729,2683
729,2699
729,2710
729,2828
729,2834
729,2886
729,2947
729,2971
729,2977
729,3143
729,3188
729,3460
729,3524
729,3565
729,3678
729,3688
730,865
730,893
730,915
730,1140
730,1191
730,1248
730,1625
730,1647
730,1690
730,1699
730,2087
730,2201
730,2618
730,2652
730,2734
730,3240
730,3776
730,3895
731,742
731,769
731,798
731,817
731,1227
731,1401
731,1407
731,1464
731,1496
731,1594
731,1627
731,1628
731,1713
731,1960
731,2059
731,2068
731,2105
731,2178
731,2220
731,2474
731,2808
731,2844
731,2947
731,3204
731,3483
731,3716
731,3740
731,3896
731,3909
731,3978
732,790
732,830
732,885
732,953
732,1045
732,1056
732,1072
732,1076
732,1152
732,1215
732,1222
732,1460
732,1543
732,1837
732,1914
732,1926
732,1946
732,2043
732,2129
732,2270
732,2311
732,2415
732,2495
732,2517
732,2640
732,2704
732,2821
732,2841
732,2937
732,3017
732,3045
732,3081
732,3105
732,3259
732,3400
732,3436
732,3643
732,3701
732,3788
732,3792
732,3849
732,3853
732,3983
733,749
733,810
733,917
733,931
733,946
733,962
733,1218
733,1438
733,1514
733,1887
733,1897
733,2000
733,2074
733,2151
733,2234
733,2304
733,2421
733,2445
733,2481
733,2823
733,3158
733,3248
733,3263
733,3395
733,3400
733,3412
733,3653
733,3666
733,3735
733,3898
734,793
734,805
734,823
734,849
734,895
734,967
734,1039
734,1065
734,1113
734,1203
734,1345
734,1437
734,1609
734,1716
734,1724
734,1746
734,1879
734,2300
734,2335
734,2360
734,2381
734,2414
734,2465
734,2549
734,2718
734,2727
734,2866
734,2934
734,3085
734,3091
734,3109
734,3115
734,3383
734,3829
734,3901
734,3934
734,4034
735,740
735,769
735,799
735,813
735,870
735,937
735,977
735,1113
735,1115
735,1300
735,1416
735,1475
735,1867
735,1975
735,2090
735,2120
735,2488
735,2792
735,2957
735,3200
735,3224
735,3268
735,3315
735,3563
735,3600
736,798
736,847
736,948
736,1049
736,1101
736,1111
736,1153
736,1350
736,1463
736,1541
736,1726
736,1740
736,2041
736,2175
736,2380
736,2439
736,2442
736,2570
736,2659
736,2667
736,2747
736,2807
736,2932
736,3089
736,3106
736,3113
736,3180
736,3213
736,3274
736,3542
736,3676
736,3741
736,3745
736,3768
736,3918
736,4020
737,782
737,811
737,875
737,920
737,1082
737,1104
737,1188
737,1332
737,1369
737,1373
737,1398
737,1528
737,1535
737,1649
737,1679
737,1820
737,1831
737,1846
737,2061
737,2138
737,2316
737,2375
737,2468
737,2506
737,2640
737,2663
737,2701
737,2726
737,2770
737,2861
737,2908
737,2983
737,3072
737,3154
737,3166
737,3305
737,3339
737,3475
737,3476
737,3706
737,3858
738,836
738,848
738,914
738,956
738,969
738,977
738,1016
738,1177
738,1188
738,1209
738,1356
738,1365
738,1369
738,1417
738,1598
738,1616
738,1684
738,1762
738,1861
738,1905
738,1991
738,2114
738,2341
738,2380
738,2471
738,2758
738,2885
738,3062
738,3247
738,3389
738,3457
738,3652
738,3705
738,3762
738,3902
739,749
739,894
739,937
739,1313
739,1387
739,1393
739,1466
739,1591
739,1882
739,2012
739,2205
739,2255
739,2290
739,2318
739,2364
739,2479
739,2670
739,2865
739,2880
739,2892
739,2976
739,3037
739,3088
739,3214
739,3299
739,3315
739,3564
739,3701
739,4014
740,788
740,833
740,981
740,1098
740,1112
740,1136
740,1188
740,1204
740,1309
740,1354
740,1675
740,1727
740,1738
740,1788
740,1837
740,2002
740,2071
740,2184
740,2228
740,2339
740,2391
740,2434
740,2444
740,2569
740,2698
740,2845
740,3080
740,3109
740,3118
740,3219
740,3267
740,3271
740,3281
740,3391
740,3398
740,3453
740,3548
740,3636
740,3637
740,3731
740,4029
741,757
741,834
741,912
741,1167
741,1215
741,1273
741,1303
741,1315
741,1347
741,1513
741,1691
741,1986
741,2154
741,2419
741,2573
741,3004
741,3007
741,3027
741,3120
741,3175
741,3214
741,3222
741,3373
741,3417
741,3718
742,923
742,994
742,1033
742,1047
742,1102
742,1470
742,1564
742,1585
742,1649
742,1743
742,1785
742,1880
742,1921
742,1943
742,2235
742,2328
742,2867
742,3261
742,3479
742,3610
742,3714
742,3813
743,788
743,1035
743,1071
743,1094
743,1253
743,1259
743,1266
743,1401
743,1519
743,1540
743,1634
743,1770
743,1852
743,2016
743,2044
743,2103
743,2210
743,2227
743,2338
743,2454
743,2468
743,2574
743,2640
743,2655
743,2678
743,2813
743,2934
743,2977
743,3020
743,3165
743,3326
743,3547
743,3632
743,3635
743,3882
743,4002
744,888
744,985
744,1177
744,1207
744,1214
744,1251
744,1428
744,1538
744,1704
744,1731
744,1831
744,1863
744,1915
744,2034
744,2171
744,2370
744,2497
744,3057
744,3155
744,3181
745,861
745,1224
745,1284
745,1363
745,1369
745,1409
745,1492
745,1603
745,1700
745,1819
745,1865
745,1870
745,2104
745,2366
745,2439
745,2521
745,2570
745,2572
745,2924
745,3027
745,3098
745,3345
745,3467
745,3518
745,3528
745,3809
745,3975
746,773
746,784
746,803
746,826
746,836
746,988
746,1129
746,1188
746,1238
746,1341
746,1404
746,1536
746,1562
746,1639
746,2181
746,2253
746,2345
746,2434
746,2512
746,2516
746,2519
746,2922
746,3559
746,3778
746,3803
746,4005
747,766
747,785
747,828
747,1016
747,1062
747,1125
747,1279
747,1431
747,1525
747,1564
747,1667
747,1854
747,2258
747,2339
747,2434
747,2526
747,2595
747,2751
747,2991
747,3001
747,3161
747,3164
747,3432
747,3558
747,3830
747,3875
748,750
748,814
748,913
748,926
748,1105
748,1380
748,1444
748,1524
748,1902
748,2094
748,2098
748,2125
748,2145
748,2265
748,2322
748,2389
748,2798
748,2996
748,3031
748,3471
748,3530
748,3884
748,3902
748,3944
749,787
749,800
749,1015
749,1233
749,1341
749,1656
749,1899
749,1940
749,1945
749,2244
749,2480
749,2517
749,2603
749,2798
749,3011
749,3118
749,3230
749,3341
749,3548
749,3636
749,3921
749,3958
750,802
750,973
750,1108
750,1203
750,1414
750,1431
750,1512
750,1524
750,1525
750,1543
750,1556
750,1562
750,1644
750,1816
750,1871
750,2065
750,2169
750,2216
750,2228
750,2232
750,2257
750,2382
750,2419
750,2508
750,2575
750,2704
750,3197
750,3287
750,3433
750,3616
750,3761
750,3799
750,3816
750,4033
751,827
751,859
751,965
751,1196
751,1557
751,1585
751,1672
751,1738
751,2011
751,2084
751,2106
751,2124
751,2195
751,2305
751,2369
751,2479
751,2520
751,2744
751,2824
751,3306
751,3514
751,3740
751,3841
751,3885
752,769
752,785
752,871
752,920
752,946
752,1006
752,1047
752,1148
752,1184
752,1242
752,1268
752,1897
752,1949
752,1962
752,2207
752,2238
752,2300
752,2382
752,2448
752,2564
752,2936
752,2941
752,3304
752,3320
752,3550
752,3674
752,3701
752,3918
753,754
753,805
753,873
753,903
753,972
753,1038
753,1164
753,1411
753,1500
753,1543
753,1561
753,1700
753,1752
753,1848
753,1971
753,2216
753,2356
753,2384
753,2502
753,2519
753,2549
753,2561
753,2654
753,2886
753,2932
753,2984
753,3099
753,3119
753,3230
753,3453
753,3466
753,3554
753,3739
753,3898
753,3921
753,3970
753,3984
754,836
754,898
754,942
754,1164
754,1196
754,1218
754,1275
754,1479
754,1560
754,1587
754,1641
754,1772
754,1848
754,1930
754,2670
754,2938
754,3002
754,3014
754,3041
754,3186
754,3293
754,3346
754,3489
754,3526
754,3583
754,3648
754,3709
754,3805
754,3868
754,3874
754,3997
755,837
755,856
755,877
755,882
755,909
755,918
755,1185
755,1215
755,1216
755,1305
755,1449
755,1520
755,1637
755,2083
755,2165
755,2200
755,2288
755,2298
755,2300
755,2393
755,2557
755,2664
755,2844
755,3000
755,3110
755,3241
755,3406
755,3537
755,3563
755,3569
755,3959
756,808
756,863
756,999
756,1007
756,1132
756,1201
756,1251
756,1271
756,1292
756,1448
756,1502
756,1607
756,1784
756,1883
756,1919
756,2048
756,2134
756,2154
756,2177
756,2183
756,2389
756,2526
756,2705
756,2982
756,2988
756,3092
756,3115
756,3288
756,3363
756,3474
756,3495
756,3569
756,3742
756,3793
756,3831
757,781
757,909
757,1011
757,1072
757,1338
757,1383
757,1661
757,1691
757,1789
757,1850
757,1995
757,2101
757,2129
757,2136
757,2219
757,2448
757,2852
757,3052
757,3412
757,3568
757,3815
758,776
758,801
758,969
758,1106
758,1135
758,1303
758,1509
758,1888
758,1913
758,2143
758,2202
758,2221
758,2336
758,2439
758,2456
758,2494
758,2513
758,2655
758,2685
758,2691
758,3207
758,3271
758,3357
758,3395
758,3877
758,3980
759,780
759,803
759,843
759,897
759,1068
759,1130
759,1198
759,1204
759,1261
759,1270
759,1492
759,1620
759,1708
759,1839
759,1841
759,1857
759,1900
759,2014
759,2015
759,2058
759,2316
759,2371
759,2411
759,2495
759,2595
759,2831
759,2877
759,3553
759,3604
759,3642
759,3791
759,3984
760,809
760,1045
760,1137
760,1142
760,1203
760,1250
760,1269
760,1308
760,1497
760,1506
760,1518
760,1667
760,1727
760,1745
760,1934
760,1974
760,2260
760,2565
760,2581
760,2662
760,2845
760,3365
760,3950
761,791
761,846
761,882
761,907
761,936
761,1045
761,1113
761,1126
761,1172
761,1193
761,1375
761,1395
761,1676
761,1702
761,1857
761,1898
761,2083
761,2163
761,2198
761,2339
761,2466
761,2529
761,2612
761,2684
761,2711
761,2716
761,2722
761,2800
761,2968
761,3045
761,3074
761,3097
761,3325
761,3410
761,3434
761,3562
762,784
762,799
762,884
762,909
762,1031
762,1092
762,1491
762,1520
762,1549
762,1636
762,1651
762,1685
762,1959
762,2110
762,2285
762,2401
762,2439
762,2511
762,2925
762,3014
762,3073
762,3096
762,3149
762,3498
762,3661
762,3716
762,3732
762,3733
762,3755
762,3876
762,3961
763,927
763,1017
763,1031
763,1038
763,1076
763,1095
763,1439
763,1482
763,1607
763,1610
763,1648
763,1749
763,2036
763,2292
763,2453
763,2517
763,2705
763,2708
763,2718
763,2786
763,2894
763,3270
763,3452
763,3495
763,3776
764,1184
764,1350
764,1455
764,1554
764,1635
764,1701
764,1808
764,1832
764,1868
764,1955
764,2274
764,2297
764,2344
764,2430
764,2507
764,2640
764,2741
764,2980
764,3016
764,3073
764,3089
764,3176
764,3349
764,3604
764,3719
764,3811
765,1025
765,1026
765,1080
765,1144
765,1163
765,1178
765,1319
765,1348
765,1402
765,1493
765,1753
765,2108
765,2165
765,2203
765,2373
765,2603
765,2611
765,2680
765,2929
765,3306
765,3403
765,3458
765,3664
765,3871
765,3963
765,4030
766,805
766,932
766,978
766,1187
766,1386
766,1430
766,1469
766,1546
766,1572
766,1596
766,1655
766,1816
766,1831
766,1873
766,1906
766,2269
766,2520
766,2791
766,2811
766,2822
766,2947
766,3413
766,3484
766,3591
766,3917
766,3979
766,4037
767,793
767,883
767,1158
767,1166
767,1324
767,1333
767,1377
767,1720
767,1773
767,1987
767,2064
767,2162
767,2179
767,2321
767,2359
767,2507
767,2568
767,2614
767,2778
767,2830
767,3009
767,3018
767,3587
767,3762
767,3993
768,802
768,874
768,1155
768,1256
768,1410
768,1470
768,1709
768,1906
768,1914
768,1977
768,2004
768,2076
768,2114
768,2123
768,2129
768,2192
768,2431
768,2570
768,2691
768,2864
768,2868
768,2926
768,2944
768,3006
768,3090
768,3107
768,3147
768,3322
768,3360
768,3393
768,3489
768,3738
769,807
769,918
769,1247
769,1368
769,1397
769,1656
769,1779
769,1845
769,1999
769,2043
769,2085
769,2112
769,2165
769,2215
769,2428
769,2526
769,2908
769,3124
769,3434
769,3516
769,3767
769,3834
769,3903
769,3935
770,1027
770,1101
770,1119
770,1170
770,1335
770,1856
770,1873
770,1959
770,1999
770,2006
770,2012
770,2068
770,2109
770,2133
770,2173
770,2276
770,2319
770,2578
770,2948
770,3023
770,3174
770,3210
770,3232
770,3281
770,3401
770,3523
770,3887
771,929
771,968
771,971
771,997
771,1017
771,1182
771,1189
771,1217
771,1307
771,1402
771,1453
771,1510
771,1540
771,1594
771,1653
771,1815
771,1843
771,1846
771,1935
771,1980
771,2040
771,2167
771,2227
771,2514
771,2551
771,2675
771,2712
771,2741
771,2930
771,2969
771,3209
771,3278
771,3484
771,3582
771,3731
771,3758
771,3810
771,4011
772,789
772,873
772,896
772,994
772,1095
772,1132
772,1149
772,1191
772,1293
772,1315
772,1471
772,1478
772,1534
772,1585
772,1723
772,1940
772,2054
772,2312
772,2356
772,2393
772,2577
772,2633
772,2663
772,2711
772,2783
772,2855
772,2924
772,3074
772,3251
772,3322
772,3398
772,3449
772,3485
772,3691
772,3977
772,4018
773,953
773,1121
773,1406
773,1663
773,1671
773,1727
773,1825
773,1827
773,2240
773,2336
773,2608
773,2616
773,2678
773,2714
773,2739
773,2808
773,2878
773,2887
773,3024
773,3067
773,3103
773,3183
773,3790
773,3870
773,3884
773,4027
774,1031
774,1172
774,1339
774,1480
774,1680
774,1685
774,1695
774,1837
774,1872
774,1967
774,2293
774,2580
774,2621
774,3123
774,3278
774,3325
774,3447
774,3529
774,3619
774,3707
774,3924
775,832
775,929
775,1111
775,1311
775,1350
775,1588
775,1757
775,1807
775,1908
775,1949
775,1985
775,2394
775,2637
775,2658
775,3098
775,3125
775,3327
775,3458
775,3544
775,3589
775,3777
775,3975
776,781
776,831
776,951
776,962
776,1088
776,1186
776,1319
776,1405
776,1508
776,1564
776,1565
776,1611
776,1623
776,1682
776,1707
776,1767
776,1863
776,1951
776,2012
776,2189
776,2242
776,2822
776,2832
776,3165
776,3310
776,3754
776,3833
777,821
777,890
777,907
777,908
777,1000
777,1018
777,1037
777,1075
777,1132
777,1174
777,1507
777,1526
777,1531
777,1555
777,1558
777,1609
777,1611
777,2209
777,2366
777,2440
777,2636
777,2730
777,3134
777,3220
777,3319
777,3358
777,3363
777,3379
778,950
778,980
778,1027
778,1062
778,1089
778,1126
778,1214
778,1218
778,1238
778,1267
778,1400
778,1539
778,1574
778,1584
778,2139
778,2169
778,2286
778,2318
778,2335
778,2834
778,3548
778,3602
778,3635
778,3873
778,3883
778,3977
779,835
779,840
779,1042
779,1211
779,1274
779,1523
779,1547
779,1716
779,1847
779,2045
779,2175
779,2245
779,2292
779,2580
779,2581
779,2831
779,3057
779,3082
779,3086
779,3225
779,3492
779,3496
779,3633
779,3657
779,3711
779,3750
780,813
780,831
780,1141
780,1165
780,1196
780,1326
780,1454
780,1458
780,1690
780,1734
780,1870
780,1996
780,2005
780,2126
780,2131
780,2172
780,2178
780,2229
780,2322
780,2356
780,2554
780,2556
780,2696
780,2862
780,2888
780,3150
780,3268
780,3542
780,3640
780,3746
780,3774
780,4022
781,793
781,811
781,918
781,1257
781,1338
781,1401
781,1416
781,1619
781,1763
781,1804
781,1871
781,1921
781,1976
781,2031
781,2065
781,2181
781,2224
781,2321
781,2389
781,2446
781,2515
781,2724
781,2745
781,2975
781,2999
781,3026
781,3311
781,3421
781,3949
781,4025
782,794
782,848
782,952
782,995
782,1166
782,1341
782,1380
782,1520
782,1576
782,1614
782,1639
782,1647
782,1722
782,1756
782,1855
782,1872
782,1873
782,1874
782,1907
782,1963
782,2037
782,2052
782,2146
782,2234
782,2316
782,2418
782,2508
782,2523
782,2530
782,2578
782,2780
782,2934
782,3006
782,3091
782,3124
782,3388
782,3527
782,3695
782,3753
782,3865
782,3950
783,814
783,931
783,1037
783,1080
783,1343
783,1445
783,1775
783,1852
783,1979
783,2069
783,2198
783,2306
783,2484
783,2561
783,2585
783,2788
783,2945
783,2970
783,3013
783,3122
783,3163
783,3238
783,3461
783,3538
783,3597
783,3895
784,907
784,989
784,1021
784,1060
784,1132
784,1177
784,1377
784,1409
784,1422
784,1750
784,1995
784,2089
784,2192
784,2198
784,2327
784,2332
784,2416
784,2453
784,2607
784,2612
784,2672
784,2695
784,2796
784,3012
784,3225
784,3281
784,3487
784,3516
784,3585
784,3621
784,3802
784,3833
784,4004
785,843
785,1037
785,1079
785,1133
785,1246
785,1323
785,1439
785,1578
785,1848
785,1940
785,1967
785,1968
785,2261
785,2369
785,2464
785,2653
785,2784
785,3202
785,3265
785,3350
785,3412
785,3538
785,3858
785,3863
785,3984
786,812
786,815
786,900
786,902
786,1047
786,1070
786,1085
786,1158
786,1315
786,1330
786,1605
786,1702
786,1804
786,2193
786,2317
786,2351
786,2495
786,2555
786,2820
786,2859
786,2884
786,3169
786,3930
786,3947
787,832
787,917
787,940
787,945
787,971
787,975
787,1009
787,1168
787,1243
787,1337
787,1432
787,1507
787,1527
787,1709
787,1939
787,2178
787,2281
787,2342
787,2488
787,2718
787,2745
787,2944
787,3304
787,3767
787,3942
788,839
788,964
788,974
788,979
788,995
788,1023
788,1097
788,1174
788,1261
788,1494
788,1517
788,1547
788,1829
788,1959
788,2048
788,2155
788,2284
788,2313
788,2315
788,2373
788,2388
788,2441
788,2497
788,2565
788,2629
788,2857
788,2937
788,2949
788,3025
788,3041
788,3142
788,3256
788,3419
788,3476
788,3673
788,3766
789,903
789,921
789,927
789,948
789,949
789,1035
789,1078
789,1314
789,1317
789,1353
789,1467
789,1512
789,1552
789,1647
789,1650
789,1768
789,1867
789,1888
789,1900
789,2000
789,2244
789,2245
789,2267
789,2532
789,2596
789,2916
789,2943
789,2965
789,3182
789,3195
789,3684
789,3865
790,909
790,941
790,969
790,1115
790,1151
790,1190
790,1302
790,1357
790,1419
790,1675
790,1724
790,1755
790,1812
790,1827
790,2177
790,2274
790,2749
790,2871
790,2929
790,3180
790,3231
790,3684
790,3871
791,807
791,941
791,991
791,1013
791,1116
791,1170
791,1286
791,1439
791,1720
791,1740
791,2043
791,2080
791,2131
791,2297
791,2327
791,2388
791,2744
791,2817
791,2838
791,2915
791,2941
791,3190
791,3255
791,3260
791,3306
791,3361
791,4017
792,1214
792,1235
792,1249
792,1281
792,1463
792,1509
792,1520
792,1708
792,1838
792,1939
792,1953
792,1970
792,2107
792,2387
792,2717
792,2824
792,2914
792,2944
792,3074
792,3205
792,3386
792,3424
792,3470
792,3507
792,3806
792,3882
792,3985
792,4016
793,904
793,1035
793,1453
793,1482
793,1568
793,1696
793,1703
793,2456
793,2573
793,2847
793,2975
793,3367
793,3920
793,3974
794,858
794,880
794,913
794,923
794,928
794,1071
794,1288
794,1688
794,1926
794,1990
794,2025
794,2225
794,2669
794,2969
794,3174
794,3366
794,3383
794,3681
794,3874
795,802
795,886
795,903
795,922
795,1235
795,1442
795,1587
795,1635
795,1907
795,2170
795,2338
795,2397
795,2412
795,2496
795,2577
795,2610
795,2866
795,3030
795,3326
795,3352
795,3502
795,3547
795,3593
795,3603
795,3724
795,3830
795,3997
796,816
796,834
796,868
796,887
796,893
796,985
796,991
796,1064
796,1098
796,1125
796,1331
796,1452
796,1496
796,1557
796,1675
796,1757
796,1929
796,2042
796,2066
796,2084
796,2209
796,2225
796,2255
796,2296
796,2345
796,2427
796,2539
796,2843
796,3208
796,3424
796,3641
796,3668
796,3876
796,3958
797,934
797,1011
797,1082
797,1400
797,1738
797,1903
797,1950
797,2301
797,2394
797,2547
797,2566
797,2740
797,2781
797,2810
797,2860
797,2870
797,2922
797,3111
797,3114
797,3199
797,3203
797,3785
797,3845
798,914
798,978
798,1551
798,1552
798,1668
798,1817
798,1924
798,1941
798,1967
798,2075
798,2172
798,2228
798,2628
798,2720
798,2742
798,2767
798,2972
798,3232
798,3256
798,3710
798,3974
799,849
799,861
799,873
799,891
799,917
799,980
799,1012
799,1036
799,1115
799,1231
799,1316
799,1485
799,1490
799,1493
799,1540
799,1565
799,1603
799,1741
799,1743
799,1848
799,1872
799,1941
799,2015
799,2042
799,2230
799,2240
799,2250
799,2348
799,2376
799,2413
799,2470
799,2491
799,2537
799,2573
799,2714
799,2781
799,2799
799,2976
799,3050
799,3080
799,3093
799,3159
799,3177
799,3231
799,3283
799,3302
799,3872
799,3894
799,3906
799,4014
800,855
800,906
800,911
800,984
800,1010
800,1132
800,1181
800,1310
800,1319
800,1330
800,1337
800,1341
800,1500
800,1824
800,1826
800,2472
800,2496
800,2503
800,2617
800,2757
800,2854
800,2895
800,2929
800,3010
800,3032
800,3205
800,3267
800,3400
800,3449
800,3557
801,828
801,911
801,1118
801,1154
801,1215
801,1227
801,1234
801,1632
801,1658
801,1674
801,1690
801,1713
801,1737
801,1854
801,1928
801,1955
801,2037
801,2118
801,2163
801,2203
801,2280
801,2410
801,2438
801,2443
801,2445
801,2475
801,2879
801,2921
801,3044
801,3282
801,3355
801,3475
802,859
802,996
802,1248
802,1414
802,1575
802,1743
802,1754
802,1894
802,1987
802,2564
802,2613
802,3249
802,3341
802,3395
802,3443
802,3699
803,853
803,920
803,934
803,985
803,1016
803,1062
803,1084
803,1193
803,1296
803,1337
803,1345
803,1565
803,1592
803,1593
803,1654
803,1661
803,1672
803,1699
803,1712
803,1720
803,1842
803,2173
803,2198
803,2215
803,2243
803,2389
803,2451
803,2644
803,2722
803,2895
803,3167
803,3238
803,3264
803,3275
803,3660
803,3773
803,3778
803,4021
803,4034
804,1147
804,1427
804,1499
804,1591
804,1984
804,2336
804,2370
804,2429
804,2507
804,2725
804,2742
804,2798
804,2846
804,2890
804,3307
804,3369
804,3407
804,3646
804,3695
804,3910
804,3992
805,839
805,881
805,1268
805,1315
805,1485
805,1782
805,1875
805,2274
805,2310
805,2337
805,2362
805,2395
805,2522
805,2603
805,2852
805,2896
805,3205
805,3258
806,834
806,917
806,928
806,1084
806,1195
806,1214
806,1486
806,1560
806,1575
806,1647
806,1749
806,1859
806,1868
806,2058
806,2169
806,2336
806,2352
806,2406
806,2886
806,2897
806,2997
806,3098
806,3317
806,3776
806,3870
806,3936
807,977
807,1247
807,1600
807,1657
807,1672
807,1836
807,1987
807,2143
807,2188
807,2271
807,2275
807,2302
807,2589
807,2792
807,3259
807,3277
807,3472
807,3537
807,3581
807,3762
808,862
808,877
808,878
808,943
808,1089
808,1119
808,1170
808,1190
808,1368
808,1601
808,1612
808,1791
808,1822
808,1840
808,2063
808,2306
808,2314
808,2491
808,2550
808,2636
808,2682
808,2894
808,3011
808,3196
808,3303
808,3530
808,3839
808,3900
809,827
809,844
809,970
809,1025
809,1032
809,1053
809,1059
809,1109
809,1117
809,1129
809,1191
809,1224
809,1244
809,1258
809,1322
809,1445
809,1545
809,1599
809,1721
809,1731
809,1841
809,2067
809,2097
809,2104
809,2146
809,2167
809,2388
809,2413
809,2481
809,2504
809,2531
809,2738
809,2796
809,2823
809,2952
809,2987
809,3052
809,3059
809,3105
809,3370
809,3500
809,3664
809,3737
809,3740
809,3788
809,3866
810,860
810,1086
810,1186
810,1291
810,1333
810,1396
810,1450
810,1514
810,1528
810,1558
810,1721
810,1850
810,1945
810,1965
810,2606
810,2646
810,2668
810,2678
810,2777
810,3409
810,3734
811,880
811,964
811,1175
811,1189
811,1252
811,1438
811,1558
811,1583
811,1698
811,1799
811,1836
811,1858
811,1883
811,2039
811,2096
811,2190
811,2194
811,2243
811,2369
811,2598
811,2833
811,3047
811,3109
811,3228
811,3333
811,3350
811,3507
811,3567
811,3644
811,3946
812,823
812,844
812,845
812,852
812,868
812,938
812,984
812,1019
812,1030
812,1070
812,1081
812,1101
812,1123
812,1158
812,1177
812,1287
812,1314
812,1320
812,1493
812,1548
812,1583
812,1661
812,1701
812,1719
812,1871
812,1884
812,1945
812,2148
812,2208
812,2421
812,2640
812,2655
812,2664
812,2733
812,2814
812,2914
812,2927
812,3004
812,3117
812,3393
812,3417
812,3499
812,3581
812,3591
812,3746
812,3805
813,943
813,961
813,975
813,1025
813,1041
813,1188
813,1297
813,1423
813,1430
813,1486
813,1562
813,1650
813,1756
813,2102
813,2529
813,2694
813,2720
813,2730
813,2763
813,3034
813,3331
813,3603
813,3700
813,3963
814,909
814,970
814,1115
814,1162
814,1378
814,1497
814,2125
814,2207
814,2320
814,2391
814,2399
814,2771
814,2786
814,2787
814,2986
814,3048
814,3088
814,3133
814,3211
814,3918
815,868
815,869
815,912
815,1212
815,1256
815,1499
815,1557
815,1677
815,1841
815,1850
815,1860
815,2686
815,2748
815,2845
815,3441
815,3542
815,3576
815,3584
815,3678
815,3890
815,3914
815,4001
815,4016
816,826
816,870
816,899
816,1005
816,1054
816,1096
816,1138
816,1216
816,1233
816,1289
816,1313
816,1365
816,1394
816,1400
816,1639
816,1982
816,2035
816,2212
816,2616
816,2775
816,3039
816,3399
816,3474
816,3546
816,3632
816,3740
817,846
817,902
817,906
817,984
817,1030
817,1039
817,1105
817,1110
817,1278
817,1322
817,1375
817,1499
817,1515
817,1545
817,1562
817,1761
817,1779
817,1813
817,1848
817,1999
817,2162
817,2328
817,3011
817,3388
817,3531
817,3561
817,3617
817,3733
817,3820
817,3986
817,3990
817,4000
818,849
818,864
818,930
818,975
818,1014
818,1047
818,1097
818,1111
818,1123
818,1219
818,1301
818,1369
818,1519
818,1567
818,1639
818,1953
818,2098
818,2169
818,2177
818,2284
818,2305
818,2400
818,2923
818,3148
818,3157
818,3291
818,3326
818,3538
818,3959
819,869
819,1013
819,1027
819,1177
819,1244
819,1347
819,1496
819,1511
819,1538
819,1660
819,1700
819,1861
819,2014
819,2033
819,2166
819,2402
819,2560
819,2583
819,2746
819,2940
819,3581
819,3803
819,3900
820,886
820,903
820,934
820,1096
820,1119
820,1242
820,1387
820,1410
820,1464
820,2072
820,2494
820,3010
820,3195
820,3227
820,3423
820,3596
820,3616
820,3698
820,3800
820,3981
821,851
821,865
821,968
821,985
821,1033
821,1068
821,1146
821,1170
821,1532
821,1543
821,1629
821,1632
821,1790
821,1792
821,1992
821,2251
821,2254
821,2341
821,2510
821,2531
821,2632
821,2834
821,3061
821,3111
821,3315
821,3459
821,3484
821,3778
821,3824
821,3938
822,871
822,950
822,957
822,965
822,1131
822,1327
822,1348
822,1353
822,1495
822,1581
822,1660
822,2163
822,2402
822,2438
822,2464
822,2545
822,2620
822,2680
822,2699
822,2885
822,2902
822,3010
822,3435
822,3706
822,3845
823,960
823,961
823,995
823,1079
823,1080
823,1090
823,1123
823,1182
823,1208
823,1273
823,1385
823,1512
823,1624
823,2056
823,2065
823,2079
823,2132
823,2328
823,2363
823,2437
823,2616
823,2622
823,2737
823,2804
823,2920
823,2962
823,3016
823,3108
823,3241
823,3471
823,3477
823,3773
823,3815
823,3819
823,3840
823,3855
823,3893
823,3947
824,844
824,870
824,872
824,905
824,918
824,951
824,973
824,976
824,1024
824,1117
824,1157
824,1464
824,1595
824,1610
824,1679
824,1689
824,1873
824,1886
824,2100
824,2289
824,2415
824,2416
824,2433
824,2449
824,2533
824,2546
824,2566
824,2736
824,2965
824,3236
824,3331
824,3372
824,3376
824,3469
824,3515
824,3594
824,3624
824,3849
824,3904
824,3905
824,3936
824,4011
825,936
825,1073
825,1098
825,1211
825,1215
825,1276
825,1871
825,1909
825,1993
825,2071
825,2105
825,2164
825,2404
825,2463
825,2543
825,2829
825,2874
825,2988
825,3022
825,3422
825,3656
825,3745
825,3797
825,3864
825,4015
826,837
826,926
826,978
826,998
826,1062
826,1066
826,1115
826,1118
826,1149
826,1260
826,1265
826,1414
826,1455
826,1485
826,1547
826,1588
826,1597
826,1630
826,1649
826,1672
826,1808
826,1812
826,1820
826,1887
826,1908
826,1946
826,2037
826,2054
826,2243
826,2393
826,2428
826,2552
826,2770
826,2939
826,2965
826,3004
826,3087
826,3112
826,3176
826,3511
826,3573
826,3884
826,3907
827,865
827,960
827,999
827,1009
827,1091
827,1096
827,1098
827,1201
827,1280
827,1332
827,1333
827,1432
827,1458
827,1465
827,1670
827,1780
827,1970
827,2004
827,2011
827,2094
827,2450
827,2573
827,2599
827,2629
827,2825
827,2893
827,3032
827,3100
827,3143
827,3160
827,3426
827,3539
827,3676
827,4015
828,910
828,983
828,1068
828,1153
828,1198
828,1217
828,1293
828,1311
828,1318
828,1409
828,1428
828,1543
828,1697
828,1709
828,1764
828,1797
828,1812
828,1853
828,1943
828,2038
828,2123
828,2349
828,2354
828,2357
828,2518
828,2707
828,2777
828,2826
828,2941
828,2972
828,3272
828,3414
829,835
829,847
829,907
829,992
829,1088
829,1185
829,1205
829,1232
829,1234
829,1311
829,1336
829,1401
829,1500
829,1680
829,1819
829,1943
829,2058
829,2172
829,2213
829,2279
829,2438
829,2633
829,2703
829,2834
829,2884
829,3062
829,3182
829,3270
829,3275
829,3286
829,3385
829,3447
829,3501
829,3561
830,973
830,1010
830,1217
830,1318
830,1412
830,1454
830,1652
830,1723
830,1771
830,1774
830,1835
830,1857
830,1883
830,1969
830,1999
830,2029
830,2328
830,2568
830,2570
830,2586
830,2603
830,2616
830,2654
830,2686
830,2748
830,2787
830,2886
830,2922
830,2943
830,2962
830,3039
830,3537
830,3564
830,3634
830,3665
830,3755
830,4038
831,870
831,903
831,1139
831,1264
831,1398
831,1487
831,1538
831,1660
831,1776
831,1789
831,1814
831,1847
831,1872
831,2013
831,2140
831,2292
831,2313
831,2319
831,2354
831,2626
831,2780
831,2870
831,2973
831,3022
831,3439
831,3559
831,3818
831,3891
831,3926
831,3938
831,3968
832,882
832,941
832,1029
832,1098
832,1199
832,1360
832,1395
832,1396
832,1427
832,1469
832,1524
832,1536
832,1589
832,1598
832,1602
832,1651
832,1673
832,1811
832,1923
832,1984
832,2054
832,2096
832,2143
832,2227
832,2237
832,2246
832,2432
832,2452
832,2455
832,2479
832,2551
832,2573
832,2669
832,2780
832,2823
832,3055
832,3484
832,3565
832,3610
832,3677
832,3711
833,846
833,1134
833,1241
833,1287
833,1324
833,1585
833,1681
833,1730
833,1749
833,2164
833,2742
833,2747
833,2822
833,2877
833,2911
833,2921
833,3101
833,3202
833,3290
833,3777
833,4010
834,873
834,908
834,949
834,997
834,1046
834,1106
834,1165
834,1204
834,1601
834,1633
834,1719
834,1752
834,1800
834,1837
834,1957
834,2011
834,2190
834,2264
834,2568
834,2624
834,2723
834,2867
834,2879
834,2914
834,3004
834,3033
834,3088
834,3580
834,3709
834,3740
834,3757
834,3821
834,3851
834,3870
835,912
835,1067
835,1198
835,1385
835,1524
835,1804
835,1825
835,1913
835,1978
835,2029
835,2040
835,2238
835,2248
835,2309
835,2566
835,2633
835,2745
835,2839
835,3019
835,3146
835,3225
835,3384
835,3619
836,844
836,997
836,1045
836,1128
836,1142
836,1178
836,1298
836,1384
836,1437
836,1444
836,1508
836,1597
836,1668
836,1756
836,1791
836,1809
836,1897
836,1949
836,2104
836,2255
836,2413
836,2814
836,2969
836,3017
836,3020
836,3098
836,3368
836,3457
836,3755
836,3837
836,3875
836,3895
836,3949
837,856
837,980
837,1153
837,1167
837,1364
837,1674
837,1767
837,1835
837,1948
837,2124
837,2248
837,2399
837,2408
837,2431
837,2520
837,2653
837,2784
837,3312
837,3368
837,3408
837,3777
837,3863
838,984
838,1132
838,1191
838,1327
838,1370
838,1490
838,1523
838,1701
838,1806
838,1919
838,1975
838,2002
838,2056
838,2121
838,2216
838,2323
838,2394
838,2537
838,2603
838,2770
838,2775
838,2834
838,2958
838,3007
838,3102
838,3135
838,3596
838,3708
838,3800
839,853
839,871
839,1030
839,1159
839,1178
839,1461
839,1497
839,1507
839,1582
839,1584
839,1604
839,1623
839,1645
839,1737
839,1853
839,2098
839,2114
839,2281
839,2317
839,2322
839,2477
839,2580
839,2692
839,2713
839,2714
839,2752
839,2770
839,2793
839,2899
839,3129
839,3198
839,3204
839,3381
839,3578
839,3635
839,3862
839,3913
839,3929
839,3959
839,3987
840,883
840,936
840,962
840,978
840,1074
840,1085
840,1086
840,1198
840,1256
840,1362
840,1514
840,1550
840,1659
840,1823
840,1827
840,1835
840,1839
840,1851
840,1867
840,1933
840,1979
840,2048
840,2218
840,2298
840,2375
840,2628
840,2669
840,2771
840,2835
840,2935
840,3069
840,3137
840,3294
840,3357
840,3489
840,3879
840,3891
840,3967
841,853
841,888
841,889
841,927
841,981
841,1013
841,1157
841,1160
841,1169
841,1228
841,1250
841,1339
841,1495
841,1582
841,1708
841,1780
841,1850
841,1895
841,1946
841,1961
841,2080
841,2292
841,2346
841,2414
841,2716
841,2738
841,2819
841,2869
841,2885
841,3026
841,3098
841,3162
841,3281
841,3315
841,3322
841,3435
841,3494
842,960
842,1015
842,1099
842,1304
842,1316
842,1508
842,1589
842,2140
842,2233
842,2280
842,2393
842,2616
842,2924
842,2931
842,3997
843,851
843,861
843,954
843,978
843,1159
843,1185
843,1355
843,1391
843,1422
843,1624
843,1668
843,1688
843,1982
843,2038
843,2063
843,2149
843,2366
843,2369
843,2464
843,2843
843,2915
843,3012
843,3104
843,3417
843,3436
843,3474
843,3601
844,846
844,854
844,870
844,875
844,883
844,976
844,1055
844,1059
844,1176
844,1197
844,1220
844,1234
844,1387
844,1419
844,1563
844,1774
844,1794
844,1906
844,2209
844,2777
844,2785
844,2811
844,2999
844,3045
844,3064
844,3272
844,3444
844,3562
844,3762
845,926
845,954
845,981
845,1038
845,1086
845,1203
845,1486
845,1917
845,1985
845,1991
845,2087
845,2210
845,2289
845,2303
845,2453
845,2527
845,2795
845,3099
845,3112
845,3134
845,3180
845,3253
845,3280
845,3346
845,3426
845,3463
845,3665
845,3820
845,3845
845,3857
846,851
846,862
846,924
846,940
846,965
846,1038
846,1297
846,1360
846,1387
846,1436
846,1442
846,1774
846,1823
846,1899
846,2233
846,2316
846,2500
846,2554
846,2890
846,3259
846,3434
846,3715
846,3757
847,889
847,1207
847,1220
847,1351
847,1369
847,1412
847,1607
847,1636
847,1637
847,1812
847,1826
847,1937
847,2163
847,2218
847,2477
847,2514
847,2549
847,2733
847,2759
847,2894
847,2920
847,3075
847,3157
847,3252
847,3453
847,3756
847,3764
847,3773
847,3889
847,4021
848,868
848,940
848,973
848,1190
848,1200
848,1260
848,1541
848,1768
848,1891
848,2123
848,2157
848,2177
848,2194
848,2326
848,2971
848,3310
848,3526
848,3578
849,876
849,1009
849,1087
849,1107
849,1400
849,1416
849,1687
849,1740
849,1922
849,2142
849,2307
849,2340
849,2429
849,2431
849,2461
849,2482
849,2545
849,2675
849,3096
849,3112
849,3175
849,3220
849,3261
849,3462
849,3554
849,3917
849,3950
850,866
850,947
850,958
850,1010
850,1081
850,1098
850,1414
850,1479
850,1552
850,1563
850,1694
850,1956
850,1983
850,2047
850,2115
850,2134
850,2197
850,2332
850,2436
850,2453
850,2496
850,2855
850,3004
850,3008
850,3029
850,3652
850,3716
850,3985
851,979
851,1020
851,1031
851,1145
851,1497
851,1581
851,1736
851,1765
851,2128
851,2443
851,2702
851,2820
851,2825
851,2909
851,2969
851,2982
851,3112
851,3206
851,3249
851,3268
851,3346
851,3760
851,3870
851,3922
851,3951
852,892
852,917
852,1209
852,1338
852,1358
852,1394
852,1491
852,1725
852,1935
852,2111
852,2297
852,2545
852,2548
852,2718
852,3540
852,3792
853,876
853,928
853,934
853,1038
853,1064
853,1164
853,1274
853,1280
853,1306
853,1417
853,1535
853,1616
853,1678
853,1869
853,1875
853,1962
853,2173
853,2291
853,2408
853,2472
853,2488
853,2850
853,3149
853,3150
853,3774
853,3968
854,987
854,1063
854,1095
854,1352
854,1417
854,1543
854,1922
854,1938
854,2254
854,2587
854,2629
854,2676
854,2690
854,3035
854,3153
854,3242
854,3599
854,3664
854,4008
855,892
855,913
855,953
855,1024
855,1149
855,1178
855,1209
855,1437
855,1447
855,1516
855,1557
855,1612
855,1618
855,1642
855,1955
855,2084
855,2182
855,2344
855,2378
855,2621
855,2653
855,2975
855,3077
855,3101
855,3368
855,3419
855,3564
855,3659
855,3665
855,4003
855,4013
855,4027
856,1120
856,1229
856,1478
856,1533
856,1601
856,1739
856,1834
856,2265
856,2279
856,2749
856,3323
856,3495
856,3645
856,4007
857,893
857,943
857,1050
857,1116
857,1241
857,1291
857,1382
857,1500
857,1637
857,1805
857,1933
857,1949
857,1996
857,2114
857,2260
857,2311
857,2463
857,2486
857,2509
857,2732
857,2799
857,2882
857,3050
857,3208
857,3500
857,3527
857,3595
857,3847
857,3975
858,893
858,894
858,984
858,994
858,1042
858,1139
858,1242
858,1396
858,1525
858,1554
858,1613
858,1658
858,1663
858,1751
858,1760
858,1779
858,2258
858,2324
858,2401
858,2663
858,2737
858,2841
858,3237
858,3303
858,3574
858,3690
858,3822
858,3858
858,3909
858,3923
859,863
859,992
859,1010
859,1094
859,1115
859,1313
859,1356
859,1456
859,1555
859,1717
859,1811
859,2120
859,2380
859,2512
859,2809
859,2953
859,3115
859,3121
859,3183
859,3197
859,3380
859,3481
859,3522
859,3583
859,3646
859,3648
859,3804
859,3831
859,3942
859,3943
860,875
860,1049
860,1140
860,1200
860,1202
860,1334
860,1425
860,1928
860,2043
860,2078
860,2182
860,2428
860,2591
860,2792
860,2994
860,3070
860,3141
860,3166
860,3728
860,3746
860,3887
860,3940
860,3965
860,4025
861,892
861,1026
861,1259
861,1299
861,1457
861,1605
861,1655
861,1722
861,1766
861,1882
861,2066
861,2145
861,2177
861,2182
861,2302
861,2804
861,2831
861,2919
861,2934
861,2964
861,2977
861,3308
861,3445
861,3508
861,3585
861,3640
861,3900
862,890
862,925
862,939
862,984
862,999
862,1026
862,1087
862,1113
862,1148
862,1160
862,1162
862,1208
862,1228
862,1355
862,1440
862,1469
862,1705
862,1744
862,1814
862,1893
862,1894
862,1950
862,1969
862,2327
862,2356
862,2728
862,2956
862,2985
862,3039
862,3081
862,3244
862,3367
862,3418
862,3636
862,3683
862,3778
862,4036
863,864
863,943
863,1052
863,1135
863,1173
863,1204
863,1496
863,1508
863,1698
863,1879
863,1921
863,1942
863,2079
863,2166
863,2180
863,2313
863,2369
863,2817
863,2822
863,2839
863,3168
863,3187
863,3673
863,3864
863,3878
864,985
864,1001
864,1860
864,2024
864,2057
864,2163
864,2318
864,2414
864,2882
864,3097
864,3173
864,3185
864,3552
864,3698
864,3908
864,4028
865,979
865,1030
865,1031
865,1046
865,1058
865,1141
865,1168
865,1210
865,1242
865,1373
865,1420
865,1650
865,1702
865,1719
865,1751
865,1862
865,1947
865,1957
865,2005
865,2038
865,2158
865,2387
865,2427
865,2543
865,2691
865,2722
865,2807
865,2828
865,2872
865,2886
865,3054
865,3067
865,3119
865,3126
865,3141
865,3451
865,3641
865,3777
865,3885
865,4011
866,869
866,959
866,962
866,1004
866,1076
866,1148
866,1200
866,1295
866,1340
866,1391
866,1449
866,1558
866,1645
866,1693
866,1917
866,1941
866,2170
866,2410
866,2423
866,2572
866,2873
866,2886
866,2940
866,2945
866,3356
866,3405
866,3541
866,3595
866,3716
866,3837
866,3885
867,906
867,976
867,1151
867,1152
867,1161
867,1231
867,1301
867,1385
867,1392
867,1403
867,1765
867,1857
867,1905
867,1988
867,2120
867,2211
867,2243
867,2359
867,2423
867,2477
867,2534
867,2562
867,2952
867,3026
867,3210
867,3364
867,3391
867,3456
867,3534
867,3552
867,3588
867,3635
867,3731
867,3746
867,3876
868,948
868,1084
868,1124
868,1198
868,1266
868,1288
868,1301
868,1304
868,1548
868,1717
868,1728
868,1858
868,1901
868,1911
868,2058
868,2283
868,2412
868,2488
868,2892
868,3116
868,3169
868,3351
868,3536
869,910
869,1052
869,1062
869,1158
869,1260
869,1308
869,1585
869,1643
869,1695
869,1743
869,1764
869,1911
869,2233
869,2261
869,2369
869,2421
869,2436
869,3153
869,3160
869,3170
869,3242
869,3492
869,3663
869,3686
869,3759
869,4020
870,1053
870,1221
870,1255
870,1257
870,1440
870,1494
870,1535
870,1714
870,2449
870,2450
870,2495
870,2523
870,2814
870,3054
870,3139
870,3378
870,3389
870,3444
870,3901
870,3921
871,906
871,931
871,1331
871,1480
871,1484
871,1520
871,1558
871,1714
871,1753
871,1940
871,1949
871,2547
871,2631
871,2942
871,2955
871,2969
871,3465
871,3947
872,923
872,927
872,948
872,951
872,966
872,1005
872,1008
872,1109
872,1116
872,1139
872,1148
872,1212
872,1235
872,1392
872,1463
872,1528
872,1789
872,1793
872,1892
872,2065
872,2246
872,2343
872,2460
872,2516
872,2649
872,2666
872,2699
872,2726
872,2809
872,2814
872,2831
872,2877
872,2905
872,2924
872,3088
872,3375
872,3582
872,3652
872,3702
872,3972
873,933
873,1148
873,1151
873,1268
873,1478
873,1662
873,1786
873,2035
873,2047
873,2268
873,2669
873,2757
873,2760
873,3230
873,3351
873,3375
873,3538
873,3594
873,3966
874,903
874,904
874,912
874,930
874,964
874,1008
874,1027
874,1044
874,1050
874,1202
874,1205
874,1225
874,1230
874,1239
874,1296
874,1299
874,1365
874,1390
874,1553
874,1726
874,1741
874,1754
874,1761
874,1771
874,1847
874,1905
874,1952
874,1967
874,1990
874,2035
874,2088
874,2132
874,2154
874,2177
874,2207
874,2232
874,2279
874,2470
874,2515
874,2872
874,3007
874,3104
874,3149
874,3211
874,3212
874,3544
874,3561
874,3583
875,960
875,994
875,1098
875,1155
875,1296
875,1326
875,1327
875,1335
875,1665
875,1730
875,1744
875,1967
875,2217
875,2281
875,2362
875,2641
875,2736
875,2811
875,2829
875,3044
875,3374
875,3376
875,3591
875,3605
875,3698
875,3734
876,930
876,956
876,994
876,1079
876,1122
876,1318
876,1388
876,1558
876,1646
876,1653
876,1972
876,2020
876,2060
876,2094
876,2338
876,2426
876,2444
876,2508
876,2612
876,3036
876,3379
876,3418
876,3577
876,3845
876,3878
876,3887
876,3989
877,909
877,990
877,1216
877,1238
877,1289
877,1349
877,1619
877,2073
877,2117
877,2368
877,2372
877,2392
877,2408
877,2507
877,2555
877,2634
877,2657
877,2667
877,3056
877,3106
877,3152
877,3262
877,3275
877,3301
877,3503
877,3596
877,3611
877,3655
877,3672
877,3777
878,1084
878,1114
878,1130
878,1302
878,1358
878,1492
878,1554
878,1560
878,1806
878,1888
878,1919
878,2223
878,2233
878,2272
878,2484
878,2550
878,2577
878,2664
878,2666
878,2817
878,3040
878,3049
878,3539
878,3644
878,3683
878,3705
878,3966
879,957
879,1028
879,1325
879,1376
879,1419
879,1548
879,1615
879,1631
879,1852
879,1955
879,1991
879,1997
879,2061
879,2124
879,2141
879,2282
879,2288
879,2297
879,2332
879,2617
879,2657
879,2711
879,2915
879,2949
879,3508
879,3561
879,3607
879,3724
880,925
880,931
880,935
880,968
880,1119
880,1284
880,1298
880,1331
880,1382
880,1431
880,1803
880,2040
880,2146
880,2211
880,2253
880,2270
880,2297
880,2375
880,2454
880,2579
880,2768
880,2812
880,2826
880,2883
880,2906
880,2944
880,3560
880,3586
880,3686
880,3778
880,3929
881,931
881,987
881,1016
881,1032
881,1120
881,1153
881,1197
881,1458
881,1530
881,1584
881,1588
881,1663
881,1701
881,1775
881,1947
881,2072
881,2341
881,2407
881,2842
881,3308
881,3358
881,3359
881,3522
881,3592
881,3892
882,969
882,990
882,1182
882,1242
882,1349
882,1384
882,1429
882,1445
882,1661
882,1785
882,1928
882,2132
882,2365
882,2494
882,2589
882,2651
882,2661
882,2720
882,2794
882,2864
882,2928
882,2972
882,2985
882,2996
882,3009
882,3046
882,3059
882,3384
882,3586
882,3734
882,3788
882,3949
883,953
883,1197
883,1446
883,1465
883,1781
883,1805
883,1918
883,2002
883,2080
883,2160
883,2307
883,2572
883,2779
883,2838
883,2855
883,3019
883,3070
883,3222
883,3431
883,3846
883,3912
884,891
884,964
884,976
884,1094
884,1335
884,1405
884,1433
884,1463
884,1744
884,1969
884,1985
884,2060
884,2136
884,2174
884,2207
884,2223
884,2354
884,2536
884,2901
884,3012
884,3194
884,3429
884,3476
884,3771
884,3810
884,3872
884,3940
885,956
885,1208
885,1247
885,1335
885,1614
885,1747
885,1877
885,2689
885,2802
885,2948
885,3236
885,3463
885,3503
885,3557
885,3622
885,3894
886,1109
886,1118
886,1222
886,1297
886,1382
886,1735
886,1746
886,1806
886,1896
886,1951
886,2139
886,2604
886,3267
886,3918
887,1021
887,1242
887,1663
887,1681
887,1749
887,2168
887,2171
887,2185
887,2230
887,2282
887,2590
887,2617
887,2889
887,3746
887,3826
887,3834
887,3895
887,3911
888,914
888,961
888,1014
888,1019
888,1090
888,1153
888,1156
888,1174
888,1213
888,1431
888,2052
888,2082
888,2260
888,2279
888,2532
888,2547
888,2759
888,2798
888,2848
888,2887
888,2935
888,2957
888,2961
888,3017
888,3042
888,3046
888,3166
888,3225
888,3377
888,3422
888,3454
888,3757
888,3889
889,897
889,925
889,1056
889,1062
889,1139
889,1240
889,1363
889,1473
889,1498
889,1789
889,1840
889,1966
889,2057
889,2540
889,2674
889,2855
889,3087
889,3089
889,3348
889,3500
889,3637
889,3697
889,3886
890,1139
890,1143
890,1199
890,1260
890,1338
890,1367
890,1378
890,1449
890,1534
890,1547
890,1678
890,1680
890,2238
890,2254
890,2263
890,2279
890,2411
890,2528
890,2725
890,2813
890,3212
890,3523
890,3639
890,3671
890,3689
890,3693
890,3703
890,4031
891,1117
891,1270
891,1324
891,1523
891,1700
891,1957
891,2231
891,2775
891,2894
891,3003
891,3209
891,3520
891,3854
891,3880
891,3901
892,950
892,1018
892,1056
892,1107
892,1122
892,1197
892,1218
892,1327
892,1363
892,1400
892,1491
892,1625
892,1930
892,1939
892,2104
892,2222
892,2575
892,2633
892,2757
892,2761
892,3079
892,3082
892,3249
892,3267
892,3527
892,3566
892,3613
892,3740
893,925
893,944
893,1120
893,1184
893,1258
893,1358
893,1417
893,1455
893,1599
893,1789
893,2127
893,2457
893,2682
893,2819
893,3079
893,3311
893,3587
893,3651
893,3882
893,3987
894,1049
894,1114
894,1210
894,1631
894,1730
894,1731
894,2011
894,2039
894,2190
894,2251
894,2613
894,2647
894,2827
894,2832
894,2886
894,3202
894,3279
894,3428
894,3531
894,3591
894,3669
894,3898
895,958
895,1169
895,1170
895,1194
895,1244
895,1277
895,1287
895,1477
895,1485
895,1545
895,1835
895,2053
895,2141
895,2356
895,2501
895,2536
895,2863
895,2916
895,2958
895,3123
895,3426
895,4018
896,1136
896,1243
896,1382
896,1665
896,1714
896,1763
896,1820
896,1862
896,1933
896,2020
896,2133
896,2230
896,2409
896,2915
896,3257
896,3272
896,3451
896,3480
896,3486
896,3761
896,3921
897,1084
897,1177
897,1203
897,1209
897,1220
897,1260
897,1275
897,1464
897,1546
897,1555
897,1648
897,1655
897,1866
897,1957
897,2009
897,2019
897,2240
897,2265
897,2268
897,2724
897,2767
897,3174
897,3227
897,3391
897,3481
897,3529
897,3874
898,904
898,945
898,970
898,982
898,1013
898,1028
898,1100
898,1148
898,1277
898,1321
898,1390
898,1445
898,1486
898,1524
898,1588
898,1651
898,1796
898,2012
898,2325
898,2394
898,2540
898,2689
898,2871
898,2972
898,2998
898,3021
898,3112
898,3170
898,3188
898,3276
898,3323
898,3356
898,3428
898,3444
898,3577
898,3675
898,3840
898,3896
898,3903
898,4022
899,945
899,1228
899,1311
899,1483
899,1485
899,1549
899,1723
899,1726
899,1788
899,1844
899,1896
899,1949
899,2134
899,2337
899,2384
899,2472
899,2571
899,2730
899,2794
899,2887
899,2936
899,3167
899,3238
899,3781
899,3875
900,939
900,1002
900,1232
900,1260
900,1267
900,1504
900,1682
900,1690
900,1724
900,1785
900,1938
900,2037
900,2408
900,2409
900,2685
900,2711
900,2870
900,3144
900,3402
900,3759
900,3888
901,906
901,937
901,1132
901,1215
901,1270
901,1290
901,1295
901,1356
901,1420
901,1474
901,1562
901,1662
901,1742
901,1781
901,1809
901,1881
901,1892
901,2046
901,2100
901,2129
901,2179
901,2193
901,2239
901,2295
901,2395
901,2488
901,2583
901,2727
901,2843
901,3018
901,3240
901,3955
902,935
902,984
902,986
902,1077
902,1192
902,1202
902,1214
902,1244
902,1265
902,1357
902,1569
902,1687
902,1760
902,1783
902,1814
902,2106
902,2129
902,2152
902,2165
902,2210
902,2263
902,2314
902,2492
902,2616
902,2715
902,3099
902,3134
902,3306
902,3377
902,3401
902,3452
902,3489
902,3606
902,3607
903,1129
903,1207
903,1223
903,1237
903,1388
903,1413
903,1494
903,1615
903,1669
903,1702
903,1888
903,1943
903,2286
903,2311
903,2318
903,2513
903,2619
903,2630
903,2760
903,2977
903,3021
903,3512
903,3566
903,3644
903,3735
903,3770
903,3878
904,941
904,1077
904,1467
904,2435
904,3483
904,3512
904,3537
904,3691
905,932
905,1010
905,1055
905,1091
905,1093
905,1337
905,1450
905,1465
905,1952
905,1965
905,1979
905,2003
905,2158
905,2263
905,2406
905,2434
905,2489
905,2653
905,2732
905,2796
905,2908
905,3217
905,3856
906,964
906,999
906,1023
906,1084
906,1221
906,1282
906,1404
906,1473
906,1629
906,1678
906,1736
906,1797
906,1938
906,1968
906,1991
906,2001
906,2065
906,2282
906,2377
906,2434
906,2471
906,2547
906,2554
906,2609
906,2660
906,2907
906,2909
906,3157
906,3289
906,3409
906,3426
906,3598
906,3715
906,3821
907,960
907,986
907,1027
907,1046
907,1139
907,1172
907,1605
907,1719
907,1803
907,1852
907,1887
907,1912
907,2191
907,2369
907,2689
907,2899
907,3211
907,3518
907,3650
907,3813
907,3930
907,3940
908,950
908,1095
908,1102
908,1194
908,1210
908,1291
908,1411
908,1485
908,1525
908,1696
908,1783
908,1794
908,1845
908,1950
908,2182
908,2278
908,2390
908,2627
908,2742
908,2759
908,3432
908,4013
909,928
909,943
909,963
909,1028
909,1086
909,1105
909,1193
909,1342
909,1559
909,1580
909,1608
909,2071
909,2080
909,2117
909,2133
909,2213
909,2273
909,2415
909,2444
909,2540
909,2666
909,2680
909,2728
909,2769
909,2946
909,3445
909,3447
909,3487
909,3527
909,3609
909,3820
909,4000
909,4033
910,1154
910,1254
910,1280
910,1325
910,1403
910,1586
910,1606
910,1718
910,2685
910,2745
910,2859
910,3386
910,3395
910,3466
910,3628
910,3992
910,3997
911,1103
911,1104
911,1156
911,1288
911,1312
911,1405
911,1447
911,2423
911,2670
911,2850
911,3073
911,3197
912,946
912,1072
912,1311
912,1405
912,1479
912,1589
912,1594
912,1628
912,1842
912,1866
912,1982
912,2340
912,2354
912,3054
912,3125
912,3262
912,3297
912,3329
912,3427
912,3476
912,3579
912,3841
913,977
913,1069
913,1176
913,1177
913,1186
913,1245
913,1260
913,1311
913,1414
913,1686
913,1742
913,1825
913,1826
913,2039
913,2119
913,2155
913,2200
913,2320
913,2360
913,2382
913,2623
913,2675
913,2710
913,2775
913,2911
913,3047
913,3150
913,3193
913,3344
913,3374
913,3409
913,3524
913,3910
913,3916
913,3920
914,964
914,1074
914,1108
914,1262
914,1280
914,1317
914,1409
914,1441
914,1456
914,1485
914,1794
914,1950
914,1993
914,2014
914,2335
914,2344
914,2444
914,2748
914,2921
914,3189
914,3201
914,3564
914,3615
914,3771
914,3830
914,3858
914,3884
914,3909
914,3993
915,953
915,999
915,1089
915,1216
915,1392
915,1428
915,1479
915,1487
915,1545
915,1585
915,1681
915,1857
915,1888
915,2209
915,2353
915,2467
915,2563
915,2898
915,3180
915,3361
915,3449
915,3455
915,3474
915,3485
915,3780
916,1024
916,1068
916,1104
916,1111
916,1182
916,1250
916,1256
916,1260
916,1282
916,1502
916,1575
916,1622
916,1629
916,1663
916,1741
916,1748
916,1883
916,1956
916,2046
916,2206
916,2210
916,2309
916,2573
916,2645
916,2722
916,2764
916,2777
916,3384
916,3856
916,3897
917,1102
917,1244
917,1351
917,1553
917,1635
917,1768
917,1900
917,1939
917,2110
917,2359
917,2395
917,2460
917,2583
917,2672
917,2686
917,2697
917,3044
917,3147
917,3296
917,3390
917,3593
917,3736
917,3807
917,3969
918,957
918,988
918,1047
918,1397
918,1495
918,1635
918,1851
918,1976
918,2272
918,2446
918,2767
918,2945
918,3229
918,3846
919,976
919,1048
919,1145
919,1340
919,1420
919,1593
919,1846
919,1942
919,2060
919,2449
919,2605
919,2608
919,2730
919,2765
919,2808
919,2996
919,3046
919,3086
919,3227
919,3343
919,3374
919,3423
920,1036
920,1055
920,1232
920,1239
920,1299
920,1346
920,1497
920,1500
920,1766
920,1972
920,2350
920,2377
920,2739
920,3225
920,3535
920,3623
920,3715
920,3836
920,3902
921,1034
921,1155
921,1193
921,1276
921,1429
921,1431
921,1508
921,1747
921,1769
921,1912
921,2026
921,2165
921,2409
921,2648
921,3272
921,3629
921,3909
922,954
922,1022
922,1076
922,1114
922,1140
922,1168
922,1201
922,1259
922,1279
922,1303
922,1466
922,1491
922,1503
922,1565
922,1566
922,1671
922,1752
922,1781
922,1788
922,1797
922,1868
922,1916
922,1993
922,2253
922,2337
922,2416
922,2637
922,2799
922,2808
922,2861
922,2864
922,2939
922,3099
922,3252
922,3268
922,3299
922,3449
922,3470
922,3506
922,3514
922,3547
922,3704
922,3886
922,4011
923,1056
923,1155
923,1214
923,1221
923,1412
923,1620
923,1628
923,1655
923,1795
923,1885
923,1912
923,2116
923,2434
923,2563
923,2773
923,2861
923,2900
923,2936
923,3011
923,3682
923,3691
923,3769
923,3917
923,4002
924,946
924,1411
924,1570
924,1590
924,1666
924,1815
924,1828
924,2232
924,2326
924,2476
924,2553
924,3072
924,3243
924,3449
924,3593
925,973
925,985
925,1091
925,1130
925,1146
925,1196
925,1275
925,1342
925,1490
925,1500
925,1610
925,1667
925,1769
925,1854
925,1930
925,2009
925,2168
925,2228
925,2325
925,2457
925,2608
925,3016
925,3118
925,3300
925,3411
925,3414
925,3962
925,4019
926,1040
926,1055
926,1192
926,1297
926,1325
926,1343
926,1401
926,1648
926,1658
926,1812
926,1965
926,2083
926,2315
926,2390
926,2450
926,2724
926,2841
926,2862
926,2908
926,2918
926,3316
926,3457
926,3506
926,3549
926,3604
926,3897
926,3914
926,3983
927,967
927,1012
927,1019
927,1095
927,1262
927,1278
927,1303
927,1418
927,1461
927,1555
927,1910
927,1988
927,2145
927,2146
927,2285
927,2432
927,2440
927,2530
927,2532
927,2566
927,2584
927,2632
927,2661
927,2706
927,2860
927,2969
927,2971
927,3066
927,3158
927,3243
927,3286
927,3362
927,3367
927,3424
927,3479
927,3776
927,3846
928,932
928,946
928,974
928,1014
928,1089
928,1235
928,1266
928,1271
928,1324
928,1332
928,1387
928,1443
928,1516
928,1618
928,1638
928,1648
928,1773
928,1850
928,1973
928,2019
928,2236
928,2298
928,2379
928,2455
928,2471
928,2607
928,2734
928,2785
928,3046
928,3322
928,3468
928,3617
928,3691
928,3706
928,3904
928,3966
929,1059
929,1063
929,1084
929,1087
929,1114
929,1304
929,1314
929,1326
929,1377
929,1474
929,1487
929,1639
929,1884
929,1990
929,2654
929,2825
929,3036
929,3446
929,3485
929,3684
929,3928
930,1065
930,1255
930,1260
930,1416
930,1510
930,1536
930,1722
930,1803
930,1805
930,1806
930,2052
930,2151
930,2300
930,2490
930,2906
930,3001
930,3284
930,3359
930,3442
930,3710
931,996
931,1058
931,1243
931,1261
931,1571
931,1691
931,1747
931,1929
931,1958
931,2033
931,2147
931,2215
931,2274
931,2399
931,2473
931,2509
931,3126
931,3141
931,3321
931,3588
932,1004
932,1087
932,1171
932,1322
932,1324
932,1629
932,1636
932,1871
932,1926
932,1935
932,1976
932,2065
932,2166
932,2321
932,2497
932,2539
932,2544
932,2645
932,2801
932,2802
932,2959
932,3187
932,3524
932,3803
932,3825
933,1054
933,1075
933,1151
933,1201
933,1600
933,1643
933,1656
933,1688
933,1764
933,1921
933,1934
933,1949
933,2121
933,2135
933,2466
933,3925
934,1084
934,1201
934,1265
934,1423
934,1490
934,1562
934,1844
934,2032
934,2038
934,2284
934,2623
934,2631
934,2854
934,2879
934,3016
934,3061
934,3175
934,3193
934,3874
935,965
935,1004
935,1126
935,1314
935,1387
935,1405
935,1445
935,1571
935,1589
935,1614
935,1904
935,1929
935,2454
935,2810
935,3066
935,3131
935,3158
935,3268
935,3286
935,3356
935,3413
935,3797
935,3935
936,937
936,957
936,983
936,1053
936,1071
936,1238
936,1343
936,1361
936,1435
936,1925
936,2415
936,2576
936,2596
936,2646
936,2650
936,3245
936,3337
936,3533
936,3666
936,3692
937,972
937,1108
937,1209
937,1402
937,1434
937,1630
937,1771
937,1775
937,1822
937,2371
937,2415
937,2546
937,2636
937,2690
937,2751
937,2791
937,2800
937,2806
937,3165
937,3389
937,3432
937,3714
937,3832
937,3870
937,3977
938,1004
938,1036
938,1140
938,1177
938,1228
938,1561
938,1612
938,1662
938,1830
938,2175
938,2235
938,2380
938,2424
938,2523
938,2818
938,2819
938,2860
938,3409
938,3974
939,959
939,1009
939,1136
939,1280
939,1343
939,1437
939,1470
939,1559
939,1578
939,1579
939,2515
939,2608
939,2818
939,2910
939,3112
939,3629
939,3840
939,3996
939,4032
940,1093
940,1163
940,1174
940,1196
940,1245
940,1263
940,1302
940,1327
940,1361
940,1614
940,1808
940,1884
940,1966
940,2035
940,2116
940,2135
940,2217
940,2474
940,2564
940,2646
940,2813
940,2842
940,3016
940,3148
940,3191
940,3393
940,3493
940,3516
941,961
941,1002
941,1094
941,1107
941,1216
941,1280
941,1284
941,1365
941,2566
941,2571
941,2575
941,2638
941,2815
941,2873
941,2956
941,3196
941,3398
941,3509
941,3516
941,3659
941,3868
941,4009
941,4031
942,1027
942,1206
942,1592
942,1676
942,1701
942,2002
942,2097
942,2182
942,2241
942,2409
942,2473
942,3122
942,3164
942,3789
942,4036
943,1094
943,1099
943,1431
943,1491
943,1690
943,1697
943,1843
943,2080
943,2454
943,2481
943,2502
943,2564
943,2568
943,2764
943,2827
943,2844
943,2945
943,3161
943,3249
943,3268
943,3319
943,3471
943,3590
943,3850
943,3900
943,3955
944,976
944,1071
944,1283
944,1380
944,1462
944,1524
944,1598
944,1622
944,1628
944,1659
944,1695
944,1824
944,2062
944,2101
944,2207
944,2460
944,2518
944,2661
944,3337
944,3379
944,3516
944,4008
945,1019
945,1046
945,1311
945,1566
945,1612
945,1641
945,1730
945,1980
945,2140
945,2228
945,2235
945,2405
945,2450
945,2478
945,2483
945,2776
945,2878
945,2899
945,2900
945,3104
945,3160
945,3347
945,3480
945,3481
945,3532
945,3576
945,3978
946,972
946,1000
946,1053
946,1212
946,1318
946,1393
946,1397
946,1410
946,1526
946,1538
946,1784
946,1937
946,2184
946,2208
946,2427
946,2712
946,2729
946,2769
946,2911
946,3025
946,3114
946,3283
946,3870
946,3897
947,1047
947,1136
947,1165
947,1182
947,1390
947,1433
947,1456
947,1475
947,1487
947,1518
947,1633
947,1666
947,1754
947,1813
947,1815
947,1981
947,2009
947,2052
947,2559
947,2563
947,2749
947,2753
947,2923
947,3023
947,3184
947,3294
947,3353
948,976
948,1003
948,1068
948,1210
948,1249
948,1304
948,1323
948,1336
948,1415
948,1521
948,1545
948,1568
948,1666
948,1868
948,1946
948,2049
948,2062
948,2070
948,2136
948,2183
948,2308
948,2469
948,2632
948,3105
948,3106
948,3204
948,3400
948,3407
948,3482
948,3498
948,3600
948,3702
948,3831
948,3873
948,3899
949,1024
949,1045
949,1172
949,1334
949,1513
949,1609
949,1742
949,1899
949,1929
949,2007
949,2613
949,2641
949,2675
949,3408
950,1064
950,1078
950,1127
950,1166
950,1203
950,1228
950,1317
950,1568
950,1635
950,1659
950,1804
950,1934
950,1994
950,2035
950,2036
950,2099
950,2274
950,2477
950,2511
950,2554
950,2615
950,2774
950,2908
950,2984
950,3134
950,3498
950,3510
950,3565
950,3588
950,3627
950,3780
950,3889
951,974
951,1118
951,1337
951,1476
951,1658
951,1734
951,1779
951,1877
951,1913
951,2399
951,2472
951,2509
951,2528
951,2576
951,2606
951,3410
951,3451
951,3547
951,3860
951,3984
952,1252
952,1258
952,1437
952,1487
952,1920
952,2245
952,2267
952,2476
952,2610
952,2720
952,2798
952,3142
952,3499
952,3531
952,3692
952,3852
953,1144
953,1305
953,1446
953,1502
953,1570
953,1737
953,1989
953,2500
953,2554
953,2759
953,2800
953,3082
953,3113
953,3140
953,3185
953,3379
953,3422
953,3437
953,3657
953,3659
953,3730
953,3732
954,1043
954,1441
954,1532
954,1557
954,1664
954,1696
954,1764
954,1915
954,2301
954,2349
954,2368
954,2684
954,2916
954,2925
954,3052
954,3565
954,3772
954,3837
954,3939
954,3989
954,4031
955,1004
955,1353
955,1535
955,1700
955,1766
955,1817
955,1857
955,1948
955,2013
955,2100
955,2343
955,2614
955,2763
955,2831
955,2868
955,3221
955,3430
955,3848
955,3865
955,3946
956,1008
956,1034
956,1155
956,1336
956,1349
956,1433
956,1596
956,1795
956,1796
956,2117
956,2142
956,2219
956,2309
956,2608
956,2670
956,2792
956,3211
956,3569
956,3629
956,3698
956,3811
956,3838
956,3845
956,3872
956,3937
957,1093
957,1160
957,1215
957,1277
957,1309
957,1593
957,1641
957,1652
957,1881
957,1978
957,2550
957,2603
957,2750
957,2804
957,2859
957,2953
957,3077
957,3285
957,3575
957,3905
957,3962
958,999
958,1069
958,1396
958,1416
958,1569
958,1614
958,1642
958,1753
958,2049
958,2282
958,2382
958,2397
958,2503
958,2588
958,2802
958,2835
958,2919
958,3393
958,3426
958,3517
958,3563
958,3589
958,3624
958,3702
958,3757
959,1211
959,1512
959,1580
959,1659
959,1760
959,1838
959,2004
959,2029
959,2372
959,2402
959,2474
959,2627
959,2909
959,3026
959,3375
959,3727
959,3874
959,3897
960,1039
960,1057
960,1120
960,1127
960,1174
960,1253
960,1290
960,1307
960,1452
960,1544
960,1699
960,1944
960,1998
960,2063
960,2117
960,2137
960,2352
960,2378
960,2417
960,2490
960,2506
960,2915
960,3057
960,3127
960,3432
960,3441
960,3522
960,3590
960,3781
960,3869
961,987
961,1048
961,1101
961,1249
961,1370
961,1473
961,1563
961,1751
961,1848
961,1902
961,2096
961,2225
961,2292
961,2375
961,2612
961,2716
961,2756
961,2984
961,3045
961,3267
961,3299
961,3565
961,3693
961,3701
961,3988
961,4008
962,1160
962,1340
962,1535
962,1679
962,2224
962,2260
962,2350
962,2353
962,2589
962,2989
962,3103
962,3413
962,3474
962,3801
962,3919
963,990
963,1039
963,1345
963,1354
963,1524
963,1719
963,1727
963,1730
963,1806
963,1884
963,1935
963,1948
963,2042
963,2098
963,2208
963,2210
963,2238
963,2247
963,2287
963,2395
963,2471
963,2557
963,2726
963,2738
963,2996
963,3634
963,3646
963,3734
963,3795
963,3915
964,1007
964,1125
964,1288
964,1389
964,1404
964,1877
964,2050
964,2269
964,2407
964,2693
964,2893
964,3104
964,3195
964,3239
964,3268
964,3276
964,3415
964,3421
964,3441
965,966
965,1002
965,1129
965,1177
965,1363
965,1480
965,1501
965,1674
965,1946
965,2111
965,2126
965,2343
965,2351
965,2457
965,2725
965,3155
965,3483
965,3784
965,3933
966,974
966,1136
966,1309
966,1357
966,1460
966,1559
966,1882
966,1925
966,2167
966,2213
966,2278
966,2279
966,2723
966,2861
966,2946
966,3200
966,3371
966,3458
966,3504
966,3745
966,3757
966,3797
967,1052
967,1088
967,1090
967,1116
967,1128
967,1233
967,1294
967,1422
967,1505
967,1514
967,1517
967,2256
967,2275
967,2475
967,2502
967,2597
967,2757
967,2796
967,2980
967,3118
967,3151
967,3199
967,3312
967,3344
967,3377
967,3396
967,3499
967,3512
967,3656
967,3835
967,3954
968,971
968,1026
968,1220
968,1252
968,1264
968,1361
968,1439
968,1523
968,1687
968,1892
968,1969
968,2109
968,2173
968,2277
968,2345
968,2736
968,2859
968,2877
968,2878
968,3128
968,3214
968,3243
968,3259
968,3437
968,3807
968,3931
968,3997
969,1023
969,1093
969,1635
969,1710
969,2029
969,2121
969,2945
969,2983
969,3015
969,3149
969,3670
969,3957
970,1048
970,1133
970,1314
970,1357
970,1379
970,1601
970,2045
970,2154
970,2230
970,2325
970,2333
970,2593
970,2648
970,2707
970,3020
970,3402
970,3503
970,3585
970,3648
970,3783
970,4018
971,1082
971,1214
971,1219
971,1240
971,1336
971,1420
971,1740
971,1920
971,2214
971,2245
971,2254
971,2531
971,2719
971,2924
971,3501
971,3662
972,1081
972,1119
972,1194
972,1409
972,1582
972,1590
972,1881
972,1933
972,2000
972,2035
972,2311
972,2468
972,2646
972,2955
972,3099
972,3339
972,3458
972,3499
972,3547
972,3667
972,3738
972,3744
972,3782
973,1166
973,1288
973,1327
973,1348
973,1385
973,1458
973,1469
973,1503
973,1545
973,1624
973,1636
973,1668
973,1678
973,1875
973,1909
973,2124
973,2212
973,2224
973,2317
973,2323
973,2657
973,2681
973,2784
973,2815
973,2943
973,3221
973,3318
973,3433
973,3600
973,3820
973,3828
973,3938
974,1068
974,1244
974,1380
974,1414
974,1570
974,1819
974,1985
974,2023
974,2025
974,2057
974,2065
974,2067
974,2089
974,2108
974,2163
974,2286
974,2373
974,2405
974,2455
974,3231
974,3268
974,3434
974,3600
974,3629
975,1293
975,1307
975,1327
975,1718
975,1807
975,1925
975,2018
975,2057
975,2097
975,2101
975,2196
975,2215
975,2231
975,2303
975,2312
975,2390
975,2482
975,2538
975,2587
975,2618
975,2685
975,2835
975,2848
975,3373
975,3456
975,3457
975,3517
975,3565
975,3583
975,3741
975,3782
975,3802
975,3901
975,4021
976,981
976,985
976,1210
976,1247
976,1287
976,1383
976,1676
976,1739
976,1995
976,2430
976,2560
976,2789
976,2881
976,2898
976,2922
976,3770
976,3816
977,981
977,1066
977,1131
977,1144
977,1251
977,1326
977,1376
977,1416
977,1611
977,1675
977,2105
977,2146
977,2301
977,2309
977,2602
977,2697
977,2736
977,2895
977,3006
977,3066
977,3488
977,3724
977,3952
977,4007
978,1068
978,1079
978,1238
978,1269
978,1299
978,1316
978,1333
978,1371
978,1389
978,1417
978,1458
978,1650
978,1691
978,1769
978,1888
978,2224
978,2275
978,2283
978,2304
978,2319
978,2504
978,2607
978,2626
978,2672
978,2682
978,2937
978,2971
978,3251
978,3318
979,1008
979,1226
979,1296
979,1315
979,1323
979,1413
979,1431
979,1473
979,1502
979,1698
979,1721
979,1822
979,1843
979,1854
979,1911
979,2032
979,2068
979,2332
979,2458
979,2631
979,2909
979,2947
979,2984
979,3156
979,3408
979,3560
979,3566
979,4004
980,1341
980,1345
980,1464
980,1472
980,1486
980,1495
980,1502
980,1590
980,1636
980,1688
980,1815
980,2092
980,2189
980,2302
980,2310
980,2317
980,2416
980,2453
980,2631
980,2697
980,2929
980,3034
980,3114
980,3186
980,3239
980,3280
980,3759
980,3925
980,4038
981,1111
981,1203
981,1265
981,1393
981,1522
981,1539
981,1662
981,1670
981,1684
981,1862
981,2295
981,2517
981,2715
981,2864
981,2872
981,2920
981,3096
981,3131
981,3362
981,3363
981,3574
982,988
982,1035
982,1100
982,1208
982,1247
982,1451
982,1484
982,1810
982,2033
982,2218
982,2358
982,2386
982,2562
982,3075
982,3105
982,3268
982,3311
982,3771
983,994
983,1030
983,1033
983,1078
983,1137
983,1155
983,1310
983,1358
983,1380
983,1394
983,1460
983,1462
983,1606
983,1810
983,2107
983,2173
983,3100
983,3206
983,3472
983,3542
984,1079
984,1122
984,1142
984,1564
984,1582
984,1618
984,1781
984,1974
984,2041
984,2052
984,2107
984,2205
984,2211
984,2407
984,2662
984,2786
984,2894
984,2909
984,3094
984,3135
984,3327
984,3333
984,3718
984,3831
984,3841
984,3924
985,1012
985,1222
985,1238
985,1287
985,1340
985,1372
985,1439
985,2282
985,2541
985,2547
985,2664
985,3245
985,3606
985,3744
985,3873
986,1041
986,1492
986,1703
986,1735
986,1887
986,2150
986,2476
986,2527
986,2624
986,3005
986,3011
987,1408
987,1499
987,1515
987,1552
987,1622
987,1638
987,1639
987,1707
987,1740
987,2464
987,2914
987,3202
987,3241
987,3820
987,3828
988,1033
988,1255
988,1265
988,1267
988,1315
988,1598
988,1612
988,1701
988,1732
988,1802
988,1886
988,1902
988,1965
988,1970
988,1987
988,2180
988,2320
988,2339
988,2428
988,2441
988,2741
988,2782
988,2855
988,3098
988,3494
988,3501
988,3581
988,3774
988,3849
988,3859
988,4008
989,1236
989,1450
989,1545
989,1635
989,1702
989,1745
989,1761
989,1904
989,2043
989,2081
989,2413
989,2525
989,2684
989,2830
989,2843
989,3039
989,3084
989,3186
989,3502
989,3912
990,1031
990,1069
990,1116
990,1248
990,1314
990,1334
990,1354
990,1510
990,1692
990,1785
990,1998
990,2220
990,2236
990,2245
990,2382
990,2403
990,2427
990,2877
990,3018
990,3095
990,3481
990,3776
991,1062
991,1253
991,1313
991,1504
991,1571
991,1717
991,1790
991,1809
991,1848
991,1871
991,2013
991,2185
991,2194
991,2206
991,2240
991,2247
991,2372
991,2424
991,2457
991,2479
991,2696
991,2698
991,2726
991,2834
991,2903
991,2945
991,2997
991,3254
991,3312
991,3314
991,3417
991,3445
991,3454
991,3459
991,3670
992,1018
992,1084
992,1132
992,1234
992,1268
992,1302
992,1371
992,1484
992,1551
992,1692
992,1753
992,1874
992,1880
992,1999
992,2152
992,2195
992,2221
992,2259
992,2311
992,2402
992,2456
992,2512
992,2548
992,2617
992,2800
992,2875
992,2931
992,3041
992,3505
992,3816
992,3931
992,4016
993,1134
993,1188
993,1263
993,1471
993,1590
993,1609
993,1682
993,2341
993,2366
993,2415
993,2869
993,2906
993,2942
993,3437
993,3536
993,3563
993,3656
994,1042
994,1314
994,1457
994,1615
994,2271
994,2504
994,2781
994,2817
994,2979
994,3042
995,1062
995,1101
995,1335
995,1408
995,1815
995,1913
995,2267
995,2510
995,2786
995,2858
995,2996
995,3036
995,3705
995,3996
996,1023
996,1141
996,1395
996,1460
996,1583
996,1683
996,1867
996,2004
996,2066
996,2078
996,2091
996,2230
996,2299
996,2410
996,2433
996,2526
996,3045
996,3177
996,3257
996,3278
996,3424
996,3466
996,3670
996,3761
996,3870
997,1134
997,1141
997,1163
997,1221
997,1375
997,1400
997,1555
997,1715
997,1888
997,2102
997,2128
997,2192
997,2286
997,2287
997,2441
997,2761
997,2781
997,3102
997,3140
997,3675
997,3972
998,1341
998,1386
998,1416
998,1567
998,1598
998,1653
998,1723
998,1842
998,1871
998,1963
998,2073
998,2501
998,2511
998,2757
998,2905
998,2955
998,3188
998,3254
998,3406
998,3472
998,3512
998,3647
998,3878
998,3972
998,4035
999,1171
999,1187
999,1330
999,1371
999,1544
999,1633
999,1725
999,1986
999,2230
999,2296
999,2536
999,2568
999,2576
999,2628
999,2901
999,3036
999,3263
999,3356
999,3377
999,3483
999,3648
999,3712
999,3927
999,3944
999,3959
1000,1121
1000,1187
1000,1316
1000,1333
1000,1385
1000,1426
1000,1462
1000,1541
1000,1605
1000,1608
1000,1674
1000,1690
1000,1847
1000,1992
1000,1994
1000,2136
1000,2283
1000,2445
1000,2742
1000,3080
1000,3088
1000,3336
1000,3550
1000,3747
1000,3776
1000,3787
1000,3942
1001,1030
1001,1031
1001,1075
1001,1254
1001,1327
1001,1395
1001,1483
1001,2186
1001,2519
1001,2641
1001,2882
1001,2923
1001,3168
1001,3317
1001,3477
1001,3663
1001,3774
1002,1082
1002,1106
1002,1218
1002,1227
1002,1576
1002,1578
1002,1670
1002,1686
1002,1763
1002,1810
1002,1910
1002,1938
1002,1990
1002,2294
1002,2418
1002,2526
1002,2592
1002,2594
1002,2725
1002,2745
1002,2847
1002,2943
1002,3036
1002,3122
1002,3213
1002,3243
1002,3244
1002,3287
1002,3299
1002,3325
1002,3578
1002,3713
1002,3746
1002,3927
1002,3940
1003,1036
1003,1130
1003,1224
1003,1225
1003,1235
1003,1441
1003,1667
1003,1689
1003,1853
1003,1862
1003,1981
1003,2082
1003,2133
1003,2729
1003,2852
1003,2984
1003,3013
1004,1043
1004,1104
1004,1168
1004,1212
1004,1250
1004,1303
1004,1397
1004,1518
1004,1533
1004,1611
1004,1633
1004,1687
1004,1697
1004,1792
1004,1859
1004,2150
1004,2168
1004,2207
1004,2316
1004,2331
1004,2471
1004,2617
1004,2666
1004,3009
1004,3148
1004,3198
1004,3243
1004,3306
1004,3406
1004,3552
1004,3701
1004,3828
1004,3872
1005,1067
1005,1117
1005,1250
1005,1269
1005,1313
1005,1567
1005,1737
1005,1869
1005,2054
1005,2069
1005,2148
1005,2259
1005,2262
1005,2302
1005,2353
1005,2359
1005,2631
1005,2745
1005,2767
1005,2913
1005,2966
1005,3239
1005,3400
1005,3532
1005,3639
1005,3812
1005,3887
1005,3901
1006,1042
1006,1514
1006,1724
1006,1734
1006,1943
1006,1997
1006,2095
1006,2210
1006,2301
1006,2582
1006,2643
1006,2676
1006,2807
1006,3265
1006,3281
1006,3597
1006,3873
1006,3881
1007,1067
1007,1254
1007,1312
1007,1350
1007,1352
1007,1379
1007,1399
1007,1403
1007,1490
1007,1620
1007,1684
1007,1858
1007,1883
1007,1942
1007,1947
1007,2054
1007,2273
1007,2348
1007,2353
1007,2425
1007,2496
1007,2541
1007,2811
1007,3099
1007,3148
1007,3220
1007,3313
1007,3437
1007,3721
1007,3843
1007,3887
1007,3985
1007,4026
1008,1015
1008,1034
1008,1117
1008,1166
1008,1239
1008,1309
1008,1351
1008,1520
1008,1574
1008,1622
1008,1649
1008,1686
1008,1729
1008,2036
1008,2121
1008,2183
1008,2201
1008,2208
1008,2335
1008,2375
1008,2445
1008,2462
1008,2465
1008,2899
1008,3323
1008,3463
1008,3510
1008,3610
1008,3728
1008,3819
1008,3825
1008,3882
1009,1061
1009,1078
1009,1247
1009,1270
1009,1375
1009,1507
1009,1509
1009,1783
1009,1929
1009,2162
1009,2353
1009,2437
1009,2562
1009,2622
1009,3093
1009,3166
1009,3198
1009,3324
1009,3806
1010,1043
1010,1089
1010,1220
1010,1304
1010,1421
1010,1463
1010,1675
1010,1722
1010,2191
1010,2638
1010,2644
1010,2866
1010,3641
1010,3667
1010,3887
1010,3898
1011,1188
1011,1355
1011,1357
1011,1662
1011,1904
1011,2112
1011,2158
1011,2186
1011,2290
1011,2351
1011,2463
1011,2620
1011,2780
1011,3116
1011,3803
1011,3929
1011,4016
1012,1102
1012,1204
1012,1418
1012,1856
1012,2223
1012,2610
1012,3079
1012,3727
1012,3976
1013,1098
1013,1237
1013,1393
1013,1538
1013,1703
1013,1725
1013,1757
1013,1759
1013,1990
1013,2003
1013,2158
1013,2243
1013,2290
1013,2422
1013,2432
1013,2441
1013,2529
1013,2574
1013,2652
1013,2668
1013,2681
1013,2714
1013,2736
1013,2778
1013,2806
1013,3035
1013,3158
1013,3225
1013,3234
1013,3274
1013,3342
1013,3355
1013,3465
1013,3482
1013,3505
1013,3716
1013,3841
1014,1045
1014,1180
1014,1259
1014,1275
1014,1459
1014,1483
1014,1533
1014,1612
1014,1641
1014,1786
1014,1948
1014,2226
1014,2402
1014,2456
1014,2618
1014,2635
1014,2758
1014,2788
1014,3296
1014,3399
1014,3527
1014,3807
1014,3958
1014,3965
1015,1265
1015,1379
1015,1442
1015,1491
1015,1560
1015,1585
1015,1973
1015,2227
1015,2333
1015,2391
1015,2392
1015,2498
1015,2539
1015,2708
1015,2877
1015,2908
1015,2980
1015,3163
1015,3379
1015,3387
1015,3861
1016,1029
1016,1184
1016,1211
1016,1324
1016,1340
1016,1391
1016,1677
1016,1930
1016,2316
1016,2329
1016,2476
1016,2564
1016,2756
1016,2875
1016,3387
1016,3785
1016,3804
1017,1025
1017,1078
1017,1107
1017,1169
1017,1558
1017,1628
1017,1665
1017,1770
1017,1830
1017,1883
1017,1905
1017,1926
1017,2003
1017,2010
1017,2075
1017,2162
1017,2242
1017,2251
1017,2456
1017,2619
1017,2702
1017,2786
1017,2855
1017,2928
1017,2976
1017,3107
1017,3189
1017,3279
1017,3302
1017,3571
1017,3672
1017,3755
1017,3784
1017,3840
1017,3883
1017,3997
1018,1128
1018,1179
1018,1275
1018,1351
1018,1534
1018,1574
1018,1582
1018,2132
1018,2162
1018,2201
1018,2348
1018,2576
1018,2637
1018,2913
1018,2923
1018,2938
1018,3003
1018,3047
1019,1116
1019,1378
1019,1482
1019,1722
1019,1776
1019,1784
1019,1868
1019,2157
1019,2222
1019,2498
1019,2641
1019,2695
1019,2761
1019,2869
1019,3185
1019,3398
1019,3465
1019,3682
1019,3796
1019,3853
1019,3994
1020,1044
1020,1169
1020,1250
1020,1298
1020,1726
1020,1965
1020,2031
1020,2186
1020,2308
1020,2350
1020,2687
1020,2972
1020,3084
1021,1093
1021,1265
1021,1336
1021,1398
1021,1518
1021,1625
1021,1834
1021,1841
1021,1899
1021,2099
1021,2492
1021,2596
1021,2606
1021,2668
1021,2798
1021,3174
1021,3206
1021,3284
1021,3300
1021,3338
1021,3342
1021,3374
1022,1192
1022,1233
1022,1477
1022,1518
1022,1723
1022,2204
1022,2229
1022,2649
1022,2841
1022,3947
1022,3969
1022,3976
1023,1252
1023,1303
1023,1444
1023,1544
1023,1589
1023,1590
1023,1606
1023,1619
1023,1780
1023,1798
1023,1808
1023,1844
1023,1861
1023,1930
1023,1956
1023,1964
1023,2064
1023,2084
1023,2219
1023,2225
1023,2270
1023,2627
1023,2871
1023,2982
1023,3041
1023,3083
1023,3223
1023,3324
1023,3340
1023,3524
1023,3531
1023,3552
1023,3726
1023,3759
1024,1044
1024,1087
1024,1121
1024,1153
1024,1176
1024,1225
1024,1854
1024,1922
1024,1936
1024,1944
1024,1990
1024,2040
1024,2142
1024,2328
1024,2969
1024,3064
1024,3290
1024,4020
1025,1386
1025,1650
1025,1778
1025,2198
1025,2217
1025,2257
1025,2305
1025,2450
1025,2876
1025,3179
1025,3216
1025,3243
1025,3301
1025,3506
1025,3647
1025,3677
1025,3933
1026,1053
1026,1147
1026,1244
1026,1475
1026,1711
1026,1872
1026,1907
1026,1967
1026,2111
1026,2257
1026,2498
1026,2577
1026,2761
1026,2791
1026,2825
1026,2860
1026,2888
1026,3069
1026,3321
1026,3341
1026,3579
1026,3981
1027,1107
1027,1215
1027,1308
1027,1372
1027,1415
1027,1423
1027,1437
1027,1472
1027,1482
1027,1540
1027,1630
1027,1647
1027,1753
1027,1754
1027,1840
1027,1894
1027,1995
1027,2433
1027,2590
1027,2607
1027,2733
1027,3096
1027,3097
1027,3195
1027,3206
1027,3330
1027,3382
1027,3652
1027,3745
1027,3860
1028,1055
1028,1176
1028,1217
1028,1453
1028,1495
1028,1732
1028,1760
1028,1794
1028,1807
1028,1908
1028,1917
1028,1937
1028,2024
1028,2281
1028,2480
1028,2481
1028,2720
1028,3408
1028,3655
1028,3789
1029,1032
1029,1129
1029,1141
1029,1283
1029,1412
1029,1849
1029,1880
1029,1973
1029,2031
1029,2132
1029,2137
1029,2141
1029,2328
1029,2392
1029,2849
1029,2970
1029,3544
1029,3588
1029,3983
1030,1145
1030,1169
1030,1455
1030,1551
1030,1730
1030,1855
1030,2024
1030,2240
1030,2668
1030,2859
1030,2864
1030,3144
1030,3401
1030,3952
1031,1038
1031,1247
1031,1472
1031,1473
1031,1475
1031,1669
1031,1860
1031,1879
1031,2111
1031,2134
1031,2215
1031,2349
1031,2604
1031,2608
1031,2714
1031,2808
1031,2920
1031,3027
1031,3098
1031,3285
1031,3307
1031,3411
1031,3565
1031,3623
1031,3648
1031,3688
1031,3904
1031,3978
1032,1198
1032,2248
1032,2488
1032,2514
1033,1073
1033,1164
1033,1192
1033,1234
1033,1294
1033,1310
1033,1335
1033,1377
1033,1479
1033,1565
1033,1574
1033,1734
1033,1995
1033,2031
1033,2042
1033,2470
1033,2564
1033,2795
1033,2884
1033,3018
1033,3171
1033,3290
1033,3384
1033,3771
1033,3863
1034,1296
1034,1359
1034,1548
1034,1595
1034,1826
1034,1831
1034,2049
1034,2089
1034,2102
1034,2166
1034,2288
1034,2896
1034,3196
1034,3222
1034,3352
1034,3584
1034,3644
1034,3875
1035,1253
1035,1281
1035,1450
1035,1612
1035,1637
1035,1774
1035,1834
1035,1874
1035,1928
1035,2184
1035,2640
1035,2678
1035,2709
1035,2774
1035,2948
1035,3018
1035,3071
1035,3360
1035,3555
1035,3588
1035,3633
1035,3704
1035,3729
1035,3750
1035,3894
1035,3983
1035,3984
1035,4016
1036,1107
1036,1333
1036,1339
1036,1345
1036,1466
1036,1474
1036,1619
1036,1740
1036,1770
1036,1965
1036,2057
1036,2303
1036,2521
1036,2614
1036,2640
1036,2778
1036,2935
1036,2944
1036,3100
1036,3451
1036,3749
1036,3813
1036,3957
1037,1075
1037,1194
1037,1391
1037,1399
1037,1607
1037,1613
1037,1618
1037,1838
1037,1853
1037,1859
1037,1886
1037,2051
1037,2616
1037,2744
1037,2850
1037,2862
1037,3283
1037,3460
1037,3753
1038,1180
1038,1241
1038,1300
1038,1571
1038,1843
1038,2167
1038,2261
1038,2349
1038,2653
1038,2752
1038,2936
1038,2937
1038,2967
1038,3250
1038,3352
1038,3489
1038,3676
1039,1190
1039,1321
1039,1365
1039,1625
1039,1711
1039,1759
1039,1767
1039,1810
1039,1906
1039,1933
1039,2074
1039,2094
1039,2106
1039,2115
1039,2554
1039,2581
1039,2588
1039,2670
1039,2677
1039,2750
1039,2810
1039,3071
1039,3116
1039,3245
1039,3653
1039,3889
1039,3943
1040,1438
1040,1539
1040,1560
1040,1981
1040,2062
1040,2447
1040,2677
1040,2739
1040,2817
1040,3109
1040,3431
1040,3531
1040,3948
1041,1104
1041,1277
1041,1429
1041,1626
1041,1849
1041,1971
1041,2085
1041,2293
1041,2363
1041,2413
1041,2423
1041,2448
1041,2551
1041,2570
1041,2573
1041,3058
1041,3063
1041,3067
1041,3126
1041,3203
1041,3487
1041,3549
1041,3684
1041,3805
1041,4026
1042,1190
1042,1199
1042,1251
1042,1339
1042,1363
1042,1592
1042,1599
1042,1601
1042,1623
1042,1630
1042,1691
1042,1709
1042,1740
1042,1777
1042,1832
1042,1923
1042,2025
1042,2228
1042,2231
1042,2407
1042,2527
1042,2541
1042,2793
1042,2887
1042,2955
1042,3211
1042,3224
1042,3283
1042,3531
1042,3664
1042,4001
1042,4007
1042,4010
1043,1095
1043,1292
1043,1302
1043,1835
1043,2013
1043,2085
1043,2395
1043,2904
1043,3678
1044,1159
1044,1298
1044,1317
1044,1330
1044,1366
1044,1560
1044,1588
1044,1675
1044,1696
1044,1736
1044,1740
1044,1755
1044,1762
1044,1770
1044,1793
1044,1848
1044,1854
1044,1959
1044,2037
1044,2089
1044,2233
1044,2406
1044,2639
1044,2651
1044,3040
1044,3200
1044,3244
1044,3370
1044,3572
1044,3620
1044,3768
1044,3840
1044,3922
1045,1193
1045,1567
1045,1619
1045,1628
1045,1669
1045,1985
1045,2070
1045,2160
1045,2395
1045,2548
1045,2600
1045,2634
1045,3893
1045,3924
1045,3995
1046,1069
1046,1102
1046,1210
1046,1273
1046,1360
1046,1515
1046,1516
1046,1593
1046,1618
1046,1843
1046,2291
1046,2475
1046,2771
1046,3187
1046,3441
1046,3713
1046,3856
1046,3942
1046,3962
1047,1157
1047,1158
1047,1288
1047,1302
1047,1572
1047,1734
1047,2108
1047,2176
1047,2181
1047,2333
1047,2407
1047,2497
1047,2901
1047,2902
1047,3004
1047,3027
1047,3050
1047,3080
1047,3162
1047,3239
1047,3301
1047,3541
1047,3652
1047,3809
1047,3871
1048,1114
1048,1135
1048,1382
1048,1420
1048,1482
1048,1581
1048,1678
1048,1700
1048,1842
1048,1891
1048,1917
1048,1958
1048,2247
1048,2448
1048,2514
1048,2664
1048,2720
1048,2853
1048,2928
1048,3017
1048,3610
1048,3862
1049,1083
1049,1122
1049,1135
1049,1173
1049,1180
1049,1304
1049,1427
1049,1492
1049,1585
1049,1741
1049,1750
1049,1771
1049,1995
1049,2008
1049,2084
1049,2169
1049,2211
1049,2234
1049,2243
1049,2409
1049,2586
1049,2633
1049,2793
1049,2885
1049,2895
1049,2899
1049,2988
1049,3175
1049,3189
1049,3355
1049,3723
1049,3779
1050,1051
1050,1084
1050,1458
1050,1512
1050,1573
1050,1597
1050,1610
1050,1700
1050,1751
1050,1775
1050,1807
1050,1867
1050,2057
1050,2072
1050,2171
1050,2191
1050,2352
1050,2358
1050,2362
1050,2516
1050,2565
1050,2679
1050,2682
1050,2785
1050,2998
1050,3063
1050,3123
1050,3513
1050,3963
1051,1057
1051,1112
1051,1326
1051,1372
1051,1394
1051,1455
1051,1996
1051,2138
1051,2223
1051,2388
1051,2845
1051,2871
1051,3086
1051,3219
1051,3256
1051,3287
1051,3322
1051,3419
1051,3546
1051,3692
1051,3783
1051,3792
1051,3807
1051,3899
1051,3959
1052,1130
1052,1145
1052,1278
1052,1424
1052,1829
1052,2125
1052,2151
1052,2868
1052,2929
1052,3161
1052,3194
1052,3283
1052,3450
1052,3548
1052,3618
1052,3667
1052,3816
1053,1091
1053,1227
1053,1280
1053,1481
1053,1852
1053,1917
1053,1936
1053,2022
1053,2088
1053,2214
1053,2289
1053,2493
1053,2733
1053,2809
1053,2813
1053,3115
1053,3196
1053,3198
1053,3575
1053,3689
1053,3830
1053,3958
1054,1277
1054,1290
1054,1451
1054,1471
1054,1476
1054,1637
1054,1647
1054,1729
1054,1750
1054,1835
1054,1856
1054,1998
1054,2069
1054,2090
1054,2168
1054,2183
1054,2465
1054,2749
1054,2953
1054,3045
1054,3082
1054,3092
1054,3622
1054,3663
1054,3697
1054,3730
1054,3777
1055,1137
1055,1192
1055,1235
1055,1298
1055,1356
1055,1389
1055,1462
1055,1546
1055,1557
1055,1733
1055,1738
1055,1754
1055,1942
1055,1972
1055,2030
1055,2131
1055,2456
1055,2638
1055,2649
1055,2662
1055,2734
1055,2802
1055,2876
1055,3003
1055,3516
1055,3734
1055,3823
1056,1091
1056,1182
1056,1223
1056,1334
1056,1386
1056,1442
1056,1476
1056,1548
1056,1947
1056,2011
1056,2116
1056,2122
1056,2233
1056,2457
1056,2483
1056,2643
1056,2727
1056,2821
1056,2885
1056,2938
1056,2975
1056,3169
1056,3349
1056,3847
1056,4020
1057,1244
1057,1372
1057,1398
1057,1662
1057,1677
1057,1773
1057,1917
1057,2017
1057,2145
1057,2154
1057,2281
1057,2696
1057,2802
1057,2836
1057,2906
1057,2989
1057,3299
1057,3575
1057,3854
1058,1092
1058,1288
1058,1315
1058,1484
1058,1525
1058,1537
1058,1666
1058,1715
1058,1860
1058,1867
1058,1938
1058,2139
1058,2485
1058,2692
1058,2868
1058,2974
1058,3157
1058,3504
1058,3747
1059,1070
1059,1128
1059,1367
1059,1368
1059,1440
1059,1805
1059,2079
1059,2235
1059,2277
1059,2501
1059,2520
1059,2536
1059,2544
1059,2606
1059,2622
1059,2625
1059,2706
1059,2848
1059,2883
1059,3083
1059,3395
1059,3523
1059,3673
1059,3815
1060,1087
1060,1229
1060,1236
1060,1246
1060,1256
1060,1265
1060,1316
1060,1440
1060,1455
1060,1456
1060,1489
1060,1505
1060,1617
1060,1692
1060,1800
1060,2333
1060,2412
1060,2567
1060,2760
1060,2894
1060,3104
1060,3131
1060,3429
1060,3447
1060,3480
1060,3535
1060,3886
1061,1283
1061,1316
1061,1381
1061,1450
1061,1586
1061,1599
1061,1667
1061,1986
1061,2053
1061,2093
1061,2229
1061,2312
1061,2486
1061,2509
1061,2591
1061,2695
1061,2784
1061,3003
1061,3178
1061,3262
1061,3447
1061,3576
1061,3726
1061,3873
1062,1165
1062,1172
1062,1201
1062,1300
1062,1382
1062,1451
1062,1594
1062,1640
1062,1778
1062,1838
1062,2013
1062,2059
1062,2174
1062,2455
1062,2476
1062,2627
1062,2769
1062,2917
1062,2978
1062,3034
1062,3102
1062,3146
1062,3248
1062,3280
1062,3288
1062,3316
1062,3364
1062,3425
1062,3508
1062,3669
1062,3780
1062,3814
1063,1218
1063,1253
1063,1280
1063,1292
1063,1435
1063,1551
1063,1574
1063,1607
1063,1756
1063,1900
1063,2073
1063,2318
1063,2348
1063,3070
1063,3077
1063,3090
1063,3460
1063,3477
1063,3836
1064,1084
1064,1225
1064,1241
1064,1414
1064,1432
1064,1444
1064,1515
1064,1620
1064,1774
1064,1789
1064,2032
1064,2045
1064,2072
1064,2130
1064,2214
1064,2287
1064,2490
1064,2522
1064,2680
1064,2735
1064,2828
1064,3020
1064,3053
1064,3364
1064,3400
1064,3624
1064,3625
1064,3799
1064,3903
1064,3966
1065,1201
1065,1237
1065,1406
1065,1627
1065,1888
1065,2021
1065,2233
1065,2265
1065,2561
1065,2906
1065,2968
1065,3118
1065,3245
1065,3357
1065,3468
1065,3471
1065,3853
1066,1092
1066,1105
1066,1347
1066,1554
1066,1559
1066,1759
1066,1836
1066,1895
1066,1906
1066,1963
1066,2206
1066,2217
1066,2220
1066,2413
1066,3038
1066,3207
1066,3751
1066,3972
1067,1075
1067,1221
1067,1312
1067,1358
1067,1447
1067,1477
1067,1544
1067,1614
1067,1648
1067,1923
1067,1979
1067,1986
1067,2120
1067,2314
1067,2395
1067,2424
1067,2494
1067,2526
1067,2572
1067,2609
1067,2655
1067,3004
1067,3246
1067,3397
1067,3520
1067,3838
1068,1181
1068,1877
1068,1879
1068,2528
1068,2567
1068,2570
1068,2602
1068,2816
1068,3013
1068,3071
1068,3078
1068,3184
1068,3345
1068,3556
1068,3592
1068,3668
1068,3820
1068,4028
1069,1165
1069,1351
1069,1462
1069,1476
1069,1573
1069,1646
1069,1840
1069,1893
1069,1901
1069,2029
1069,2097
1069,2171
1069,2364
1069,2366
1069,2490
1069,2491
1069,2661
1069,2706
1069,2737
1069,2840
1069,2943
1069,2946
1069,3219
1069,3381
1069,3526
1069,3612
1069,3639
1069,3877
1069,4001
1069,4019
1070,1115
1070,1135
1070,1156
1070,1255
1070,1500
1070,1656
1070,2088
1070,2122
1070,2152
1070,2443
1070,2459
1070,2536
1070,3091
1070,3351
1070,3447
1070,3587
1070,3880
1070,3893
1071,1127
1071,1405
1071,1536
1071,1592
1071,1644
1071,1785
1071,1805
1071,1825
1071,1856
1071,1901
1071,1944
1071,2130
1071,2336
1071,2361
1071,2406
1071,2450
1071,2567
1071,2639
1071,2667
1071,2677
1071,2738
1071,2761
1071,2862
1071,3061
1071,3282
1071,3325
1071,3368
1071,3413
1071,3431
1071,3638
1071,3760
1071,3849
1071,3896
1071,3915
1072,1399
1072,1464
1072,1694
1072,1702
1072,1980
1072,1991
1072,2079
1072,2095
1072,2199
1072,3014
1072,3143
1072,3407
1072,3704
1072,3984
1073,1085
1073,1175
1073,1195
1073,1231
1073,1311
1073,1364
1073,1433
1073,1487
1073,1681
1073,1799
1073,2005
1073,2156
1073,2187
1073,2190
1073,2441
1073,2496
1073,2690
1073,2904
1073,3031
1073,3049
1073,3460
1073,3584
1073,3619
1073,3755
1073,3806
1074,1131
1074,1371
1074,1683
1074,1740
1074,2012
1074,2100
1074,2207
1074,3012
1075,1404
1075,1514
1075,1660
1075,1763
1075,1797
1075,1903
1075,2003
1075,2095
1075,2230
1075,2259
1075,2947
1075,3007
1075,3028
1075,3045
1075,3136
1075,3250
1075,3328
1075,3561
1076,1089
1076,1171
1076,1215
1076,1307
1076,1311
1076,1445
1076,1558
1076,1576
1076,1636
1076,1893
1076,1943
1076,1954
1076,2303
1076,2317
1076,2353
1076,2501
1076,2642
1076,2798
1076,2927
1076,2992
1076,3709
1076,3784
1076,3828
1076,3845
1076,3937
1076,4030
1077,1115
1077,1225
1077,1431
1077,1478
1077,1513
1077,1529
1077,1576
1077,1631
1077,1881
1077,1923
1077,1954
1077,2013
1077,2170
1077,2579
1077,2610
1077,2619
1077,2677
1077,2715
1077,3307
1077,3379
1077,3511
1077,3667
1077,3846
1077,3927
1078,1265
1078,1295
1078,1424
1078,1559
1078,1791
1078,1867
1078,2130
1078,2429
1078,2783
1078,3079
1078,3403
1078,3419
1078,3496
1078,3777
1079,1169
1079,1261
1079,1468
1079,1679
1079,1853
1079,1873
1079,1932
1079,1936
1079,1987
1079,2073
1079,2325
1079,2330
1079,2431
1079,2489
1079,2683
1079,2737
1079,2970
1079,3408
1079,3432
1079,3713
1080,1194
1080,1268
1080,1346
1080,1351
1080,1447
1080,1480
1080,1566
1080,1719
1080,1763
1080,1818
1080,1923
1080,1985
1080,1987
1080,1994
1080,1997
1080,2107
1080,2132
1080,2212
1080,2326
1080,2412
1080,2556
1080,2630
1080,2686
1080,2705
1080,2860
1080,3081
1080,3227
1080,3446
1080,3519
1080,3523
1080,3548
1080,3579
1080,3824
1080,3901
1080,3925
1080,3953
1081,1388
1081,1435
1081,1793
1081,1880
1081,2223
1081,2230
1081,2722
1081,2871
1081,3001
1081,3519
1081,3713
1081,3794
1081,3983
1081,4013
1082,1257
1082,1338
1082,1415
1082,1597
1082,1754
1082,1861
1082,1870
1082,1877
1082,1960
1082,2301
1082,2405
1082,2649
1082,2743
1082,3421
1082,3560
1082,3627
1082,3855
1082,4010
1083,1107
1083,1183
1083,1463
1083,1485
1083,1569
1083,1639
1083,1734
1083,1959
1083,1970
1083,2107
1083,2130
1083,2883
1083,2952
1083,3037
1083,3206
1083,3681
1084,1172
1084,1297
1084,1441
1084,1475
1084,1878
1084,2055
1084,2126
1084,2206
1084,2424
1084,2473
1084,2576
1084,2883
1084,2908
1084,2962
1084,2995
1084,3043
1084,3229
1084,3607
1084,3736
1084,3941
1085,1151
1085,1183
1085,1495
1085,1521
1085,1560
1085,1802
1085,2062
1085,2280
1085,2454
1085,2911
1085,3011
1085,3065
1085,3085
1085,3264
1085,3273
1085,3288
1085,3422
1085,3539
1085,3554
1085,3729
1085,3782
1085,3911
1086,1204
1086,1470
1086,1516
1086,1566
1086,1581
1086,1587
1086,1788
1086,1907
1086,1953
1086,2817
1086,3079
1086,3085
1086,3343
1086,3352
1086,3381
1086,3488
1086,3504
1086,3583
1086,3740
1086,3745
1087,1226
1087,1280
1087,1432
1087,1458
1087,1490
1087,1580
1087,1649
1087,1976
1087,2306
1087,2340
1087,2659
1087,2693
1087,2771
1087,2785
1087,2893
1087,3088
1087,3117
1087,3141
1087,3400
1087,3507
1087,3573
1087,3634
1087,3710
1088,1092
1088,1153
1088,1157
1088,1178
1088,1472
1088,1750
1088,1777
1088,1803
1088,1949
1088,2270
1088,2398
1088,2745
1088,2746
1088,2756
1088,2761
1088,2798
1088,2909
1088,3145
1088,3460
1088,3470
1088,3799
1089,1257
1089,1276
1089,1551
1089,1578
1089,1643
1089,1694
1089,1711
1089,1784
1089,1922
1089,1962
1089,2099
1089,2287
1089,2676
1089,2704
1089,2840
1089,2860
1089,2924
1089,2929
1089,3075
1089,3415
1089,3606
1089,3688
1090,1133
1090,1690
1090,2199
1090,2314
1090,2776
1090,3192
1090,3645
1091,1275
1091,1291
1091,1806
1091,1936
1091,2228
1091,2407
1091,2692
1091,2936
1091,3019
1091,3211
1091,3293
1091,3396
1091,3463
1091,3465
1091,3586
1091,3670
1091,3977
1092,1357
1092,1418
1092,1654
1092,2255
1092,2265
1092,2346
1092,2625
1092,2847
1092,2947
1092,3275
1093,1183
1093,1382
1093,1464
1093,2203
1093,2231
1093,2365
1093,2525
1093,2963
1093,3134
1093,3144
1093,3149
1093,3500
1093,3588
1093,3992
1094,1100
1094,1120
1094,1145
1094,1410
1094,1424
1094,1506
1094,1666
1094,1726
1094,1780
1094,1825
1094,2041
1094,2181
1094,2247
1094,2308
1094,2545
1094,2638
1094,2657
1094,2716
1094,2824
1094,2960
1094,3101
1094,3121
1094,3203
1094,3248
1094,3276
1094,3426
1094,4022
1095,1101
1095,1132
1095,1157
1095,1247
1095,1279
1095,1301
1095,1701
1095,1747
1095,1774
1095,1854
1095,1860
1095,1945
1095,1951
1095,2114
1095,2399
1095,2452
1095,2729
1095,2762
1095,3213
1095,3224
1095,3509
1095,3654
1095,3681
1095,3757
1095,3787
1095,3810
1095,3981
1095,4000
1095,4024
1096,1139
1096,1330
1096,1371
1096,1529
1096,1623
1096,1762
1096,1949
1096,1963
1096,2034
1096,2068
1096,2240
1096,2265
1096,2316
1096,2366
1096,2372
1096,2423
1096,2428
1096,2484
1096,2496
1096,2558
1096,2710
1096,2760
1096,2879
1096,2882
1096,2944
1096,2960
1096,2976
1096,3130
1096,3143
1096,3578
1096,3604
1097,1270
1097,1279
1097,1485
1097,1659
1097,1856
1097,1959
1097,2422
1097,2458
1097,2589
1097,2693
1097,2787
1097,2898
1097,3043
1097,3048
1097,3246
1097,3380
1097,3455
1097,3721
1097,3801
1097,3855
1097,3860
1097,4013
1097,4015
1098,1154
1098,1178
1098,1203
1098,1280
1098,1422
1098,1449
1098,1680
1098,1827
1098,1868
1098,2118
1098,2176
1098,2205
1098,2271
1098,2373
1098,2600
1098,2633
1098,2678
1098,2849
1098,3295
1098,3385
1098,3833
1098,3982
1098,4009
1099,1122
1099,1474
1099,1520
1099,1528
1099,1709
1099,1877
1099,1911
1099,1982
1099,2183
1099,2475
1099,3309
1099,3384
1099,3415
1099,3463
1099,3494
1099,3563
1099,3590
1100,1116
1100,1134
1100,1263
1100,1407
1100,1482
1100,1593
1100,1608
1100,1614
1100,1620
1100,1633
1100,1670
1100,1715
1100,2181
1100,2214
1100,2527
1100,2898
1100,2920
1100,2948
1100,3118
1100,3373
1100,3463
1100,3528
1101,1334
1101,1570
1101,1676
1101,1819
1101,2054
1101,2195
1101,2454
1101,2479
1101,3034
1101,3373
1101,3525
1101,3749
1101,3788
1101,3962
1102,1350
1102,1484
1102,1673
1102,1783
1102,2078
1102,2121
1102,2177
1102,2236
1102,2285
1102,2433
1102,2483
1102,2706
1102,2995
1102,3234
1102,3309
1102,3597
1102,3655
1102,3677
1103,1119
1103,1171
1103,1215
1103,1232
1103,1276
1103,1283
1103,1395
1103,1412
1103,1718
1103,1788
1103,1800
1103,1833
1103,1887
1103,1894
1103,1899
1103,2038
1103,2323
1103,2480
1103,2552
1103,2610
1103,2649
1103,2681
1103,2945
1103,3167
1103,3233
1103,3555
1103,3713
1103,3721
1103,3759
1103,3776
1103,3865
1103,3912
1104,1150
1104,1216
1104,1433
1104,1451
1104,1497
1104,1515
1104,1530
1104,1587
1104,1683
1104,1861
1104,2107
1104,2171
1104,2297
1104,2361
1104,2608
1104,2687
1104,2936
1104,2947
1104,2955
1104,3223
1104,3280
1104,3333
1104,3719
1104,3814
1104,3843
1104,3847
1104,3938
1105,1234
1105,1274
1105,1668
1105,1696
1105,1833
1105,1981
1105,2016
1105,2028
1105,2038
1105,2222
1105,2237
1105,2242
1105,2413
1105,2462
1105,2516
1105,2658
1105,3043
1105,3438
1105,3612
1105,3668
1105,3909
1105,4010
1105,4028
1105,4033
1106,1394
1106,1458
1106,1599
1106,1688
1106,1756
1106,1858
1106,1950
1106,1971
1106,2159
1106,2172
1106,2249
1106,2294
1106,2674
1106,2829
1106,2899
1106,3410
1106,3462
1106,3565
1106,3831
1106,3929
1106,4006
1107,1112
1107,1274
1107,1309
1107,1450
1107,1511
1107,1587
1107,1690
1107,1716
1107,1741
1107,1837
1107,1860
1107,2038
1107,2046
1107,2197
1107,2344
1107,2478
1107,2533
1107,2659
1107,2692
1107,2892
1107,2905
1107,2907
1107,2925
1107,3085
1107,3094
1107,3109
1107,3193
1107,3224
1107,3495
1107,3590
1107,3736
1107,3923
1107,3934
1107,4012
1108,1344
1108,1378
1108,1484
1108,1550
1108,1599
1108,1680
1108,2073
1108,2177
1108,2200
1108,2213
1108,2240
1108,2270
1108,2324
1108,2363
1108,2528
1108,2533
1108,2572
1108,2607
1108,2873
1108,3026
1108,3101
1108,3129
1108,3179
1108,3331
1108,3572
1108,3804
1109,1136
1109,1143
1109,1149
1109,1323
1109,1528
1109,1596
1109,1620
1109,1854
1109,1874
1109,1918
1109,2064
1109,2326
1109,2601
1109,2677
1109,2687
1109,2896
1109,3446
1109,3479
1109,3645
1109,3730
1109,3797
1109,3943
1109,3957
1109,4005
1110,1117
1110,1136
1110,1264
1110,1287
1110,1299
1110,1419
1110,1451
1110,1501
1110,1534
1110,1560
1110,1648
1110,1694
1110,1758
1110,1816
1110,1924
1110,1945
1110,2069
1110,2128
1110,2216
1110,2265
1110,2302
1110,2318
1110,2322
1110,2449
1110,2571
1110,2572
1110,2928
1110,3057
1110,3172
1110,3270
1110,3492
1110,3660
1110,3725
1110,3777
1110,3818
1110,3849
1110,3911
1111,1271
1111,1740
1111,1789
1111,1982
1111,2318
1111,2656
1111,2959
1111,3490
1111,3625
1111,3640
1111,3690
1111,3702
1111,3926
1112,1133
1112,1319
1112,1828
1112,2149
1112,2161
1112,2795
1112,2888
1112,2965
1112,2972
1112,2984
1112,3042
1112,3183
1112,3351
1112,3701
1112,3738
1112,3870
1112,3904
1113,1153
1113,1376
1113,1536
1113,1566
1113,1623
1113,2004
1113,2830
1113,2900
1113,3205
1113,3249
1113,3283
1113,3318
1113,3782
1113,3870
1113,3987
1113,4012
1114,1458
1114,1608
1114,1745
1114,2106
1114,2805
1114,3279
1114,3474
1114,3751
1115,1186
1115,1779
1115,1920
1115,1943
1115,2040
1115,2272
1115,2459
1115,2532
1115,2716
1115,2729
1115,2793
1115,2927
1115,3144
1115,3284
1115,3382
1115,3472
1115,3743
1115,3997
1116,1161
1116,1238
1116,1363
1116,1579
1116,2090
1116,2326
1116,2337
1116,2595
1116,2768
1116,2906
1116,3104
1116,3302
1116,3480
1116,3646
1116,3886
1116,4003
1117,1181
1117,1253
1117,1543
1117,1740
1117,1749
1117,1860
1117,1899
1117,2145
1117,2248
1117,2263
1117,2963
1117,3110
1117,3630
1118,1352
1118,1700
1118,1740
1118,1776
1118,2048
1118,2195
1118,2316
1118,2379
1118,2489
1118,2700
1118,2783
1118,2880
1118,2983
1118,3862
1118,3964
1119,1148
1119,1219
1119,1233
1119,1863
1119,2042
1119,2183
1119,2219
1119,2327
1119,2500
1119,2762
1119,2802
1119,3095
1119,3161
1119,3298
1119,3330
1119,3854
1120,1243
1120,1330
1120,1555
1120,1563
1120,3356
1120,3529
1120,4036
1121,1168
1121,1277
1121,1340
1121,2086
1121,2216
1121,2244
1121,2841
1121,2863
1121,2977
1121,3012
1121,3069
1121,3304
1121,3685
1122,1167
1122,1346
1122,1353
1122,1366
1122,1375
1122,1400
1122,1780
1122,1809
1122,1897
1122,1905
1122,2147
1122,2170
1122,2386
1122,2562
1122,2729
1122,2953
1122,3122
1122,3141
1122,3180
1122,3334
1122,3881
1122,3999
1123,1218
1123,1285
1123,1344
1123,1404
1123,1447
1123,1487
1123,1698
1123,1757
1123,2113
1123,2232
1123,2311
1123,2373
1123,2417
1123,2651
1123,2695
1123,2744
1123,3137
1123,3231
1123,3371
1123,3406
1123,3522
1123,3551
1124,1208
1124,1246
1124,1360
1124,2327
1124,2432
1124,2484
1124,2638
1124,2885
1124,2932
1124,3049
1124,3181
1124,3300
1124,3314
1124,3391
1124,3621
1124,3712
1124,3817
1124,3997
1125,1263
1125,1373
1125,1801
1125,1862
1125,1882
1125,1947
1125,1980
1125,2074
1125,2174
1125,2372
1125,2648
1125,2692
1125,2756
1125,2969
1125,2975
1125,3244
1125,3329
1125,3743
1125,3748
1125,3986
1125,3997
1126,1212
1126,1490
1126,1547
1126,1556
1126,1588
1126,1740
1126,1922
1126,2763
1126,2875
1126,3040
1126,3156
1126,3428
1126,3430
1126,3489
1127,1150
1127,1246
1127,1265
1127,1418
1127,1646
1127,1649
1127,1770
1127,1775
1127,1843
1127,2285
1127,2629
1127,3652
1127,3949
1128,1351
1128,1354
1128,1364
1128,1371
1128,1433
1128,1458
1128,1538
1128,1606
1128,1811
1128,1942
1128,1985
1128,2063
1128,2075
1128,2526
1128,2567
1128,2571
1128,2609
1128,2747
1128,2962
1128,3099
1128,3129
1128,3457
1128,3608
1128,3873
1128,3949
1128,4033
1129,1151
1129,1278
1129,1297
1129,1348
1129,1720
1129,1838
1129,1859
1129,1864
1129,1872
1129,1946
1129,2047
1129,2219
1129,2641
1129,2649
1129,2689
1129,2711
1129,2848
1129,3009
1129,3108
1129,3157
1129,3233
1129,3252
1129,3279
1129,3302
1129,3303
1129,3401
1129,3461
1129,3597
1130,1137
1130,1185
1130,1530
1130,1640
1130,1653
1130,1715
1130,1827
1130,1927
1130,2001
1130,3256
1130,3292
1130,3321
1130,3358
1130,3689
1131,1384
1131,1477
1131,1521
1131,1560
1131,1625
1131,1647
1131,1687
1131,1812
1131,1859
1131,2094
1131,2611
1131,3142
1131,3886
1131,3903
1132,1161
1132,1284
1132,1563
1132,1593
1132,1595
1132,1795
1132,1895
1132,2174
1132,2280
1132,2316
1132,2379
1132,2399
1132,2752
1132,2799
1132,2951
1132,3158
1132,3177
1132,3882
1132,3888
1133,1235
1133,1253
1133,1289
1133,1315
1133,1338
1133,1358
1133,1416
1133,1440
1133,1483
1133,1523
1133,1536
1133,1548
1133,1604
1133,1608
1133,1710
1133,1834
1133,1901
1133,1910
1133,1971
1133,2075
1133,2096
1133,2192
1133,2384
1133,2390
1133,2431
1133,2459
1133,2466
1133,2710
1133,2795
1133,2815
1133,2885
1133,2923
1133,2981
1133,3059
1133,3097
1133,3456
1133,3464
1133,3634
1133,3652
1133,3817
1133,3896
1133,3961
1133,3978
1133,4032
1134,1263
1134,1290
1134,1491
1134,1580
1134,1899
1134,2053
1134,2136
1134,2159
1134,2403
1134,2511
1134,2533
1134,2565
1134,2630
1134,2631
1134,2865
1134,3061
1134,3208
1134,3458
1134,3462
1134,3506
1134,3606
1134,3661
1134,3792
1134,3850
1134,4023
1135,1317
1135,1566
1135,1685
1135,1720
1135,1724
1135,1754
1135,1806
1135,1895
1135,1897
1135,2516
1135,2598
1135,2820
1135,3105
1135,3360
1135,3374
1135,3539
1135,3544
1135,3668
1135,3729
1135,3960
1136,1180
1136,1224
1136,1259
1136,1310
1136,1494
1136,1742
1136,1782
1136,2031
1136,2067
1136,2259
1136,2484
1136,2517
1136,2690
1136,2720
1136,3005
1136,3011
1136,3059
1136,3712
1136,4037
1137,1147
1137,1174
1137,1247
1137,1285
1137,1337
1137,1357
1137,1384
1137,1517
1137,1531
1137,1582
1137,1616
1137,1671
1137,1704
1137,1838
1137,2001
1137,2037
1137,2164
1137,2206
1137,2536
1137,2821
1137,2926
1137,3034
1137,3064
1137,3161
1137,3191
1137,3245
1137,3326
1137,3397
1137,3501
1137,3600
1137,3625
1137,3902
1138,1171
1138,1272
1138,1563
1138,1650
1138,1920
1138,2125
1138,2149
1138,2813
1138,2866
1138,3160
1138,3489
1139,1363
1139,1378
1139,1525
1139,1781
1139,2435
1139,2485
1139,2823
1139,2834
1139,3050
1139,3083
1139,3377
1139,3432
1139,3874
1139,4011
1140,1168
1140,1174
1140,1859
1140,2195
1140,2376
1140,2428
1140,3051
1140,3075
1140,3206
1140,3263
1140,3332
1141,1190
1141,1326
1141,1692
1141,1738
1141,2669
1141,2670
1141,3177
1141,3211
1141,3257
1141,3310
1141,3935
1142,1234
1142,1347
1142,1440
1142,1589
1142,1616
1142,1662
1142,1827
1142,1940
1142,2018
1142,2824
1142,2891
1142,2896
1142,2958
1142,2984
1142,3084
1142,3142
1142,3444
1142,3459
1142,3530
1142,3556
1142,3689
1142,3730
1142,3951
1143,1152
1143,1317
1143,2064
1143,2467
1143,2488
1143,2536
1143,3090
1143,3605
1143,3610
1143,3820
1144,1162
1144,1167
1144,1256
1144,1467
1144,1725
1144,2110
1144,2209
1144,2310
1144,2942
1144,3186
1144,3637
1144,3817
1144,3857
1144,3868
1144,3885
1145,1330
1145,1393
1145,1398
1145,1480
1145,1523
1145,1550
1145,1604
1145,1696
1145,2009
1145,2343
1145,2384
1145,2385
1145,2469
1145,2483
1145,2501
1145,2538
1145,2575
1145,3210
1145,3589
1145,3726
1146,1207
1146,1219
1146,1234
1146,1318
1146,1366
1146,1383
1146,1556
1146,1600
1146,1601
1146,1651
1146,1653
1146,1823
1146,1902
1146,2044
1146,2112
1146,2146
1146,2213
1146,2256
1146,2450
1146,2512
1146,2529
1146,2582
1146,2606
1146,2788
1146,2940
1146,3256
1146,3328
1146,3437
1146,3476
1146,3588
1146,3684
1146,3764
1146,3899
1146,3967
1147,1240
1147,1470
1147,1618
1147,1706
1147,1921
1147,2098
1147,2112
1147,2436
1147,2479
1147,2740
1147,2911
1147,2962
1147,2990
1147,3567
1148,2158
1148,2560
1148,2853
1148,2854
1148,3004
1148,3382
1148,3477
1148,3523
1148,3577
1148,3644
1148,3835
1148,3871
1148,3878
1149,1272
1149,1520
1149,1547
1149,1649
1149,1663
1149,1835
1149,1887
1149,1950
1149,2003
1149,2015
1149,2035
1149,2040
1149,2184
1149,2519
1149,2538
1149,2568
1149,2622
1149,2871
1149,3025
1149,3349
1149,3717
1149,3820
1149,3862
1149,4020
1149,4029
1150,1174
1150,1268
1150,1293
1150,1363
1150,1404
1150,1615
1150,1647
1150,1692
1150,1816
1150,1869
1150,1938
1150,1942
1150,1962
1150,2197
1150,2232
1150,2244
1150,2413
1150,2454
1150,2546
1150,2772
1150,2889
1150,2946
1150,3077
1150,3080
1150,3326
1150,3337
1150,3357
1150,3667
1150,3935
1151,1187
1151,1248
1151,1296
1151,1305
1151,1308
1151,1319
1151,1350
1151,1371
1151,1589
1151,1714
1151,1718
1151,1758
1151,1944
1151,2099
1151,2412
1151,2755
1151,2773
1151,2812
1151,3304
1151,3415
1151,3430
1151,3543
1151,3648
1151,3692
1151,3763
1151,3976
1151,4034
1152,1155
1152,1414
1152,1415
1152,2382
1152,2411
1152,2512
1152,2535
1152,2543
1152,3060
1152,3080
1152,3358
1152,3477
1152,3498
1152,3603
1152,3698
1152,3770
1152,3885
1152,4010
1153,1239
1153,1409
1153,1454
1153,1470
1153,1527
1153,1579
1153,1747
1153,1814
1153,1862
1153,1896
1153,1943
1153,1951
1153,1979
1153,1983
1153,2150
1153,2165
1153,2548
1153,2599
1153,2743
1153,2848
1153,2925
1153,2998
1153,3111
1153,3302
1153,3368
1153,3407
1153,3531
1153,3670
1153,3912
1154,1174
1154,1176
1154,1220
1154,1341
1154,1407
1154,1515
1154,1615
1154,1645
1154,1657
1154,1741
1154,1891
1154,2011
1154,2116
1154,2127
1154,2417
1154,2555
1154,2633
1154,2653
1154,2670
1154,2803
1154,3425
1154,3483
1154,3575
1154,3621
1154,3651
1154,3684
1154,3768
1154,3917
1155,1184
1155,1192
1155,1230
1155,1255
1155,1276
1155,1302
1155,1327
1155,1349
1155,1465
1155,1489
1155,1550
1155,1572
1155,1657
1155,1675
1155,1780
1155,1901
1155,1972
1155,2036
1155,2324
1155,2458
1155,2669
1155,2830
1155,2967
1155,3040
1155,3239
1155,3313
1155,3371
1155,3385
1155,3421
1156,1173
1156,1270
1156,1382
1156,1576
1156,1631
1156,1740
1156,1832
1156,2081
1156,2174
1156,2204
1156,2292
1156,2343
1156,2359
1156,2681
1156,2685
1156,2831
1156,2950
1156,2964
1156,3072
1156,3163
1156,3167
1156,3229
1156,3451
1156,3458
1156,3459
1156,3638
1156,3816
1156,3885
1156,4015
1157,1186
1157,1241
1157,1308
1157,1341
1157,1485
1157,1505
1157,1531
1157,1535
1157,1547
1157,1599
1157,1730
1157,1758
1157,1919
1157,1943
1157,2275
1157,2289
1157,2304
1157,2348
1157,2444
1157,2656
1157,2658
1157,2688
1157,2726
1157,2774
1157,2990
1157,3042
1157,3077
1157,3216
1157,3424
1157,3592
1157,3727
1157,3935
1157,3971
1158,1300
1158,1355
1158,1511
1158,1530
1158,1546
1158,1584
1158,1655
1158,1731
1158,1896
1158,1975
1158,2031
1158,2542
1158,2576
1158,2578
1158,2722
1158,2791
1158,2918
1158,3189
1158,3268
1158,3296
1158,3473
1158,3555
1158,3556
1158,3731
1158,3825
1159,1380
1159,1602
1159,1611
1159,1632
1159,1818
1159,2103
1159,2110
1159,2121
1159,2233
1159,2441
1159,2583
1159,2817
1159,3383
1159,3853
1159,3921
1159,4022
1160,1262
1160,1268
1160,1381
1160,1546
1160,1577
1160,1653
1160,1889
1160,2914
1160,2946
1160,3037
1160,3405
1160,3465
1160,3499
1160,3524
1160,3767
1160,3836
1160,3971
1161,1185
1161,1619
1161,1836
1161,1959
1161,2122
1161,2243
1161,2353
1161,2375
1161,2571
1161,2624
1161,2840
1161,2865
1161,3027
1161,3104
1161,3120
1161,3289
1161,3306
1161,3813
1161,3944
1161,4007
1162,1344
1162,1382
1162,1447
1162,1452
1162,1728
1162,1813
1162,1827
1162,1890
1162,1898
1162,1906
1162,1908
1162,2091
1162,2093
1162,2161
1162,2189
1162,2266
1162,2272
1162,2423
1162,2632
1162,2891
1162,2897
1162,3071
1162,3078
1162,3164
1162,3293
1162,3340
1162,3506
1162,3632
1162,3722
1162,3751
1162,3812
1163,1168
1163,1212
1163,1331
1163,1533
1163,1545
1163,1596
1163,1657
1163,1921
1163,1980
1163,1991
1163,2028
1163,2183
1163,2267
1163,2438
1163,2467
1163,2651
1163,2754
1163,2801
1163,3386
1163,3538
1163,3542
1163,3881
1163,3973
1164,1277
1164,1288
1164,1717
1164,1868
1164,2090
1164,2342
1164,2468
1164,2876
1164,2968
1164,3575
1164,3869
1165,1179
1165,1868
1165,2043
1165,2154
1165,2156
1165,2256
1165,2482
1165,2797
1165,2897
1165,2961
1165,2971
1165,3283
1165,3328
1165,3522
1165,3865
1165,3942
1166,1184
1166,1229
1166,1279
1166,1551
1166,1730
1166,1854
1166,1905
1166,2428
1166,2465
1166,2945
1166,3065
1166,3183
1166,3425
1166,3493
1166,3558
1166,3702
1166,3733
1166,3816
1166,3843
1166,3905
1166,3923
1167,1428
1167,1489
1167,2060
1167,2308
1167,2441
1167,2505
1167,2571
1167,2979
1167,3086
1167,3276
1167,3598
1167,3778
1167,3784
1168,1310
1168,1321
1168,1326
1168,1745
1168,1823
1168,1836
1168,1906
1168,2083
1168,2141
1168,2144
1168,2338
1168,2775
1168,2818
1168,2970
1168,3330
1168,3871
1168,3889
1169,1185
1169,1189
1169,1357
1169,1465
1169,1516
1169,1554
1169,1661
1169,1800
1169,1857
1169,1872
1169,1915
1169,1959
1169,2072
1169,2253
1169,2556
1169,2705
1169,2750
1169,2856
1169,2879
1169,2939
1169,3231
1169,3305
1169,3473
1169,3532
1169,3602
1169,3762
1169,3951
1170,1238
1170,1268
1170,1695
1170,1780
1170,1869
1170,1888
1170,1892
1170,1913
1170,2015
1170,2171
1170,2172
1170,2641
1170,2764
1170,2853
1170,2983
1170,3062
1170,3174
1170,3563
1170,3738
1170,3854
1170,3935
1171,1193
1171,1213
1171,1298
1171,1303
1171,1474
1171,1667
1171,2117
1171,2197
1171,2865
1171,2868
1171,2964
1171,3041
1171,3498
1171,3598
1171,3779
1171,3967
1172,1230
1172,1243
1172,1283
1172,1377
1172,1401
1172,1468
1172,1587
1172,1840
1172,2012
1172,2022
1172,2071
1172,2268
1172,2582
1172,2635
1172,2784
1172,3425
1172,3886
1172,3945
1172,3971
1173,1187
1173,1387
1173,1388
1173,1392
1173,1417
1173,1454
1173,1498
1173,1510
1173,1592
1173,1651
1173,1722
1173,1758
1173,1895
1173,2004
1173,2034
1173,2069
1173,2094
1173,2108
1173,2117
1173,2177
1173,2202
1173,2381
1173,2464
1173,2519
1173,2813
1173,2870
1173,2946
1173,3141
1173,3227
1173,3602
1173,3603
1173,3649
1173,3696
1173,3756
1173,3796
1173,3844
1173,3857
1174,1351
1174,1423
1174,1500
1174,1501
1174,1606
1174,1613
1174,1803
1174,1808
1174,1833
1174,1836
1174,2276
1174,2291
1174,2369
1174,2389
1174,2612
1174,2693
1174,2696
1174,3038
1174,3447
1174,4009
1175,1248
1175,1272
1175,1555
1175,1836
1175,2101
1175,2317
1175,2438
1175,2497
1175,2541
1175,2624
1175,2706
1175,2997
1175,3384
1175,3386
1175,3696
1176,1818
1176,1855
1176,2312
1176,2393
1176,2473
1176,2604
1176,2986
1176,3104
1176,3133
1176,3330
1176,3411
1176,3515
1176,3662
1177,1238
1177,1392
1177,1494
1177,1668
1177,1697
1177,1698
1177,2074
1177,2151
1177,2192
1177,2598
1177,2789
1177,2939
1177,3417
1177,3681
1177,3829
1178,1193
1178,1205
1178,1267
1178,1334
1178,1466
1178,1532
1178,1595
1178,1801
1178,1972
1178,2079
1178,2276
1178,2494
1178,2571
1178,2592
1178,2661
1178,2694
1178,2763
1178,2769
1178,2791
1178,2822
1178,3147
1178,3224
1178,3271
1178,3295
1178,3423
1178,3453
1178,3692
1178,3732
1178,3789
1178,3894
1178,4017
1179,1192
1179,1272
1179,1381
1179,1669
1179,1677
1179,1800
1179,1869
1179,2077
1179,2210
1179,2362
1179,2382
1179,2425
1179,2546
1179,2926
1179,3027
1179,3455
1179,3660
1179,3667
1179,3678
1180,1349
1180,1409
1180,1537
1180,1576
1180,1692
1180,1775
1180,1790
1180,1970
1180,2348
1180,2463
1180,2520
1180,2617
1180,2737
1180,2840
1180,2963
1180,3108
1180,3118
1180,3257
1180,3294
1180,3548
1180,3867
1180,3916
1181,1199
1181,1481
1181,1558
1181,1577
1181,1906
1181,1971
1181,2005
1181,2044
1181,2140
1181,2378
1181,2673
1181,2879
1181,3150
1181,3157
1181,3401
1181,3615
1181,3623
1181,3625
1181,3634
1181,3731
1181,3739
1181,3740
1181,3961
1182,1196
1182,1342
1182,1540
1182,1660
1182,1995
1182,2112
1182,2332
1182,2811
1182,2821
1182,2847
1182,3125
1182,3514
1182,3790
1183,1208
1183,1219
1183,1605
1183,1792
1183,1817
1183,1848
1183,2050
1183,2165
1183,2176
1183,2195
1183,2199
1183,2245
1183,2500
1183,2529
1183,2687
1183,2730
1183,2911
1183,3041
1183,3071
1183,3116
1183,3229
1183,3265
1183,3351
1183,3435
1183,3653
1183,3920
1184,1498
1184,1600
1184,1810
1184,1892
1184,2208
1184,2215
1184,2328
1184,2398
1184,2400
1184,2462
1184,2539
1184,2622
1184,2749
1184,2838
1184,2906
1184,3203
1184,3474
1184,3485
1184,3615
1184,3650
1184,3864
1185,1195
1185,1273
1185,1644
1185,1807
1185,1979
1185,1990
1185,2170
1185,2586
1185,2894
1185,3001
1185,3013
1185,3072
1185,3089
1185,3442
1185,3488
1186,1235
1186,1434
1186,1505
1186,1531
1186,1686
1186,1696
1186,1718
1186,1736
1186,1863
1186,1912
1186,2005
1186,2010
1186,2362
1186,2646
1186,2708
1186,2709
1186,2740
1186,2952
1186,3015
1186,3022
1186,3205
1186,3221
1186,3291
1186,3833
1186,3987
1187,1200
1187,1246
1187,1381
1187,1399
1187,1448
1187,1607
1187,1884
1187,1934
1187,2073
1187,2083
1187,2117
1187,2167
1187,2249
1187,2259
1187,2483
1187,2697
1187,2731
1187,3047
1187,3086
1187,3090
1187,3148
1187,3218
1187,3248
1187,3509
1187,3933
1188,1207
1188,1651
1188,1701
1188,1842
1188,1998
1188,2079
1188,2440
1188,2621
1188,2662
1188,2689
1188,3117
1188,3366
1188,3368
1188,3775
1189,1341
1189,1537
1189,1889
1189,1909
1189,2656
1189,3104
1189,3126
1189,3136
1189,3271
1189,3363
1189,3526
1189,3801
1190,1385
1190,1557
1190,1622
1190,1641
1190,1999
1190,2083
1190,2183
1190,2553
1190,2580
1190,2726
1190,2755
1190,2840
1190,2848
1190,2872
1190,3036
1190,3168
1190,3413
1190,3505
1190,3974
1190,4005
1191,1392
1191,1504
1191,1985
1191,2026
1191,2059
1191,2590
1191,2926
1191,3168
1191,3193
1191,3354
1191,3388
1191,3473
1191,3522
1191,3557
1191,3593
1192,1265
1192,1300
1192,1586
1192,1679
1192,1915
1192,1976
1192,2118
1192,2130
1192,2194
1192,2792
1192,3058
1192,3109
1192,3273
1192,3274
1192,3403
1192,3471
1192,3712
1192,3919
1193,1331
1193,1415
1193,1508
1193,1640
1193,1792
1193,1897
1193,1966
1193,1988
1193,2410
1193,2477
1193,2607
1193,2754
1193,2968
1193,3049
1193,3286
1193,3294
1193,3541
1193,3712
1193,3816
1194,1380
1194,1385
1194,1398
1194,1408
1194,1448
1194,1836
1194,2134
1194,2235
1194,2273
1194,2289
1194,2314
1194,2362
1194,2486
1194,2551
1194,2560
1194,2702
1194,2715
1194,2763
1194,3015
1194,3020
1194,3107
1194,3145
1194,3165
1194,3220
1194,3264
1194,3350
1194,3372
1194,3434
1194,3485
1194,3555
1194,3831
1194,3910
1194,3934
1194,3949
1194,3953
1195,1221
1195,1693
1195,1841
1195,1980
1195,2191
1195,2846
1195,2924
1195,3049
1195,3070
1195,3072
1195,3112
1195,3214
1195,3443
1195,3604
1195,3886
1196,1208
1196,1305
1196,1401
1196,1467
1196,1477
1196,1488
1196,1499
1196,1600
1196,1742
1196,1750
1196,1832
1196,2145
1196,2179
1196,2194
1196,2305
1196,2534
1196,2552
1196,2881
1196,3464
1196,3606
1196,3616
1196,3715
1196,3768
1196,3945
1197,1605
1197,2229
1197,2241
1197,2258
1197,2849
1197,3037
1197,3372
1197,3497
1197,3684
1197,3742
1197,3903
1198,1227
1198,1283
1198,1454
1198,1483
1198,1553
1198,1586
1198,1647
1198,1688
1198,1728
1198,1774
1198,1792
1198,1930
1198,2014
1198,2016
1198,2047
1198,2067
1198,2089
1198,2118
1198,2440
1198,2558
1198,3003
1198,3038
1198,3095
1198,3103
1198,3216
1198,3287
1198,3318
1198,3328
1198,3432
1198,3482
1198,3788
1198,3938
1199,1399
1199,1529
1199,1588
1199,1968
1199,2214
1199,2294
1199,2484
1199,2632
1199,3009
1199,3050
1199,3103
1199,3354
1199,3397
1199,3701
1199,3759
1199,3794
1200,1237
1200,1413
1200,1905
1200,1990
1200,2259
1200,2279
1200,2301
1200,2345
1200,2716
1200,2991
1200,3217
1200,3549
1200,3723
1200,3839
1200,3988
1201,1583
1201,1633
1201,2092
1201,2171
1201,2219
1201,2555
1201,2763
1201,2830
1201,3171
1201,3750
1201,3754
1201,3897
1201,4033
1202,1284
1202,1364
1202,1410
1202,1504
1202,1685
1202,1755
1202,1788
1202,1822
1202,1923
1202,1939
1202,2018
1202,2200
1202,2315
1202,2443
1202,2509
1202,2779
1202,2903
1202,2909
1202,3174
1202,3176
1202,3443
1202,3646
1202,3818
1203,1347
1203,1359
1203,1470
1203,1532
1203,1816
1203,1911
1203,2119
1203,2163
1203,2288
1203,2310
1203,3101
1203,3425
1203,3686
1203,3868
1204,1292
1204,1433
1204,1522
1204,1562
1204,1607
1204,1825
1204,2023
1204,2752
1204,2754
1204,2822
1204,2834
1204,3245
1204,3416
1204,3923
1205,1274
1205,1353
1205,1426
1205,1520
1205,1860
1205,1986
1205,2056
1205,2129
1205,2322
1205,2341
1205,2436
1205,2620
1205,2911
1205,2985
1205,3154
1205,3354
1205,3553
1205,3666
1205,3977
1206,1268
1206,1309
1206,1588
1206,1673
1206,1683
1206,1699
1206,2012
1206,2153
1206,2424
1206,2492
1206,2512
1206,2662
1206,2746
1206,2906
1206,2994
1206,3019
1206,3044
1206,3280
1206,3549
1206,3716
1206,3919
1207,1230
1207,1307
1207,1607
1207,2000
1207,2010
1207,2086
1207,2239
1207,2254
1207,2331
1207,2436
1207,2599
1207,2654
1207,2656
1207,2861
1207,3044
1207,3064
1207,3476
1207,3761
1207,3856
1207,3862
1207,3966
1208,1210
1208,1317
1208,1376
1208,1560
1208,1623
1208,1711
1208,1805
1208,1838
1208,2037
1208,2397
1208,2587
1208,2698
1208,3794
1208,3899
1208,3919
1208,3928
1208,3994
1209,1306
1209,1323
1209,1748
1209,1806
1209,2400
1209,2711
1209,2720
1209,2865
1209,3300
1209,3342
1210,1232
1210,1333
1210,1561
1210,1575
1210,1585
1210,1808
1210,1844
1210,2031
1210,2229
1210,2830
1210,2849
1210,2892
1210,3251
1210,3286
1210,3561
1210,3615
1210,3951
1211,1240
1211,1282
1211,1462
1211,1574
1211,1777
1211,1800
1211,1872
1211,1908
1211,2408
1211,2503
1211,2557
1211,2587
1211,2633
1211,2730
1211,2745
1211,3070
1211,3102
1211,3349
1211,3389
1211,3427
1211,3435
1211,3461
1211,3502
1211,3521
1211,3921
1212,1336
1212,1524
1212,1639
1212,1736
1212,1759
1212,1776
1212,1828
1212,1902
1212,2222
1212,2264
1212,2421
1212,2989
1212,3011
1212,3329
1212,3689
1212,3783
1212,3786
1213,1369
1213,1393
1213,1663
1213,1808
1213,1943
1213,2402
1213,2625
1213,2868
1213,3476
1213,3974
1213,4012
1214,1275
1214,1534
1214,1541
1214,1594
1214,1646
1214,1705
1214,1713
1214,1756
1214,1785
1214,2010
1214,2137
1214,2236
1214,2280
1214,2577
1214,2780
1214,3085
1214,3233
1214,3259
1214,3449
1214,4001
1215,1328
1215,1364
1215,1442
1215,1499
1215,1519
1215,1530
1215,1556
1215,1691
1215,1719
1215,1767
1215,1980
1215,2351
1215,2606
1215,2723
1215,2808
1215,3565
1215,3889
1216,1445
1216,1514
1216,1618
1216,1711
1216,1796
1216,2037
1216,2052
1216,2164
1216,2187
1216,2273
1216,2340
1216,2541
1216,2608
1216,2627
1216,2748
1216,2836
1216,3230
1216,3266
1216,3350
1216,3723
1216,3867
1216,3954
1217,1306
1217,1423
1217,1626
1217,1651
1217,1680
1217,1712
1217,1729
1217,1768
1217,1878
1217,1947
1217,1967
1217,2141
1217,2237
1217,2399
1217,2580
1217,2603
1217,2660
1217,2879
1217,3214
1217,3431
1217,3541
1217,3794
1217,3899
1218,1530
1218,1562
1218,1596
1218,1880
1218,2235
1218,2263
1218,2439
1218,2490
1218,3135
1218,3352
1218,3381
1218,3652
1218,3778
1218,3959
1219,1243
1219,1276
1219,1349
1219,1360
1219,1377
1219,1409
1219,1433
1219,1461
1219,1510
1219,1537
1219,1572
1219,1726
1219,1891
1219,1945
1219,2031
1219,2136
1219,2318
1219,2512
1219,3107
1219,3397
1219,3553
1219,3884
1220,1309
1220,1504
1220,1593
1220,1595
1220,1794
1220,1971
1220,2002
1220,2111
1220,2115
1220,2241
1220,2431
1220,2510
1220,2554
1220,2607
1220,2617
1220,2808
1220,3004
1220,3223
1220,3385
1220,3423
1220,3492
1220,3496
1220,3661
1220,3714
1220,3770
1220,3939
1221,1288
1221,1313
1221,1344
1221,1444
1221,1634
1221,1823
1221,1926
1221,1934
1221,2086
1221,2254
1221,2396
1221,2523
1221,2815
1221,3619
1222,2208
1222,2330
1222,2694
1222,3289
1222,3361
1222,3389
1222,3402
1222,3470
1222,3768
1223,1258
1223,1505
1223,1821
1223,1844
1223,1869
1223,2220
1223,2236
1223,2364
1223,2426
1223,2654
1223,2761
1223,3027
1223,3094
1223,3153
1223,3365
1223,3388
1223,3962
1223,3967
1224,1262
1224,1611
1224,1739
1224,2385
1224,2545
1224,2553
1224,2764
1224,3084
1224,3382
1224,3739
1224,3805
1224,3987
1225,1239
1225,1409
1225,1481
1225,1563
1225,1579
1225,2075
1225,2085
1225,2404
1225,2939
1225,2981
1225,3187
1225,3371
1225,3494
1225,3551
1225,3830
1225,3884
1225,3893
1225,3908
1226,1228
1226,1294
1226,1328
1226,1362
1226,1404
1226,1425
1226,1429
1226,1505
1226,1572
1226,1646
1226,1651
1226,1717
1226,1846
1226,1949
1226,1997
1226,2043
1226,2355
1226,2357
1226,2709
1226,2731
1226,3025
1226,3225
1226,3303
1226,3609
1226,3664
1226,3910
1227,1242
1227,1309
1227,1486
1227,1551
1227,1637
1227,1757
1227,1783
1227,1819
1227,1866
1227,2223
1227,2534
1227,2755
1227,3386
1228,1349
1228,1378
1228,1766
1228,1795
1228,2321
1228,2701
1228,2718
1228,2950
1228,3143
1228,3261
1228,3508
1228,3649
1228,3685
1229,1281
1229,1292
1229,1356
1229,1374
1229,1440
1229,1468
1229,1482
1229,1488
1229,1503
1229,1631
1229,1767
1229,2011
1229,2078
1229,2383
1229,2386
1229,2447
1229,2453
1229,2461
1229,2504
1229,2836
1229,2941
1229,3093
1229,3108
1229,3295
1229,3327
1229,3333
1229,3598
1229,3655
1229,3819
1230,1264
1230,1292
1230,1296
1230,1423
1230,1509
1230,1539
1230,1624
1230,1792
1230,2104
1230,2267
1230,2442
1230,2506
1230,2546
1230,2696
1230,2819
1230,2840
1230,2962
1230,3089
1230,3371
1230,3504
1230,3549
1230,3593
1230,3771
1230,3826
1230,3885
1230,3957
1230,3991
1230,4024
1231,1481
1231,1492
1231,1630
1231,1662
1231,1746
1231,1770
1231,1830
1231,1849
1231,1853
1231,2232
1231,2234
1231,2495
1231,2661
1231,2671
1231,2712
1231,2806
1231,2851
1231,3047
1231,3406
1231,3524
1231,3861
1232,1285
1232,1409
1232,1536
1232,1704
1232,1762
1232,1867
1232,1876
1232,2219
1232,2255
1232,2350
1232,2406
1232,2541
1232,2552
1232,3414
1232,3769
1232,3927
1233,1362
1233,1571
1233,1691
1233,1733
1233,2249
1233,2514
1233,2651
1233,2909
1233,3279
1233,3359
1233,3419
1233,3701
1233,3832
1234,1361
1234,1364
1234,1380
1234,1403
1234,1418
1234,1445
1234,1466
1234,1530
1234,1664
1234,1666
1234,1726
1234,1804
1234,1839
1234,1918
1234,1996
1234,2375
1234,2397
1234,2404
1234,2515
1234,2550
1234,2605
1234,2786
1234,2812
1234,2922
1234,2966
1234,3034
1234,3387
1234,3856
1234,3880
1235,1467
1235,1597
1235,2102
1235,2603
1235,2613
1235,2698
1235,3209
1235,3526
1235,3655
1235,3689
1235,3703
1235,3734
1235,3905
1235,3999
1236,1301
1236,1341
1236,1461
1236,1604
1236,1615
1236,2117
1236,2149
1236,2188
1236,2388
1236,2464
1236,2824
1236,2962
1236,3052
1236,3606
1236,3740
1237,1242
1237,1255
1237,1524
1237,1777
1237,2094
1237,2385
1237,2429
1237,2431
1237,2517
1237,2683
1237,2746
1237,2882
1237,3254
1237,3317
1237,3906
1237,3970
1238,1399
1238,1495
1238,1552
1238,1814
1238,1881
1238,2004
1238,2010
1238,2210
1238,2394
1238,2938
1238,3013
1238,3034
1238,3073
1238,3345
1238,3554
1238,3666
1238,3761
1238,3993
1239,1579
1239,1586
1239,1593
1239,1657
1239,1698
1239,1795
1239,1874
1239,1938
1239,2159
1239,2218
1239,2226
1239,2240
1239,2252
1239,2380
1239,2459
1239,2496
1239,2562
1239,2642
1239,2663
1239,2739
1239,2778
1239,3093
1239,3106
1239,3319
1239,3618
1239,3971
1240,1408
1240,1469
1240,1480
1240,1658
1240,1771
1240,2504
1240,2841
1240,3038
1240,3191
1240,3225
1240,3391
1240,3638
1241,1580
1241,2250
1241,2498
1241,2626
1241,2783
1241,3338
1241,3968
1241,4007
1242,1245
1242,1616
1242,1771
1242,1773
1242,1890
1242,2000
1242,2051
1242,2091
1242,2275
1242,2316
1242,2330
1242,2377
1242,2404
1242,2636
1242,2830
1242,3095
1242,3215
1242,3303
1242,3654
1243,1547
1243,1584
1243,1620
1243,1828
1243,2143
1243,2411
1243,2553
1243,2861
1243,3573
1243,3578
1243,3727
1244,1378
1244,1503
1244,1536
1244,1590
1244,1594
1244,1642
1244,1735
1244,1987
1244,2152
1244,2206
1244,2256
1244,2293
1244,2399
1244,2462
1244,2595
1244,2649
1244,2683
1244,2918
1244,3068
1244,3085
1244,3300
1244,3407
1244,3422
1244,3426
1244,3697
1244,3749
1244,3884
1245,1334
1245,1352
1245,1453
1245,1473
1245,1610
1245,1827
1245,1835
1245,1875
1245,1923
1245,2003
1245,2131
1245,2380
1245,2669
1245,2803
1245,2852
1245,3015
1245,3563
1245,3651
1245,3695
1246,1280
1246,1346
1246,1526
1246,1555
1246,1643
1246,1700
1246,1704
1246,1755
1246,1823
1246,1873
1246,2148
1246,2264
1246,2358
1246,2418
1246,2419
1246,2552
1246,2666
1246,2820
1246,2835
1246,2871
1246,2882
1246,2971
1246,3165
1246,3234
1246,3283
1246,3347
1246,3484
1246,3746
1246,3901
1246,3951
1247,1255
1247,1284
1247,1498
1247,2023
1247,2131
1247,2185
1247,2377
1247,2508
1247,2619
1247,2775
1247,3553
1247,3569
1247,3897
1247,3911
1248,1312
1248,1325
1248,1411
1248,1542
1248,1762
1248,1798
1248,2004
1248,2157
1248,2772
1248,2777
1248,2955
1248,3041
1248,3611
1248,3693
1249,1289
1249,1747
1249,1866
1249,1911
1249,1985
1249,2562
1249,2609
1249,2987
1249,3157
1249,3169
1249,3173
1249,3333
1249,3566
1250,1457
1250,1678
1250,2438
1250,2515
1250,2765
1250,2854
1250,3014
1250,3025
1250,3197
1250,3285
1250,3328
1250,3375
1250,3653
1250,3920
1251,1394
1251,1413
1251,1467
1251,1567
1251,1652
1251,1654
1251,1686
1251,1716
1251,1874
1251,2011
1251,2025
1251,2046
1251,2377
1251,2404
1251,2491
1251,2521
1251,2525
1251,2741
1251,2910
1251,3190
1251,3726
1252,1937
1252,1946
1252,2002
1252,2003
1252,2006
1252,2044
1252,2062
1252,2079
1252,2081
1252,2082
1252,2113
1252,2172
1252,2503
1252,2531
1252,2575
1252,2593
1252,2730
1252,3342
1252,3418
1252,3428
1252,3605
1252,3615
1252,3789
1253,1257
1253,1557
1253,1614
1253,1674
1253,1923
1253,1963
1253,2654
1253,2816
1253,2834
1253,2910
1253,3079
1253,3094
1253,3360
1253,3418
1253,3466
1253,3724
1253,3911
1254,1335
1254,1341
1254,1579
1254,1603
1254,1674
1254,1727
1254,1879
1254,1880
1254,2229
1254,2405
1254,2550
1254,2724
1254,2988
1254,3411
1254,3592
1254,3878
1254,3930
1255,1327
1255,1423
1255,1490
1255,1872
1255,1954
1255,1982
1255,2055
1255,2083
1255,2106
1255,2244
1255,2271
1255,2306
1255,2368
1255,2433
1255,2560
1255,3270
1255,3610
1256,1276
1256,1510
1256,1536
1256,1675
1256,1767
1256,1800
1256,1939
1256,2085
1256,2122
1256,2475
1256,2561
1256,2736
1256,2833
1256,2839
1256,3065
1256,3200
1256,3233
1256,3671
1257,1764
1257,1786
1257,1789
1257,1861
1257,1983
1257,2057
1257,2062
1257,2167
1257,2175
1257,2346
1257,2481
1257,3314
1257,3390
1257,3722
1258,1309
1258,1379
1258,1440
1258,1445
1258,1631
1258,1820
1258,2197
1258,2221
1258,2269
1258,2467
1258,2526
1258,2580
1258,2653
1258,2673
1258,2934
1258,3090
1258,3246
1258,3399
1258,3617
1258,3767
1258,3771
1259,1372
1259,1634
1259,1685
1259,1735
1259,2062
1259,2450
1259,2594
1259,2701
1259,3279
1259,3482
1259,3673
1260,1266
1260,1365
1260,1463
1260,1481
1260,2043
1260,2073
1260,2258
1260,2649
1260,2684
1260,2926
1260,2976
1260,3025
1260,3296
1260,3357
1260,3490
1260,3623
1260,3790
1261,1305
1261,1376
1261,1531
1261,1729
1261,1905
1261,1921
1261,2012
1261,2031
1261,2065
1261,2188
1261,2304
1261,2932
1261,2988
1261,3089
1261,3258
1261,3555
1261,3776
1261,3862
1262,1322
1262,1342
1262,1406
1262,1544
1262,1710
1262,1768
1262,2191
1262,2275
1262,2368
1262,2389
1262,2526
1262,2739
1262,2844
1262,2845
1262,3251
1262,3311
1262,3890
1263,1459
1263,1585
1263,1587
1263,1615
1263,1625
1263,1772
1263,2091
1263,2118
1263,2163
1263,2246
1263,2446
1263,2663
1263,3233
1263,3435
1263,3584
1263,3643
1263,3868
1264,1429
1264,1444
1264,1473
1264,1634
1264,1907
1264,2058
1264,2079
1264,2170
1264,2238
1264,2270
1264,2351
1264,2558
1264,2950
1264,3049
1264,3057
1264,3142
1264,3239
1264,3247
1264,3290
1264,3298
1264,3328
1264,3862
1264,3931
1265,1274
1265,1535
1265,1643
1265,1783
1265,1927
1265,2167
1265,2509
1265,2519
1265,2636
1265,2912
1265,3012
1265,3191
1265,3596
1265,3673
1265,3874
1266,1270
1266,1502
1266,1516
1266,1647
1266,1707
1266,2117
1266,2436
1266,2537
1266,2646
1266,2711
1266,2905
1266,3510
1266,3853
1267,1322
1267,1958
1267,1977
1267,2195
1267,2391
1267,2435
1267,2595
1267,2743
1267,2830
1267,2864
1267,2871
1267,3168
1267,3353
1267,3355
1267,3707
1268,1272
1268,1536
1268,1541
1268,1575
1268,1702
1268,1721
1268,1789
1268,1880
1268,1882
1268,2154
1268,2164
1268,2383
1268,2600
1268,2698
1268,2707
1268,2939
1268,3146
1268,3228
1268,3324
1268,3379
1268,3587
1268,3645
1268,3737
1269,1356
1269,1371
1269,1434
1269,1476
1269,1551
1269,1726
1269,1854
1269,2122
1269,2366
1269,2418
1269,2628
1269,2633
1269,2659
1269,2998
1269,3604
1269,3890
1270,1359
1270,1389
1270,1702
1270,1823
1270,2051
1270,2107
1270,2230
1270,2433
1270,2499
1270,2596
1270,3197
1270,3840
1271,1280
1271,1291
1271,1330
1271,1340
1271,1370
1271,1430
1271,1793
1271,1909
1271,1968
1271,2038
1271,2096
1271,2143
1271,2170
1271,2481
1271,2575
1271,2610
1271,2865
1271,3059
1271,3346
1271,3351
1271,3359
1271,3430
1271,3442
1271,3942
1271,3998
1272,1344
1272,1475
1272,1558
1272,1924
1272,1979
1272,2033
1272,2311
1272,2523
1272,2648
1272,2808
1272,2868
1272,3020
1272,3329
1272,3620
1273,1279
1273,1292
1273,1400
1273,1412
1273,1612
1273,1863
1273,1896
1273,2143
1273,2256
1273,2438
1273,2443
1273,2963
1273,3184
1273,3382
1274,1453
1274,1645
1274,1783
1274,1935
1274,2074
1274,2093
1274,2109
1274,2176
1274,2209
1274,2267
1274,2325
1274,2336
1274,2405
1274,2739
1274,2774
1274,2853
1274,2916
1274,2994
1274,3047
1274,3152
1274,3487
1274,3611
1274,3944
1274,3960
1275,1308
1275,1432
1275,1752
1275,1754
1275,1988
1275,2015
1275,2629
1275,2683
1275,2875
1275,3800
1275,3802
1276,1389
1276,1469
1276,1559
1276,2002
1276,2279
1276,2398
1276,2479
1276,2493
1276,3245
1276,3298
1277,1337
1277,1532
1277,1537
1277,1998
1277,2466
1277,2729
1277,3093
1277,3239
1277,3329
1277,3332
1277,3351
1277,3536
1277,3646
1278,1549
1278,1726
1278,2077
1278,2278
1278,2396
1278,2425
1278,2672
1278,2696
1278,2786
1278,3312
1278,3414
1278,3429
1278,3921
1279,1329
1279,1716
1279,1803
1279,2032
1279,2295
1279,2387
1279,2888
1279,2927
1279,3308
1279,3408
1279,3437
1279,3551
1279,3603
1280,1291
1280,1484
1280,1765
1280,1799
1280,2065
1280,2187
1280,2281
1280,2329
1280,2390
1280,2821
1280,3087
1280,3195
1280,3248
1280,3604
1280,3998
1281,1397
1281,1425
1281,1439
1281,1563
1281,1665
1281,2073
1281,2147
1281,2180
1281,2361
1281,2489
1281,2564
1281,2683
1281,2930
1281,3051
1281,3383
1281,3505
1281,3823
1282,1353
1282,1363
1282,1390
1282,1459
1282,1517
1282,1561
1282,1737
1282,1747
1282,1854
1282,1889
1282,1931
1282,1940
1282,1965
1282,2000
1282,2195
1282,2398
1282,2495
1282,2551
1282,2558
1282,2707
1282,2755
1282,2919
1282,3141
1282,3205
1282,3234
1282,3361
1282,3498
1282,3551
1282,3852
1282,3877
1282,3936
1283,1315
1283,1380
1283,1674
1283,1898
1283,1931
1283,2070
1283,2191
1283,2385
1283,2755
1283,2919
1283,3136
1283,3142
1283,3301
1283,3992
1284,1316
1284,1517
1284,1525
1284,1700
1284,1724
1284,1861
1284,1873
1284,1915
1284,1945
1284,1950
1284,2083
1284,2214
1284,2248
1284,2546
1284,2613
1284,3170
1284,3196
1284,3199
1284,3490
1284,3756
1284,3919
1284,3952
1285,1395
1285,1426
1285,1517
1285,1531
1285,1596
1285,1620
1285,1711
1285,1720
1285,1738
1285,1820
1285,1836
1285,1986
1285,2242
1285,2299
1285,2424
1285,2667
1285,2684
1285,2691
1285,2750
1285,2753
1285,2774
1285,2796
1285,2799
1285,2845
1285,3057
1285,3141
1285,3239
1285,3307
1285,3313
1285,3829
1285,3838
1285,3875
1285,3932
1286,1359
1286,1381
1286,1401
1286,1435
1286,1454
1286,1547
1286,1616
1286,1714
1286,1732
1286,1751
1286,1866
1286,1928
1286,1987
1286,2111
1286,2157
1286,2178
1286,2291
1286,2308
1286,2340
1286,2503
1286,2549
1286,2716
1286,3103
1286,3232
1286,3378
1286,3405
1286,3645
1286,3687
1286,3736
1286,4027
1287,1340
1287,1342
1287,1648
1287,1804
1287,1845
1287,1879
1287,1898
1287,2076
1287,2220
1287,2480
1287,2487
1287,2634
1287,2713
1287,2733
1287,3242
1287,3415
1287,3716
1287,3989
1288,1375
1288,1733
1288,2078
1288,2098
1288,2283
1288,2570
1288,2648
1288,2721
1288,2753
1288,2850
1288,3000
1288,3302
1288,3568
1288,3651
1288,4013
1289,1400
1289,1529
1289,1576
1289,1977
1289,2051
1289,2126
1289,2229
1289,2579
1289,2879
1289,2994
1289,3063
1289,3677
1290,1406
1290,1455
1290,2347
1290,2357
1290,2446
1290,3016
1290,3344
1290,3425
1290,3497
1290,3756
1291,1625
1291,1685
1291,1881
1291,1974
1291,2256
1291,2257
1291,2303
1291,2434
1291,2516
1291,2557
1291,2586
1291,2638
1291,2867
1291,2877
1291,2962
1291,3117
1291,3285
1291,3289
1291,3317
1291,3495
1292,1396
1292,1480
1292,1489
1292,1662
1292,1709
1292,1824
1292,1916
1292,2116
1292,2285
1292,2383
1292,2447
1292,2490
1292,2525
1292,2727
1292,2741
1292,2900
1292,3098
1292,3311
1292,3318
1292,3377
1292,3526
1292,3568
1292,3605
1292,3993
1292,4037
1293,1479
1293,1549
1293,2092
1293,2122
1293,2178
1293,2843
1293,3235
1293,3236
1293,3682
1293,3772
1293,3913
1294,1352
1294,1449
1294,1846
1294,2010
1294,2013
1294,2028
1294,2728
1294,2832
1294,2863
1294,2969
1294,3337
1294,3614
1294,3841
1294,3843
1295,1399
1295,1667
1295,1746
1295,1828
1295,1938
1295,2378
1295,2436
1295,2843
1295,2907
1295,3074
1295,3225
1295,3321
1295,3382
1295,3500
1295,3761
1295,3811
1295,3903
1296,1321
1296,1557
1296,1712
1296,1724
1296,1995
1296,1998
1296,2359
1296,2360
1296,2400
1296,2492
1296,2681
1296,3031
1296,3183
1296,3456
1296,3674
1296,3835
1297,1328
1297,1399
1297,2110
1297,2283
1297,2333
1297,2709
1297,2974
1297,3287
1297,3758
1297,3775
1297,3789
1298,1449
1298,1541
1298,1582
1298,1649
1298,1781
1298,1784
1298,2092
1298,2245
1298,2409
1298,2586
1298,2627
1298,2681
1298,2698
1298,2762
1298,2916
1298,3149
1298,3174
1298,3184
1298,3262
1298,3289
1298,3338
1298,3357
1298,3384
1298,3665
1298,3777
1299,1449
1299,1923
1299,2291
1299,2447
1299,2594
1299,2620
1299,3026
1299,3085
1299,3124
1299,3234
1299,3613
1299,3849
1299,3927
1300,1429
1300,1447
1300,1676
1300,1683
1300,1696
1300,1801
1300,1802
1300,1864
1300,1877
1300,1897
1300,1966
1300,2081
1300,2142
1300,2593
1300,2637
1300,2671
1300,2716
1300,2747
1300,2865
1300,3096
1300,3099
1300,3263
1300,3402
1300,3501
1300,3513
1300,3704
1300,3814
1300,3907
1300,3920
1301,2006
1301,2076
1301,2250
1301,2431
1301,2664
1301,2951
1301,3200
1301,3201
1301,3309
1301,3331
1301,3505
1301,3529
1302,1374
1302,1376
1302,1682
1302,1749
1302,2027
1302,2061
1302,2114
1302,2152
1302,2438
1302,2576
1302,3003
1302,3012
1302,3376
1303,1386
1303,1390
1303,1479
1303,1509
1303,1794
1303,2101
1303,2247
1303,2378
1303,3086
1303,3217
1303,3358
1303,3473
1303,3908
1303,4012
1304,1339
1304,1408
1304,1642
1304,2041
1304,2124
1304,2136
1304,2168
1304,2368
1304,2378
1304,2491
1304,2693
1304,2731
1304,3091
1304,3185
1304,3284
1304,3367
1304,3557
1304,3763
1305,1490
1305,1825
1305,1859
1305,2009
1305,2161
1305,2766
1305,2880
1305,3072
1305,3127
1305,3271
1305,3305
1305,3320
1305,3566
1305,3663
1305,3722
1305,3821
1306,1634
1306,1654
1306,1736
1306,1873
1306,2487
1306,2520
1306,2787
1306,2788
1306,2903
1306,3137
1306,3253
1306,3444
1306,3456
1306,3693
1307,1490
1307,1705
1307,1801
1307,1850
1307,1988
1307,2307
1307,2535
1307,2743
1307,2754
1307,2960
1307,3364
1307,3653
1308,1450
1308,1590
1308,1840
1308,1841
1308,1926
1308,1986
1308,2156
1308,2182
1308,2192
1308,2285
1308,2468
1308,2497
1308,2568
1308,2786
1308,2975
1308,3035
1308,3081
1308,3115
1308,3215
1308,3311
1308,3468
1308,3623
1309,1598
1309,1626
1309,1635
1309,1641
1309,1829
1309,1833
1309,1866
1309,1916
1309,1917
1309,1932
1309,2009
1309,2024
1309,2332
1309,2337
1309,2429
1309,2445
1309,2459
1309,2512
1309,2611
1309,2705
1309,3336
1309,3391
1309,3442
1310,1489
1310,1535
1310,1642
1310,1693
1310,1731
1310,1776
1310,2068
1310,2176
1310,2371
1310,2852
1310,2923
1310,2940
1310,2995
1310,3105
1310,3337
1310,3444
1310,4022
1311,1443
1311,1729
1311,1826
1311,1980
1311,2023
1311,2839
1311,3309
1311,3508
1311,3929
1312,1415
1312,1448
1312,1511
1312,1550
1312,2174
1312,2313
1312,2433
1312,2917
1312,3382
1312,3516
1312,3544
1312,3579
1312,3726
1313,1323
1313,1457
1313,1499
1313,1528
1313,1550
1313,1974
1313,2051
1313,2511
1313,2580
1313,2764
1313,2864
1313,3573
1313,3757
1314,1325
1314,1710
1314,1892
1314,1964
1314,2109
1314,2160
1314,2261
1314,2400
1314,2446
1314,2478
1314,2502
1314,2508
1314,2513
1314,2556
1314,2575
1314,3103
1314,3366
1314,3386
1315,1350
1315,1362
1315,1448
1315,1589
1315,1629
1315,1735
1315,2058
1315,2157
1315,2699
1315,3400
1315,3467
1315,3529
1315,3759
1315,3812
1316,1547
1316,1553
1316,1772
1316,2203
1316,2337
1316,2394
1316,2420
1316,2430
1316,2626
1316,2769
1316,2879
1316,2883
1316,3092
1316,3426
1316,3499
1316,3634
1317,1464
1317,1469
1317,1552
1317,1676
1317,1725
1317,1866
1317,2922
1317,2927
1317,3290
1318,1789
1318,1808
1318,2019
1318,2209
1318,2246
1318,2325
1318,2538
1318,3028
1318,3109
1318,3318
1318,3562
1318,3578
1318,3681
1319,1511
1319,1576
1319,1611
1319,1849
1319,2029
1319,2175
1319,2365
1319,2380
1319,2563
1319,2611
1319,2721
1319,2784
1319,3032
1319,3185
1319,3313
1319,3610
1319,3792
1319,3904
1320,1328
1320,1489
1320,1783
1320,1890
1320,2325
1320,2793
1320,2802
1320,2839
1320,2986
1320,3185
1320,3213
1320,3472
1320,3475
1320,3776
1320,3814
1321,1324
1321,1348
1321,1508
1321,1596
1321,1674
1321,1858
1321,1869
1321,2049
1321,2135
1321,2993
1321,3013
1321,3165
1321,3445
1321,3649
1321,3922
1322,1720
1322,1853
1322,1881
1322,1976
1322,1996
1322,2022
1322,2116
1322,2233
1322,2738
1322,2743
1322,3005
1322,3042
1322,3182
1322,3296
1322,3812
1322,3926
1322,3979
1323,1407
1323,1507
1323,1599
1323,2065
1323,2089
1323,2351
1323,2367
1323,2531
1323,2697
1323,2764
1323,2894
1323,2905
1323,2908
1323,2970
1323,3338
1323,3539
1323,3878
1324,1457
1324,1468
1324,1987
1324,2221
1324,2226
1324,2296
1324,2702
1324,3281
1324,3342
1325,1618
1325,1652
1325,1702
1325,1733
1325,1737
1325,1874
1325,1945
1325,1965
1325,1975
1325,2033
1325,2041
1325,2056
1325,2104
1325,2176
1325,2193
1325,2278
1325,2300
1325,2321
1325,2373
1325,2414
1325,2484
1325,2507
1325,2632
1325,2737
1325,2846
1325,2963
1325,3026
1325,3052
1325,3262
1325,3582
1325,3588
1325,4007
1326,1539
1326,1798
1326,1932
1326,2202
1326,2606
1326,2687
1326,2745
1326,3131
1326,3167
1326,3388
1326,3563
1326,3580
1326,3758
1326,3813
1326,3832
1326,3850
1327,1443
1327,1456
1327,1481
1327,1596
1327,2009
1327,2091
1327,2117
1327,2153
1327,2355
1327,2397
1327,2688
1327,2725
1327,3029
1327,3065
1327,3097
1327,3136
1327,3576
1327,3667
1327,3833
1327,3900
1327,3923
1327,3967
1328,1346
1328,1383
1328,1391
1328,1448
1328,1449
1328,1484
1328,1500
1328,1501
1328,1557
1328,1573
1328,1585
1328,1724
1328,1856
1328,1946
1328,2026
1328,2215
1328,2249
1328,2286
1328,2352
1328,2398
1328,2521
1328,2545
1328,2697
1328,2896
1328,3174
1328,3271
1328,3290
1328,3726
1329,1381
1329,1616
1329,1756
1329,1822
1329,2031
1329,2152
1329,2156
1329,2213
1329,2250
1329,2377
1329,2907
1329,2981
1329,3615
1329,3683
1330,1337
1330,1470
1330,1554
1330,1758
1330,1899
1330,2118
1330,2266
1330,2293
1330,2690
1330,3169
1330,3504
1330,3591
1330,3940
1331,1556
1331,2143
1331,2275
1331,2298
1331,2301
1331,2392
1331,2492
1331,2552
1331,2568
1331,2610
1331,3068
1331,3194
1331,3333
1331,3366
1331,3384
1331,3392
1331,3522
1331,3551
1332,1345
1332,1589
1332,1709
1332,1713
1332,1727
1332,2029
1332,2065
1332,2709
1332,2726
1332,2755
1332,2871
1332,3195
1332,3271
1332,3356
1332,3539
1332,3642
1332,3861
1333,1364
1333,1382
1333,1451
1333,1482
1333,1487
1333,1550
1333,1668
1333,1824
1333,1952
1333,1970
1333,2033
1333,2272
1333,2314
1333,2440
1333,2482
1333,2563
1333,2588
1333,2802
1333,3264
1333,3538
1333,3665
1333,3715
1333,3794
1333,3879
1333,3886
1333,3989
1334,1518
1334,1530
1334,1583
1334,1616
1334,1813
1334,2143
1334,2201
1334,2314
1334,2458
1334,2473
1334,2780
1334,2789
1334,2890
1334,2961
1334,2967
1334,3251
1334,3419
1334,3759
1335,1570
1335,1915
1335,1959
1335,2097
1335,2270
1335,2349
1335,2970
1335,3375
1335,3956
1336,1681
1336,1720
1336,1794
1336,1816
1336,1846
1336,1925
1336,2000
1336,2044
1336,2198
1336,2241
1336,2245
1336,2286
1336,2507
1336,2948
1336,3825
1336,3915
1336,3916
1337,1453
1337,1598
1337,1774
1337,1785
1337,1968
1337,1987
1337,2087
1337,2344
1337,2743
1337,2955
1337,3014
1337,3021
1337,3067
1337,3204
1337,3570
1337,3628
1337,3923
1338,1505
1338,1517
1338,1523
1338,2224
1338,2239
1338,2285
1338,2492
1338,2542
1338,2716
1338,2815
1338,3303
1338,3336
1338,3391
1338,3667
1338,3696
1338,4015
1339,1665
1339,1788
1339,1867
1339,1883
1339,1941
1339,1957
1339,2024
1339,2224
1339,2342
1339,2411
1339,2608
1339,2615
1339,2698
1339,2959
1339,3062
1339,3089
1339,3104
1339,3105
1339,3330
1339,3523
1339,4016
1340,1522
1340,1714
1340,1836
1340,1837
1340,2027
1340,2164
1340,2210
1340,2675
1340,2999
1340,3083
1340,3244
1340,4003
1341,1469
1341,1691
1341,1741
1341,1806
1341,1873
1341,2116
1341,2210
1341,2229
1341,2342
1341,2437
1341,2451
1341,2581
1341,2837
1341,3371
1341,3416
1341,3906
1341,3956
1342,1646
1342,1775
1342,1837
1342,2107
1342,2735
1342,2947
1342,3020
1342,3538
1342,3771
1342,3873
1342,3959
1343,1443
1343,1582
1343,1628
1343,1835
1343,1856
1343,1868
1343,1964
1343,2222
1343,2275
1343,2285
1343,2346
1343,2384
1343,2418
1343,2428
1343,2857
1343,3741
1344,1382
1344,1397
1344,1453
1344,1594
1344,1616
1344,1620
1344,1664
1344,1955
1344,2179
1344,2191
1344,2505
1344,2515
1344,3079
1344,3160
1344,3498
1344,3750
1344,3801
1344,3932
1344,3990
1344,4016
1345,1586
1345,1836
1345,1887
1345,2216
1345,2372
1345,3344
1345,3658
1345,3666
1345,3817
1346,1356
1346,1385
1346,2430
1346,2640
1346,2897
1346,3265
1346,3267
1346,3325
1346,3846
1346,3904
1347,1457
1347,1688
1347,1761
1347,1791
1347,2185
1347,3044
1347,3373
1347,3439
1347,3455
1347,3715
1347,3761
1347,3986
1347,4013
1348,1358
1348,1455
1348,1626
1348,1643
1348,1689
1348,1966
1348,2149
1348,2189
1348,2199
1348,2301
1348,2326
1348,2347
1348,2579
1348,2622
1348,2751
1348,2787
1348,2812
1348,3245
1348,3483
1348,3649
1348,3984
1349,1453
1349,1553
1349,1664
1349,1779
1349,2272
1349,2393
1349,2574
1349,2683
1349,2715
1349,2728
1349,2884
1349,3514
1349,3629
1349,3643
1349,3944
1349,3946
1350,1495
1350,1498
1350,1558
1350,1724
1350,1755
1350,1808
1350,2000
1350,2422
1350,2427
1350,2441
1350,2504
1350,2741
1350,2809
1350,2995
1350,3131
1350,3167
1350,3213
1350,3385
1350,3404
1350,3480
1350,3661
1350,3904
1351,1374
1351,1525
1351,1534
1351,1997
1351,2251
1351,2299
1351,2323
1351,2421
1351,2445
1351,2523
1351,2631
1351,2736
1351,2747
1351,2867
1351,3064
1351,3167
1351,3174
1351,3358
1351,3407
1351,3444
1351,3588
1351,3778
1352,1404
1352,1774
1352,1817
1352,1859
1352,2116
1352,2161
1352,2290
1352,2310
1352,2429
1352,2542
1352,2590
1352,2677
1352,2730
1352,2877
1352,3170
1352,3653
1352,3981
1352,4006
1353,1489
1353,1772
1353,1852
1353,1857
1353,1879
1353,1971
1353,2183
1353,2440
1353,2500
1353,2647
1353,3053
1353,3404
1353,3480
1353,3776
1353,4018
1354,1414
1354,1419
1354,1624
1354,1646
1354,1857
1354,2025
1354,2165
1354,2403
1354,2440
1354,2449
1354,2553
1354,2621
1354,2700
1354,2988
1354,3224
1354,3338
1354,3397
1354,3436
1354,3479
1354,3625
1354,3635
1354,3656
1354,3700
1354,3756
1354,3898
1354,3979
1354,4019
1355,1397
1355,1442
1355,1665
1355,1928
1355,2004
1355,2101
1355,2103
1355,2243
1355,2286
1355,2379
1355,2460
1355,2474
1355,2560
1355,2715
1355,2785
1355,2817
1355,2871
1355,2923
1355,2944
1355,3047
1355,3100
1355,3211
1355,3390
1355,3486
1355,3501
1355,3515
1355,3884
1355,3891
1356,1388
1356,1480
1356,1551
1356,1935
1356,2168
1356,2376
1356,2520
1356,2903
1356,3506
1356,3616
1357,1386
1357,1485
1357,1633
1357,1723
1357,1765
1357,2100
1357,2226
1357,2324
1357,2505
1357,2634
1357,2723
1357,2765
1357,2977
1357,2988
1357,3065
1357,3181
1357,3309
1357,3805
1357,3830
1357,3994
1358,1462
1358,1535
1358,1562
1358,1916
1358,2227
1358,2307
1358,2359
1358,2477
1358,2524
1358,2628
1358,3270
1358,3363
1358,3418
1358,3456
1358,3526
1358,3633
1358,3731
1358,3826
1358,3933
1358,4013
1358,4034
1359,1730
1359,1886
1359,1967
1359,2104
1359,2300
1359,2394
1359,2490
1359,2494
1359,2559
1359,2762
1359,3085
1359,3267
1359,3411
1359,3849
1359,3923
1360,1396
1360,1422
1360,1457
1360,1647
1360,1791
1360,1871
1360,2442
1360,2609
1360,3199
1360,3215
1360,3236
1360,3270
1360,3339
1360,3469
1360,3517
1360,3647
1360,3687
1361,1458
1361,1548
1361,1570
1361,1661
1361,1865
1361,2227
1361,2415
1361,2723
1361,2842
1361,2893
1361,3009
1361,3025
1361,3040
1361,3186
1361,3298
1361,3306
1361,3371
1361,3406
1362,1601
1362,1969
1362,1980
1362,2493
1362,3061
1362,3576
1362,3701
1363,1424
1363,1467
1363,1659
1363,1697
1363,1699
1363,1822
1363,1859
1363,2098
1363,2214
1363,2429
1363,2506
1363,2628
1363,2672
1363,2778
1363,3063
1363,3867
1364,1482
1364,1901
1364,2097
1364,2140
1364,2411
1364,2731
1364,2747
1364,2843
1364,2980
1364,3002
1364,3607
1365,1564
1365,1575
1365,1895
1365,1948
1365,2076
1365,2181
1365,2346
1365,2650
1365,2761
1365,2834
1365,2867
1365,2965
1365,2991
1365,3011
1365,3390
1366,1601
1366,1679
1366,1700
1366,1713
1366,2070
1366,2077
1366,2205
1366,2242
1366,2513
1366,2750
1366,2820
1366,2894
1366,3053
1366,3063
1366,3135
1366,3280
1366,3378
1366,3593
1367,1684
1367,1847
1367,2076
1367,2149
1367,2458
1367,2742
1367,2803
1367,2939
1367,3178
1367,3353
1367,3435
1367,3490
1367,3669
1367,3684
1367,4015
1368,1759
1368,1787
1368,1832
1368,1857
1368,1899
1368,2026
1368,2033
1368,2111
1368,2216
1368,2465
1368,2509
1368,2524
1368,2580
1368,2894
1368,2901
1368,3075
1368,3124
1368,3428
1368,3862
1369,1378
1369,1418
1369,1427
1369,1504
1369,2172
1369,2241
1369,2361
1369,2420
1369,2554
1369,2984
1369,3010
1369,3266
1369,3940
1370,1466
1370,1542
1370,1866
1370,2191
1370,2214
1370,2322
1370,2548
1370,2837
1370,2881
1370,3464
1370,3569
1370,3579
1370,3759
1370,3817
1371,1400
1371,1493
1371,1709
1371,1741
1371,1960
1371,1986
1371,2006
1371,2054
1371,2066
1371,2112
1371,2158
1371,2222
1371,2347
1371,2584
1371,2869
1371,2979
1371,3471
1371,3999
1372,1529
1372,1855
1372,1979
1372,2148
1372,2225
1372,2226
1372,2260
1372,2262
1372,2398
1372,2851
1372,2866
1372,3037
1372,3191
1372,3298
1372,3840
1373,1471
1373,1516
1373,1565
1373,1606
1373,1610
1373,1710
1373,1750
1373,1918
1373,2121
1373,2295
1373,2717
1373,2858
1373,2880
1373,2956
1373,2991
1373,3385
1373,3543
1373,3618
1373,3741
1373,3859
1373,3989
1374,1440
1374,1457
1374,1506
1374,1624
1374,1707
1374,1806
1374,1832
1374,2527
1374,2623
1374,2758
1374,2836
1374,3092
1374,3281
1374,3970
1375,1597
1375,1667
1375,1969
1375,2264
1375,2396
1375,2410
1375,2434
1375,2451
1375,2682
1375,2705
1375,3007
1375,3137
1375,3599
1375,3601
1375,3761
1375,3771
1375,3920
1375,4013
1376,1423
1376,1444
1376,1478
1376,1485
1376,1591
1376,1985
1376,2079
1376,2086
1376,2177
1376,2207
1376,2215
1376,2790
1376,2918
1376,3141
1376,3720
1376,3888
1377,1612
1377,1846
1377,2126
1377,2216
1377,2277
1377,2517
1377,2640
1377,2789
1377,3441
1377,3450
1378,1383
1378,1391
1378,1608
1378,1678
1378,1747
1378,1937
1378,2209
1378,2370
1378,2543
1378,2704
1378,2826
1378,2905
1378,3778
1378,3845
1379,1427
1379,1439
1379,1573
1379,1878
1379,1954
1379,1995
1379,2146
1379,2371
1379,2417
1379,2693
1379,2755
1379,3064
1379,3075
1379,3384
1379,3463
1379,3627
1379,3692
1379,3733
1379,3759
1379,4006
1380,1497
1380,1588
1380,1679
1380,1921
1380,1935
1380,2062
1380,2086
1380,2181
1380,2388
1380,2558
1380,2586
1380,2611
1380,2620
1380,2751
1380,2756
1380,2951
1380,2986
1380,3057
1380,3218
1380,3513
1380,3629
1380,3849
1380,3929
1380,3963
1381,1932
1381,1954
1381,2018
1381,2049
1381,2253
1381,2344
1381,2486
1381,2680
1381,2977
1381,3269
1381,3623
1381,3726
1381,3837
1382,1527
1382,1782
1382,1805
1382,1862
1382,1958
1382,2092
1382,2127
1382,2264
1382,2329
1382,2388
1382,2630
1382,2815
1382,3197
1382,3217
1382,3409
1382,3424
1382,3572
1383,1531
1383,1705
1383,1913
1383,2157
1383,2358
1383,2812
1383,2940
1383,3172
1383,3275
1383,3665
1384,1405
1384,1419
1384,1446
1384,1611
1384,1769
1384,1950
1384,1985
1384,2411
1384,2513
1384,2542
1384,2656
1384,2826
1384,2918
1384,3033
1384,3065
1384,3439
1384,3571
1384,3671
1384,3963
1385,1512
1385,1660
1385,1718
1385,1783
1385,1968
1385,1972
1385,2153
1385,2251
1385,2266
1385,2323
1385,2357
1385,2389
1385,2403
1385,2659
1385,2694
1385,2735
1385,3050
1385,3150
1385,3224
1385,3293
1385,3373
1385,3913
1385,3921
1386,1488
1386,1642
1386,1646
1386,1710
1386,1735
1386,1833
1386,1854
1386,1905
1386,2344
1386,2501
1386,2536
1386,2569
1386,2585
1386,2635
1386,2681
1386,2717
1386,2853
1386,3132
1386,3317
1386,3329
1386,3407
1386,3572
1386,3731
1387,1406
1387,1693
1387,1770
1387,1976
1387,2031
1387,2153
1387,2175
1387,2692
1387,2812
1387,2833
1387,2909
1387,3059
1387,3209
1387,3377
1387,3382
1387,3423
1387,3699
1387,3920
1387,4005
1388,1393
1388,1418
1388,1528
1388,1530
1388,1659
1388,2054
1388,2140
1388,2168
1388,2224
1388,2225
1388,2704
1388,2783
1388,2888
1388,2987
1388,3589
1389,1497
1389,1876
1389,2071
1389,2431
1389,2524
1389,2585
1389,2676
1389,3122
1389,3222
1389,3334
1389,3518
1389,3721
1389,3815
1389,3875
1390,1628
1390,1794
1390,1893
1390,1901
1390,1919
1390,2194
1390,2646
1390,2810
1390,2815
1390,2958
1390,3252
1390,3405
1390,3465
1390,3760
1390,3924
1390,3949
1391,1823
1391,3155
1391,3406
1391,3663
1392,1595
1392,1632
1392,1736
1392,1899
1392,2038
1392,2308
1392,2344
1392,2437
1392,2459
1392,2636
1392,2688
1392,2806
1392,3234
1392,3241
1392,3308
1392,3330
1392,3558
1392,3661
1392,3719
1392,3738
1392,3760
1392,3772
1392,3812
1393,1408
1393,1522
1393,2033
1393,2291
1393,2795
1393,3116
1393,3501
1393,3704
1394,1427
1394,1471
1394,1541
1394,1740
1394,2008
1394,2029
1394,2201
1394,2644
1394,2647
1394,2661
1394,2837
1394,2862
1394,3001
1394,3102
1394,3557
1395,1460
1395,1629
1395,1675
1395,1752
1395,1787
1395,1828
1395,1849
1395,1940
1395,2035
1395,2102
1395,2310
1395,2346
1395,2438
1395,2587
1395,2674
1395,2768
1395,2921
1395,2959
1395,2978
1395,3159
1395,3258
1395,3366
1395,3385
1395,3510
1395,3710
1396,1557
1396,1562
1396,1595
1396,1647
1396,1656
1396,1776
1396,1842
1396,1946
1396,2071
1396,2084
1396,2094
1396,2149
1396,2276
1396,2432
1396,2435
1396,2486
1396,2554
1396,2871
1396,2875
1396,3079
1396,3364
1396,3609
1396,3661
1396,3796
1396,3905
1397,1413
1397,1832
1397,1858
1397,1891
1397,2000
1397,2153
1397,2262
1397,2503
1397,2775
1397,2880
1397,2970
1397,3018
1397,3280
1397,3351
1397,3505
1397,3507
1397,3585
1397,3620
1397,3630
1397,3714
1397,3727
1397,3811
1398,1494
1398,1497
1398,1510
1398,1705
1398,2047
1398,2067
1398,2183
1398,2336
1398,2558
1398,2674
1398,2892
1398,3000
1398,3085
1398,3185
1398,3493
1399,1630
1399,1669
1399,1674
1399,1695
1399,1847
1399,1886
1399,2002
1399,2507
1399,2531
1399,2614
1399,2658
1399,2715
1399,2934
1399,2939
1399,3106
1399,3115
1399,3425
1399,3465
1399,3794
1400,1732
1400,1850
1400,2018
1400,2244
1400,2435
1400,2455
1400,2813
1400,3394
1400,4028
1400,4031
1401,1416
1401,1421
1401,1451
1401,1743
1401,1753
1401,1814
1401,1867
1401,1939
1401,1940
1401,2140
1401,2322
1401,2396
1401,2566
1401,2874
1401,2971
1401,2993
1401,3711
1401,3887
1402,1461
1402,1512
1402,1781
1402,1940
1402,2496
1402,2616
1402,2688
1402,2962
1402,3352
1402,3532
1402,3557
1402,3649
1403,1413
1403,1428
1403,1462
1403,1591
1403,1663
1403,1941
1403,2062
1403,2071
1403,2129
1403,2321
1403,2361
1403,2500
1403,2604
1403,2834
1403,2837
1403,2952
1403,2971
1403,3156
1403,3202
1403,3241
1403,3249
1403,3312
1403,3749
1403,3800
1403,3843
1403,3946
1403,3963
1403,3966
1403,3976
1403,4017
1404,1892
1404,1931
1404,2281
1404,2382
1404,2384
1404,2627
1404,2982
1404,3698
1404,3777
1405,1466
1405,1607
1405,1963
1405,2064
1405,2273
1405,2303
1405,2618
1405,2724
1405,2754
1405,3215
1405,3277
1405,3511
1405,3952
1406,1415
1406,1491
1406,1541
1406,1611
1406,1951
1406,1964
1406,2152
1406,2265
1406,2423
1406,2833
1406,3045
1406,3109
1406,3217
1406,3226
1406,3381
1406,3465
1406,3676
1406,3863
1406,3892
1407,1444
1407,1457
1407,1737
1407,1744
1407,1765
1407,2019
1407,2145
1407,2219
1407,2269
1407,2652
1407,2880
1407,2922
1407,2987
1407,3036
1407,3122
1407,3137
1407,3267
1407,3366
1407,3648
1407,3866
1407,3910
1407,4018
1408,1418
1408,1426
1408,1812
1408,1885
1408,2003
1408,2042
1408,2204
1408,2376
1408,2491
1408,2829
1408,3005
1408,3091
1408,3212
1408,3439
1409,1527
1409,1709
1409,1815
1409,2341
1409,2923
1409,3110
1409,3172
1409,3364
1409,3564
1409,3572
1409,3710
1409,3793
1410,1672
1410,1712
1410,1924
1410,1939
1410,2242
1410,2538
1410,2721
1410,2748
1410,2817
1410,2824
1410,2874
1410,2900
1410,2943
1410,3031
1410,3128
1410,3816
1410,3870
1411,1520
1411,1624
1411,1693
1411,1834
1411,2306
1411,2447
1411,2503
1411,2547
1411,2596
1411,2998
1411,3002
1411,3668
1411,3861
1412,1834
1412,1873
1412,2087
1412,2097
1412,2118
1412,2232
1412,2286
1412,2774
1412,2794
1412,2826
1412,3147
1412,3634
1412,3655
1412,3675
1413,1559
1413,1605
1413,1841
1413,1919
1413,2039
1413,2269
1413,3690
1413,3693
1414,1449
1414,1498
1414,1544
1414,1592
1414,1920
1414,2012
1414,2016
1414,2358
1414,2369
1414,2608
1414,2789
1414,2838
1414,3123
1414,3223
1414,3554
1414,3902
1415,2008
1415,2229
1415,2544
1415,2725
1415,2856
1415,3326
1415,3912
1416,1936
1416,1995
1416,2023
1416,2101
1416,2179
1416,2450
1416,2955
1416,3123
1416,3292
1416,3393
1416,3418
1416,3715
1416,3898
1416,3915
1416,3965
1417,1664
1417,2497
1417,2590
1417,2746
1417,2783
1417,3024
1417,3027
1417,3118
1417,3237
1417,3377
1417,3650
1417,3655
1417,4011
1418,1430
1418,1637
1418,2015
1418,2201
1418,2221
1418,2285
1418,2831
1418,3260
1418,3403
1418,3954
1419,1454
1419,1709
1419,1818
1419,1824
1419,1920
1419,1921
1419,2049
1419,2437
1419,2443
1419,2599
1419,2818
1419,2917
1419,3059
1419,3086
1419,3896
1420,1440
1420,1971
1420,2113
1420,2413
1420,2866
1420,3934
1420,3977
1421,1506
1421,1508
1421,1629
1421,1682
1421,1734
1421,1777
1421,1786
1421,1858
1421,1869
1421,2069
1421,2104
1421,2134
1421,2137
1421,2155
1421,2250
1421,2275
1421,2370
1421,2412
1421,2465
1421,2564
1421,2586
1421,2671
1421,2766
1421,3068
1421,3296
1421,3359
1421,3466
1421,3583
1421,3593
1421,3600
1421,3680
1421,3949
1421,3997
1422,1486
1422,1504
1422,1514
1422,1538
1422,1540
1422,1695
1422,1701
1422,2141
1422,2176
1422,2329
1422,2638
1422,2921
1423,1498
1423,1722
1423,1724
1423,1832
1423,1928
1423,1988
1423,2049
1423,2054
1423,2111
1423,2124
1423,2132
1423,2315
1423,2347
1423,2454
1423,2657
1423,3168
1423,3272
1423,3492
1423,3703
1424,1599
1424,1620
1424,1631
1424,1690
1424,1774
1424,2013
1424,2203
1424,2249
1424,2272
1424,2349
1424,2502
1424,2532
1424,2585
1424,2695
1424,2763
1424,2879
1424,3495
1425,1481
1425,1559
1425,1685
1425,1713
1425,1714
1425,1732
1425,1800
1425,1976
1425,2061
1425,2156
1425,2283
1425,2432
1425,2514
1425,2529
1425,2762
1425,2827
1425,2915
1425,3007
1425,3048
1425,3251
1425,3312
1425,3380
1425,3381
1425,3570
1425,3606
1425,3746
1425,3788
1426,1444
1426,1553
1426,1761
1426,1778
1426,1823
1426,1862
1426,1971
1426,2327
1426,2782
1426,2900
1426,3090
1426,3163
1426,3394
1426,3680
1426,3785
1426,3823
1426,3881
1426,3971
1427,1451
1427,1621
1427,1682
1427,1712
1427,1767
1427,2006
1427,2103
1427,2270
1427,2691
1427,2716
1427,2839
1427,3040
1427,3067
1427,3325
1427,3356
1427,3576
1427,3616
1428,1569
1428,1907
1428,2219
1428,2351
1428,2396
1428,2569
1428,2759
1428,2842
1428,3078
1428,3157
1428,3706
1428,3789
1428,3802
1428,3812
1429,1435
1429,1504
1429,1528
1429,1547
1429,1652
1429,1817
1429,1996
1429,2034
1429,2232
1429,2415
1429,2461
1429,2472
1429,3031
1430,1745
1430,1894
1430,2204
1430,2248
1430,2587
1430,2639
1430,2954
1430,3235
1430,3279
1430,3389
1430,3791
1430,4001
1430,4003
1431,2036
1431,2212
1431,2359
1431,2402
1431,2486
1431,2628
1431,2658
1431,2931
1431,3306
1431,3602
1431,3646
1431,3868
1431,3895
1432,1454
1432,1498
1432,1655
1432,1691
1432,1716
1432,1742
1432,1757
1432,1862
1432,2011
1432,2149
1432,2517
1432,2713
1432,2832
1432,2930
1432,3227
1432,3527
1432,3568
1432,3630
1433,1500
1433,1516
1433,1527
1433,1622
1433,1762
1433,1826
1433,1903
1433,1980
1433,2373
1433,2511
1433,2742
1433,2768
1433,2772
1433,2819
1433,2858
1433,2876
1433,3054
1433,3130
1433,3148
1433,3240
1433,3725
1433,3791
1434,1486
1434,1579
1434,1835
1434,2034
1434,2119
1434,2184
1434,2201
1434,2584
1434,2801
1434,2862
1434,3197
1434,3768
1435,1453
1435,1764
1435,1841
1435,1943
1435,2029
1435,2145
1435,2162
1435,2194
1435,2196
1435,2298
1435,2401
1435,2525
1435,2530
1435,2548
1435,2598
1435,2966
1435,3099
1435,3129
1435,3375
1435,3790
1435,3983
1436,1481
1436,1555
1436,1581
1436,2116
1436,2339
1436,2655
1436,2895
1436,3174
1436,3616
1436,3866
1436,3982
1437,1558
1437,2245
1437,2549
1437,3014
1437,3115
1437,3130
1437,3216
1437,3453
1437,3543
1437,3736
1438,1517
1438,1638
1438,1706
1438,2264
1438,2276
1438,2526
1438,2947
1438,2976
1438,3464
1438,3823
1439,1465
1439,1487
1439,1552
1439,1589
1439,1599
1439,1763
1439,2261
1439,2457
1439,2503
1439,3282
1439,3394
1439,3612
1440,1538
1440,1558
1440,1658
1440,1828
1440,1960
1440,1961
1440,2108
1440,2815
1440,3171
1440,3298
1440,3754
1440,3779
1440,3979
1441,1516
1441,1627
1441,1630
1441,1634
1441,1735
1441,1757
1441,1774
1441,1915
1441,1933
1441,2106
1441,2322
1441,2382
1441,2390
1441,2433
1441,2609
1441,2929
1441,3219
1441,3251
1441,3329
1441,3440
1441,3566
1442,1697
1442,1794
1442,1952
1442,1982
1442,2181
1442,2391
1442,2431
1442,2447
1442,2639
1442,2679
1442,2938
1442,2993
1442,3057
1442,3149
1442,3214
1442,3215
1442,3495
1442,3688
1442,3789
1442,3911
1443,1613
1443,2128
1443,2226
1443,2274
1443,2322
1443,2453
1443,2504
1443,2515
1443,3165
1443,3667
1443,3800
1443,3880
1444,1581
1444,1667
1444,1668
1444,1701
1444,1962
1444,2234
1444,2259
1444,2394
1444,2502
1444,2578
1444,2708
1444,2742
1444,3069
1444,3083
1444,3179
1444,3183
1444,3422
1444,3531
1444,3859
1444,3913
1445,1631
1445,1800
1445,1976
1445,2049
1445,2066
1445,2156
1445,2233
1445,2392
1445,2863
1445,3190
1445,3196
1445,3494
1445,3620
1445,3659
1446,1542
1446,1651
1446,1743
1446,1744
1446,1929
1446,2055
1446,2094
1446,2202
1446,2212
1446,2332
1446,2334
1446,2566
1446,2714
1446,2757
1446,2782
1446,2802
1446,2867
1446,3079
1446,3195
1446,3620
1447,1476
1447,1499
1447,1645
1447,1710
1447,1776
1447,2187
1447,2742
1447,2743
1447,2849
1447,3025
1447,3047
1447,3266
1447,3466
1447,3667
1447,3968
1447,3980
1447,4037
1448,1526
1448,1619
1448,1677
1448,1872
1448,1983
1448,2215
1448,2271
1448,2380
1448,2436
1448,2546
1448,2851
1448,2908
1448,3175
1448,3261
1448,3490
1449,1847
1449,2140
1449,2339
1449,2634
1449,2702
1449,2896
1449,3124
1449,3162
1449,3187
1449,3677
1449,3700
1449,3725
1449,3926
1450,1548
1450,1581
1450,1584
1450,1620
1450,1714
1450,1756
1450,1807
1450,2433
1450,2448
1450,2524
1450,2796
1450,2857
1450,2892
1450,2964
1450,3156
1450,3359
1450,3989
1450,3999
1451,1559
1451,1609
1451,1629
1451,2005
1451,2298
1451,2513
1451,2578
1451,2645
1451,3176
1451,3289
1451,3582
1451,3620
1451,3737
1451,3875
1452,1546
1452,1733
1452,2055
1452,2089
1452,2152
1452,2334
1452,2335
1452,2550
1452,2559
1452,2564
1452,2864
1452,3102
1452,3128
1452,3600
1452,3691
1453,1673
1453,1980
1453,2046
1453,3055
1453,3116
1453,3210
1453,3310
1453,3416
1453,3496
1453,3595
1453,3746
1454,1461
1454,1649
1454,1732
1454,1809
1454,1844
1454,2019
1454,2060
1454,2317
1454,2399
1454,2844
1454,3019
1454,3131
1454,3190
1454,3525
1455,1625
1455,1634
1455,2194
1455,2248
1455,2303
1455,2326
1455,2419
1455,2480
1455,2841
1455,3223
1455,3719
1456,1603
1456,1668
1456,1812
1456,1935
1456,2338
1456,2421
1456,2527
1456,2691
1456,2885
1456,2925
1456,3258
1456,3339
1456,3755
1456,3899
1457,1577
1457,1796
1457,1838
1457,1885
1457,2039
1457,2203
1457,2267
1457,2331
1457,2350
1457,2483
1457,2679
1457,2756
1457,3140
1457,3339
1457,3392
1457,3417
1457,3540
1457,3754
1457,3776
1457,3818
1458,1900
1458,2261
1458,2552
1458,2573
1458,2597
1458,2641
1458,2690
1458,2973
1458,2982
1458,2985
1458,3031
1458,3381
1459,1860
1459,2020
1459,2078
1459,2161
1459,2265
1459,3439
1459,3479
1459,3875
1459,3891
1460,1532
1460,1604
1460,1631
1460,1798
1460,1842
1460,1979
1460,2093
1460,2126
1460,2251
1460,2605
1460,2950
1460,3728
1460,3763
1460,3810
1460,3835
1461,1588
1461,1626
1461,1766
1461,1964
1461,2024
1461,2035
1461,2120
1461,2132
1461,2215
1461,2543
1461,2686
1461,2767
1461,3560
1461,3610
1461,3880
1462,1486
1462,1495
1462,1521
1462,1613
1462,1861
1462,2093
1462,2253
1462,2286
1462,2356
1462,2594
1462,2629
1462,2804
1462,2948
1462,3060
1462,3218
1462,3252
1462,3521
1462,3913
1463,1522
1463,1621
1463,1878
1463,2017
1463,2032
1463,2192
1463,2255
1463,2408
1463,2471
1463,2595
1463,2782
1463,2796
1463,2847
1463,2889
1463,3054
1463,3151
1463,3219
1463,3252
1463,3412
1463,3811
1463,3957
1464,1722
1464,1748
1464,1789
1464,2149
1464,2311
1464,2634
1464,2848
1464,2926
1464,3097
1464,3448
1464,3575
1464,3705
1464,3865
1464,3897
1465,1965
1465,2006
1465,2213
1465,2255
1465,2351
1465,2371
1465,2476
1465,2610
1465,2634
1465,2653
1465,2669
1465,2869
1465,2996
1465,3081
1465,3121
1465,3189
1465,3318
1465,3597
1465,3623
1465,3665
1465,3815
1466,1580
1466,2017
1466,2211
1466,2326
1466,2501
1466,2816
1466,2945
1466,3112
1466,3153
1466,3297
1466,3554
1466,3708
1466,3728
1466,3768
1466,3958
1467,1918
1467,1988
1467,2361
1467,2480
1467,2674
1467,2889
1467,2933
1467,3156
1467,3249
1467,3292
1468,1644
1468,1841
1468,2306
1468,2543
1468,2577
1468,3995
1469,1585
1469,1593
1469,1610
1469,1670
1469,1853
1469,1870
1469,2018
1469,2290
1469,2303
1469,2343
1469,2893
1469,2959
1469,3076
1469,3440
1469,3686
1469,3800
1469,3964
1470,1640
1470,1664
1470,1765
1470,2129
1470,2135
1470,2147
1470,2178
1470,2303
1470,2386
1470,2451
1470,3266
1470,3481
1470,4034
1471,2007
1471,2392
1471,2462
1471,2485
1471,2517
1471,2543
1471,2792
1471,2827
1471,3006
1471,3065
1471,3188
1471,3421
1471,3568
1471,3626
1471,3697
1471,3974
1472,1763
1472,1967
1472,2153
1472,3970
1473,1496
1473,1523
1473,1700
1473,1703
1473,1772
1473,2071
1473,2173
1473,2187
1473,2341
1473,2516
1473,2624
1473,2810
1473,3038
1473,3113
1473,3645
1473,3707
1474,1511
1474,1623
1474,1768
1474,1908
1474,1982
1474,2306
1474,2360
1474,2600
1474,2751
1474,2806
1474,2875
1474,2882
1474,2885
1474,2948
1474,3195
1474,3334
1474,3643
1474,3663
1474,3694
1474,3904
1474,3919
1474,3938
1475,1536
1475,2069
1475,2289
1475,2470
1475,3061
1475,3385
1475,3710
1475,3947
1476,1557
1476,1645
1476,1728
1476,2048
1476,2242
1476,2301
1476,2579
1476,2660
1476,2668
1477,1949
1477,2249
1477,2580
1477,3862
1477,3924
1478,1567
1478,1597
1478,1623
1478,1748
1478,1755
1478,1977
1478,1994
1478,2251
1478,2499
1478,2504
1478,2719
1478,2823
1478,2905
1478,3020
1478,3110
1478,3660
1478,3804
1479,1491
1479,1509
1479,1846
1479,2025
1479,2263
1479,2474
1479,2833
1479,3005
1479,3390
1479,3474
1479,3496
1479,3583
1479,3634
1479,3673
1479,3700
1479,3735
1479,4019
1480,1490
1480,1555
1480,1678
1480,1959
1480,2196
1480,2785
1480,2932
1480,3318
1480,3347
1480,3767
1480,3869
1481,1512
1481,1682
1481,1830
1481,1836
1481,1875
1481,1894
1481,2070
1481,2172
1481,2220
1481,2292
1481,2305
1481,2349
1481,2353
1481,2439
1481,2515
1481,2568
1481,2648
1481,2707
1481,2769
1481,2773
1481,2838
1481,3037
1481,3059
1481,3243
1482,1535
1482,1799
1482,1801
1482,1957
1482,2079
1482,2093
1482,2406
1482,2425
1482,2876
1482,2988
1482,3501
1482,3622
1482,3770
1483,1489
1483,1870
1483,2435
1483,2583
1483,2604
1483,2718
1483,2798
1483,2921
1483,3085
1483,3317
1483,3613
1483,3725
1483,3752
1483,3793
1483,3900
1483,3924
1484,1707
1484,1709
1484,1739
1484,1756
1484,1809
1484,1821
1484,1876
1484,1898
1484,1931
1484,1973
1484,1981
1484,2040
1484,2044
1484,2170
1484,2218
1484,2332
1484,2419
1484,2944
1484,3018
1484,3023
1484,3032
1484,3147
1484,3409
1484,3684
1485,1551
1485,1633
1485,1647
1485,1742
1485,1829
1485,2084
1485,2584
1485,2597
1485,2600
1485,2681
1485,2734
1485,2836
1485,2869
1485,2900
1485,3062
1485,3153
1485,3484
1485,3595
1485,3914
1485,3927
1485,3962
1485,4025
1486,1652
1486,1773
1486,1938
1486,2055
1486,2294
1486,2493
1486,2823
1486,3113
1486,3184
1486,3466
1486,3670
1486,3941
1487,1489
1487,1727
1487,1813
1487,1845
1487,1856
1487,2352
1487,2427
1487,2492
1487,3321
1487,3729
1487,3915
1488,1798
1488,1828
1488,1848
1488,1949
1488,2261
1488,3181
1488,3222
1488,3402
1488,3437
1488,3855
1488,4026
1489,1594
1489,1610
1489,1636
1489,1711
1489,1836
1489,2091
1489,2160
1489,2216
1489,2703
1489,2733
1489,3672
1489,3911
1489,4008
1490,1582
1490,1750
1490,1917
1490,1954
1490,2146
1490,2320
1490,2518
1490,2750
1490,2962
1490,2971
1490,2985
1490,3009
1490,3202
1490,3266
1490,3613
1490,3705
1490,3790
1490,3817
1490,3971
1491,1574
1491,1579
1491,1625
1491,1858
1491,2187
1491,2304
1491,2323
1491,2327
1491,2624
1491,2713
1491,2811
1491,3201
1491,3551
1491,3650
1492,1537
1492,1672
1492,1678
1492,1790
1492,1982
1492,2069
1492,2355
1492,2714
1492,2717
1492,2829
1492,3100
1492,3225
1492,3307
1492,3491
1492,3711
1492,3821
1492,3991
1493,1518
1493,1815
1493,2022
1493,2146
1493,2422
1493,2755
1493,2807
1493,3026
1493,3164
1493,3554
1493,3584
1493,3739
1493,3960
1493,4015
1494,1524
1494,1530
1494,1989
1494,2109
1494,2187
1494,2257
1494,2294
1494,2321
1494,2351
1494,2358
1494,2470
1494,2682
1494,2765
1494,2880
1494,2932
1494,2937
1494,2969
1494,3179
1494,3197
1494,3387
1494,3712
1494,3783
1494,3910
1495,2077
1495,2404
1495,2550
1495,2807
1495,2979
1495,3090
1495,3190
1496,1544
1496,1649
1496,1817
1496,1981
1496,2003
1496,2408
1496,2423
1496,2605
1496,3744
1497,1630
1497,1722
1497,1752
1497,1802
1497,1807
1497,2096
1497,2113
1497,2170
1497,2406
1497,2466
1497,2478
1497,2503
1497,2533
1497,2611
1497,2654
1497,2739
1497,2777
1497,3749
1497,3864
1497,3920
1497,3973
1498,1557
1498,1586
1498,1871
1498,1891
1498,2084
1498,2238
1498,2332
1498,2381
1498,2416
1498,2470
1498,2652
1498,2716
1498,2750
1498,2959
1498,3349
1498,3380
1498,3451
1498,3480
1498,3535
1498,3661
1498,3748
1498,3782
1498,3798
1498,4024
1499,1800
1499,1893
1499,2059
1499,2097
1499,2242
1499,2273
1499,2315
1499,2418
1499,2532
1499,2620
1499,2649
1499,3213
1499,3254
1499,3639
1499,3675
1499,3744
1499,3859
1500,1563
1500,1626
1500,1695
1500,1715
1500,1718
1500,1820
1500,1823
1500,1860
1500,2056
1500,2258
1500,2283
1500,2421
1500,2610
1500,2717
1500,3183
1500,3400
1500,3408
1500,3493
1500,3729
1500,3744
1500,3753
1501,1931
1501,1959
1501,2292
1501,2393
1501,2696
1501,2909
1501,3458
1501,3949
1502,1505
1502,1587
1502,1616
1502,1621
1502,1727
1502,1769
1502,1907
1502,1948
1502,1961
1502,2176
1502,2214
1502,2501
1502,2814
1502,3185
1502,3485
1502,3878
1502,3887
1502,3895
1503,1751
1503,1889
1503,2856
1503,2927
1503,3035
1503,3176
1503,3528
1504,2098
1504,2159
1504,2192
1504,2239
1504,2571
1504,2631
1504,2703
1504,2761
1504,2810
1504,2908
1504,2999
1504,3004
1504,3007
1504,3030
1504,3086
1504,3197
1504,3360
1504,3547
1504,3776
1504,3791
1504,3987
1505,1926
1505,1985
1505,2367
1505,2817
1505,2866
1505,2930
1505,2938
1505,3933
1506,1511
1506,1703
1506,1774
1506,2272
1506,2291
1506,2311
1506,2384
1506,2484
1506,2907
1506,3116
1506,3868
1506,3929
1506,4002
1507,1738
1507,1773
1507,1974
1507,2009
1507,2069
1507,2207
1507,2211
1507,2235
1507,2390
1507,2419
1507,2424
1507,2603
1507,2719
1507,2843
1507,2844
1507,3161
1507,3178
1507,3372
1507,3377
1507,3437
1507,3511
1507,3960
1507,4002
1507,4026
1508,1723
1508,1821
1508,1834
1508,1894
1508,2403
1508,2406
1508,2487
1508,2803
1508,2883
1508,3052
1508,3219
1508,3580
1508,3587
1509,1736
1509,1831
1509,1905
1509,1954
1509,1976
1509,2298
1509,3286
1509,3354
1509,3839
1509,3906
1510,1676
1510,1703
1510,1733
1510,1759
1510,1865
1510,2004
1510,2203
1510,2242
1510,2265
1510,2605
1510,2715
1510,3065
1510,3666
1510,3724
1510,3732
1510,3815
1510,3829
1510,3873
1510,3890
1510,3900
1511,1626
1511,1710
1511,1721
1511,1932
1511,1981
1511,2256
1511,2673
1511,3120
1511,3487
1511,3578
1511,3652
1511,3787
1512,1529
1512,1592
1512,1597
1512,1764
1512,2052
1512,2086
1512,2195
1512,2803
1512,3127
1512,3242
1512,3326
1512,3743
1513,1644
1513,1759
1513,1875
1513,1927
1513,2225
1513,2255
1513,2274
1513,2289
1513,2938
1513,2972
1513,3357
1513,3678
1513,3913
1514,1529
1514,1698
1514,1790
1514,2016
1514,2017
1514,2041
1514,2135
1514,2239
1514,2439
1514,2846
1514,3188
1514,3209
1514,3516
1514,3580
1514,3788
1515,1657
1515,1730
1515,1805
1515,1871
1515,2199
1515,2252
1515,2372
1515,2388
1515,2557
1515,2687
1515,3078
1515,3257
1515,3403
1515,3506
1515,3810
1515,3942
1516,1855
1516,1966
1516,1984
1516,2025
1516,2053
1516,2114
1516,2229
1516,2785
1516,3368
1516,3469
1516,3555
1516,3885
1517,1519
1517,1774
1517,1939
1517,2013
1517,2034
1517,2069
1517,2072
1517,2231
1517,2287
1517,2593
1517,2672
1517,2728
1517,2731
1517,2800
1517,3340
1517,3509
1517,3645
1517,3688
1517,3707
1518,1558
1518,1561
1518,1580
1518,1663
1518,1746
1518,1791
1518,1872
1518,2078
1518,2082
1518,2351
1518,2397
1518,2532
1518,2673
1518,2731
1518,2845
1518,2958
1518,3309
1518,3379
1518,3399
1518,3422
1518,3515
1518,3869
1519,1795
1519,1862
1519,1878
1519,1904
1519,2072
1519,2087
1519,2142
1519,2412
1519,2718
1519,2730
1519,2756
1519,2959
1519,3102
1519,3200
1519,3289
1519,3954
1520,1912
1520,1977
1520,2043
1520,2321
1520,2910
1520,2940
1520,2960
1520,2999
1520,3038
1520,3345
1520,3910
1521,1522
1521,1538
1521,1572
1521,1608
1521,1724
1521,1824
1521,2070
1521,2105
1521,2383
1521,3229
1521,3383
1521,3406
1521,3453
1521,3586
1521,3590
1521,3818
1521,3965
1522,1555
1522,1648
1522,1751
1522,1877
1522,1911
1522,1926
1522,1975
1522,2014
1522,2049
1522,2116
1522,2219
1522,2231
1522,2493
1522,2516
1522,2523
1522,2585
1522,3031
1522,3074
1522,3134
1522,3345
1522,3355
1522,3475
1523,1898
1523,2026
1523,2133
1523,2386
1523,2625
1523,3107
1523,3595
1523,3756
1523,3876
1523,3919
1523,4014
1523,4035
1524,1793
1524,1853
1524,1884
1524,2217
1524,2912
1524,3199
1524,3626
1524,3762
1524,3852
1524,3942
1525,1588
1525,1769
1525,2033
1525,2383
1525,2439
1525,2712
1525,3521
1525,3692
1525,4019
1526,1551
1526,1575
1526,1643
1526,2115
1526,2187
1526,2319
1526,2527
1526,2601
1526,2699
1526,2957
1526,3068
1526,3316
1526,3401
1526,3924
1526,3964
1527,1566
1527,1627
1527,1876
1527,2023
1527,2182
1527,2385
1527,3271
1527,3467
1527,3909
1527,3931
1527,4028
1528,1619
1528,1732
1528,2009
1528,2129
1528,2185
1528,2263
1528,2461
1528,2522
1528,2912
1528,3053
1528,3130
1528,3169
1528,3578
1528,3824
1528,3893
1528,3971
1529,1584
1529,1749
1529,1863
1529,1912
1529,2235
1529,2452
1529,2546
1529,2846
1529,2858
1529,3094
1529,3253
1529,3265
1529,3411
1529,3528
1529,3663
1529,3747
1530,1622
1530,1689
1530,1759
1530,1892
1530,2097
1530,2335
1530,2342
1530,2403
1530,2580
1530,2614
1530,3046
1530,3284
1530,3298
1530,3340
1531,1654
1531,1674
1531,2466
1531,2565
1531,2962
1531,2995
1531,3227
1532,1536
1532,1954
1532,2023
1532,2083
1532,2315
1532,2511
1532,2526
1532,2723
1532,2872
1532,2912
1532,3017
1532,3131
1532,3144
1532,3459
1532,3842
1532,3868
1532,3873
1532,3903
1533,1615
1533,1690
1533,2076
1533,2330
1533,2933
1533,3674
1533,3761
1533,3815
1533,3882
1534,1698
1534,1856
1534,2166
1534,2216
1534,2411
1534,2764
1534,3404
1534,3847
1535,1541
1535,1603
1535,1680
1535,1791
1535,2073
1535,2088
1535,2155
1535,2227
1535,2293
1535,2468
1535,2673
1535,2902
1535,3376
1535,3491
1535,3828
1535,3863
1536,1545
1536,1948
1536,1953
1536,2319
1536,2439
1536,2573
1536,2677
1536,3221
1536,3265
1536,3494
1536,3537
1536,3713
1537,1663
1537,2144
1537,2186
1537,2518
1537,2602
1537,2678
1537,3126
1537,3328
1537,3510
1537,3602
1537,3985
1538,1719
1538,2110
1538,2659
1538,3199
1538,3248
1539,1557
1539,1927
1539,2808
1539,2872
1539,3903
1540,1774
1540,1782
1540,1933
1540,2103
1540,2318
1540,2356
1540,2502
1540,2693
1540,2932
1540,3693
1540,3869
1541,1873
1541,1880
1541,1942
1541,2029
1541,2256
1541,2309
1541,2341
1541,2373
1541,2563
1541,2639
1541,2644
1541,2744
1541,2915
1541,3046
1541,3062
1541,3497
1541,3674
1541,3910
1542,1576
1542,1579
1542,1692
1542,2102
1542,2114
1542,2248
1542,2289
1542,2372
1542,2460
1542,2510
1542,3081
1542,3179
1542,3343
1542,3484
1542,3485
1542,3580
1542,3595
1542,3776
1542,3802
1543,1707
1543,1816
1543,1856
1543,2075
1543,2416
1543,2484
1543,2518
1543,2844
1543,2946
1543,3470
1543,3526
1543,3595
1543,3644
1543,3657
1544,1562
1544,1602
1544,1948
1544,2058
1544,2112
1544,2123
1544,2131
1544,2190
1544,2194
1544,2280
1544,2302
1544,2345
1544,2565
1544,2839
1544,2936
1544,3437
1544,3482
1544,3541
1544,3602
1544,3983
1545,1740
1545,1792
1545,1978
1545,1979
1545,2046
1545,2122
1545,2619
1545,2747
1545,2915
1545,2974
1545,2980
1545,3087
1545,3114
1545,3218
1545,3347
1545,3489
1545,3535
1545,3560
1545,3789
1545,3879
1545,4035
1546,2355
1546,2401
1546,2509
1546,2874
1546,2913
1546,2929
1546,3031
1546,3325
1546,3884
1546,3931
1546,4028
1546,4029
1547,1554
1547,1694
1547,1772
1547,2862
1547,2874
1547,3126
1547,3171
1547,3187
1547,3218
1547,3488
1547,3619
1547,3820
1547,4004
1548,1694
1548,1855
1548,1866
1548,1890
1548,2471
1548,2531
1548,2622
1548,2792
1548,2846
1548,2901
1548,2992
1548,3050
1548,3417
1549,1743
1549,1757
1549,2289
1549,2374
1549,2769
1549,3274
1549,3521
1549,3558
1549,3900
1549,4012
1550,1610
1550,1683
1550,1748
1550,1788
1550,1893
1550,1911
1550,1964
1550,2012
1550,2338
1550,2439
1550,2598
1550,2857
1550,3156
1550,3192
1550,3215
1550,3221
1550,3257
1550,3312
1550,3901
1550,4015
1551,1644
1551,1729
1551,1786
1551,1912
1551,2693
1551,2820
1551,2861
1551,3190
1551,3212
1551,3223
1551,3237
1551,3578
1551,3629
1552,1741
1552,2176
1552,2343
1552,2538
1552,2690
1552,2775
1552,2782
1552,2784
1552,2986
1552,3085
1552,3430
1552,3987
1553,1566
1553,1580
1553,1671
1553,2119
1553,2469
1553,2863
1553,2881
1553,2940
1553,3003
1553,3035
1553,3239
1553,3645
1553,3763
1554,1908
1554,2001
1554,2631
1554,3010
1554,3077
1554,3438
1554,3591
1554,3757
1554,3953
1555,1576
1555,1641
1555,1736
1555,1773
1555,1776
1555,2081
1555,2190
1555,2934
1555,3273
1555,3549
1555,3831
1555,3932
1556,1853
1556,2138
1556,2216
1556,2359
1556,2368
1556,2487
1556,2979
1556,3614
1556,3698
1556,3727
1556,3803
1557,1719
1557,1796
1557,1897
1557,1901
1557,1974
1557,1993
1557,2090
1557,2120
1557,2144
1557,2221
1557,2382
1557,2426
1557,2434
1557,2593
1557,2625
1557,2733
1557,2750
1557,2763
1557,2845
1557,3190
1557,3542
1557,3551
1557,3640
1557,3794
1557,3835
1557,3985
1557,4038
1558,1711
1558,1725
1558,1925
1558,2005
1558,2018
1558,2125
1558,2229
1558,2278
1558,2299
1558,2649
1558,2662
1558,2828
1558,2870
1558,2930
1558,2954
1558,3330
1558,3375
1558,3507
1558,3713
1558,3856
1559,1605
1559,1693
1559,1719
1559,1769
1559,1852
1559,1937
1559,2191
1559,2513
1559,2790
1559,3029
1559,3329
1559,3686
1559,3779
1559,3852
1560,1654
1560,1840
1560,1935
1560,2521
1560,2594
1560,2813
1560,3338
1560,3531
1561,1640
1561,2201
1561,2206
1561,2435
1561,2520
1561,2587
1561,2870
1561,2945
1561,3245
1561,3561
1561,3824
1561,3966
1562,1756
1562,1851
1562,1961
1562,2525
1562,2558
1562,2864
1562,3227
1563,1847
1563,2095
1563,2302
1563,2482
1563,2539
1563,2697
1563,3644
1564,1782
1564,1909
1564,1948
1564,2173
1564,2758
1564,2813
1564,3832
1565,1595
1565,1836
1565,1867
1565,2034
1565,2107
1565,2167
1565,2352
1565,2380
1565,2526
1565,2546
1565,2758
1565,2801
1565,2993
1565,2997
1565,3160
1565,3314
1565,3335
1565,3539
1565,3809
1566,1630
1566,1708
1566,2280
1566,2457
1566,3363
1566,3603
1566,3605
1567,1630
1567,1663
1567,1756
1567,1803
1567,2044
1567,2048
1567,2141
1567,2199
1567,2208
1567,2402
1567,2448
1567,3152
1567,3775
1567,3838
1567,3956
1568,1750
1568,1848
1568,2158
1568,2216
1568,2298
1568,2420
1568,2497
1568,2534
1568,2686
1568,2809
1568,3144
1568,3192
1568,3241
1568,3335
1568,3595
1569,1704
1569,1778
1569,2433
1569,2483
1569,3083
1569,3306
1569,3648
1570,1584
1570,2013
1570,2207
1570,2449
1570,2774
1570,2814
1570,2822
1570,2921
1570,2954
1570,3225
1570,3264
1570,3277
1570,3401
1570,3679
1570,3706
1570,3917
1571,1598
1571,1619
1571,1676
1571,1715
1571,1772
1571,1955
1571,2168
1571,2650
1571,2719
1571,2741
1571,2805
1571,2853
1571,3680
1571,3898
1571,4029
1572,1912
1572,2108
1572,2295
1572,2783
1572,2877
1572,2938
1572,3250
1572,3908
1573,1694
1573,1718
1573,1826
1573,1845
1573,1902
1573,1947
1573,2080
1573,2162
1573,2190
1573,2394
1573,2444
1573,2497
1573,2546
1573,2574
1573,2734
1573,3128
1573,3270
1573,3669
1573,3675
1573,3676
1573,3839
1573,3921
1573,3990
1574,1735
1574,2030
1574,2059
1574,2084
1574,2165
1574,2181
1574,2294
1574,2571
1574,2607
1574,2896
1574,2898
1574,2967
1574,3044
1574,3061
1574,3312
1574,3335
1574,3382
1574,3634
1574,3725
1575,1970
1575,2226
1575,2457
1575,2491
1575,3321
1575,3377
1575,3475
1575,3626
1575,4033
1576,1653
1576,1959
1576,1991
1576,2025
1576,2138
1576,2442
1576,2603
1576,2713
1576,3228
1576,3395
1576,3402
1576,3498
1576,3518
1576,3735
1576,3964
1577,1603
1577,1713
1577,1729
1577,2198
1577,2485
1577,2603
1577,2677
1577,2693
1577,3096
1577,3467
1577,3482
1577,3875
1578,1761
1578,1882
1578,2196
1578,2273
1578,2447
1578,2453
1578,2575
1578,2642
1578,3106
1578,3175
1578,3608
1578,3780
1579,1644
1579,1729
1579,1731
1579,1752
1579,1828
1579,1926
1579,2178
1579,2233
1579,2340
1579,2872
1579,2913
1579,3108
1579,3757
1579,3962
1579,4001
1580,1730
1580,1985
1580,2137
1580,2264
1580,2457
1580,2550
1580,2722
1580,2841
1580,2953
1580,3021
1580,3235
1580,3242
1580,3939
1581,1605
1581,1976
1581,2098
1581,2101
1581,2384
1581,2386
1581,2422
1581,2459
1581,2658
1581,2971
1581,3088
1581,3177
1581,3462
1581,3495
1581,3704
1581,3909
1581,3936
1582,1645
1582,1783
1582,1891
1582,2118
1582,2214
1582,2236
1582,2334
1582,2361
1582,2531
1582,2573
1582,2620
1582,3000
1582,3555
1583,1584
1583,1837
1583,2348
1583,2689
1583,2829
1583,2986
1583,3636
1583,3725
1583,3837
1583,3853
1584,1754
1584,1768
1584,1831
1584,1903
1584,2008
1584,2130
1584,2350
1584,2514
1584,2527
1584,2557
1584,2618
1584,2653
1584,2661
1584,2944
1584,2976
1584,3380
1584,3387
1584,3908
1585,1838
1585,1839
1585,1894
1585,2461
1585,2537
1585,2582
1585,2997
1585,3166
1585,3236
1585,3986
1586,1661
1586,1988
1586,2049
1586,2112
1586,2185
1586,2220
1586,2297
1586,2409
1586,2418
1586,2468
1586,2871
1586,3060
1586,3150
1586,3214
1586,3256
1587,1747
1587,1830
1587,1937
1587,2059
1587,2076
1587,2181
1587,2248
1587,2397
1587,2472
1587,2507
1587,2619
1587,2748
1587,2760
1587,3395
1587,3433
1587,3997
1588,1730
1588,1854
1588,1957
1588,1965
1588,2391
1588,2474
1588,2595
1588,2655
1588,3148
1588,3304
1588,3393
1589,1673
1589,1697
1589,1853
1589,1925
1589,1931
1589,2069
1589,2182
1589,2184
1589,2204
1589,2206
1589,2208
1589,2531
1589,2606
1589,2735
1589,3065
1589,3239
1589,3371
1589,3375
1589,3467
1589,3492
1589,3580
1589,3620
1589,3658
1589,3664
1589,3760
1590,1659
1590,2113
1590,2342
1590,2549
1590,2610
1590,2942
1590,2990
1590,3560
1590,3730
1590,3781
1591,2273
1591,2284
1591,2542
1591,2730
1591,2948
1591,3060
1591,3439
1591,3529
1592,1816
1592,2059
1592,2271
1592,2421
1592,2500
1592,2976
1592,3030
1592,3458
1592,3539
1592,3609
1593,1679
1593,1736
1593,1762
1593,1874
1593,2025
1593,2867
1593,3202
1593,3252
1593,3687
1593,3959
1594,1726
1594,1883
1594,2164
1594,2329
1594,2429
1594,2707
1594,2979
1594,3260
1594,3315
1594,3529
1594,3564
1594,3675
1594,3783
1595,1747
1595,1852
1595,1883
1595,2003
1595,2041
1595,2112
1595,2171
1595,2362
1595,2424
1595,2463
1595,2545
1595,2584
1595,2605
1595,3237
1595,3264
1595,3589
1595,3621
1596,1791
1596,1904
1596,2178
1596,2231
1596,2468
1596,2498
1596,2708
1596,2726
1596,2759
1596,2810
1596,2866
1596,2983
1596,3439
1596,3462
1597,1684
1597,1827
1597,2042
1597,2591
1597,2806
1597,2987
1597,3513
1597,3969
1597,4010
1598,1649
1598,1672
1598,1781
1598,2010
1598,2258
1598,2465
1598,2573
1598,2588
1598,3002
1598,3221
1598,3561
1598,3564
1598,3650
1599,1741
1599,1771
1599,2019
1599,2146
1599,2262
1599,2700
1599,2828
1599,2902
1599,3008
1599,3134
1599,3415
1599,3425
1599,3585
1599,3869
1600,1620
1600,1947
1600,2133
1600,2162
1600,2338
1600,2355
1600,2383
1600,2980
1600,3283
1600,3538
1600,3768
1601,1673
1601,1761
1601,1832
1601,1897
1601,2315
1601,2320
1601,2743
1601,3240
1601,3383
1601,3461
1601,3942
1602,1677
1602,1692
1602,1820
1602,1852
1602,1893
1602,2067
1602,2105
1602,2228
1602,2250
1602,2268
1602,2287
1602,2374
1602,2388
1602,2488
1602,2606
1602,2780
1602,2854
1602,2985
1602,3143
1602,3180
1602,3235
1602,3303
1602,3370
1602,3389
1602,3578
1602,3752
1602,3812
1602,3899
1603,1619
1603,1813
1603,1846
1603,2034
1603,2091
1603,2192
1603,2202
1603,2259
1603,2325
1603,2440
1603,2551
1603,2556
1603,2705
1603,2731
1603,2952
1603,3135
1603,3193
1603,3214
1603,3640
1603,3682
1604,2182
1604,2209
1604,2430
1604,2890
1604,3322
1604,3674
1604,3737
1604,3793
1604,3978
1605,1619
1605,1851
1605,1982
1605,2159
1605,2584
1605,2743
1605,3989
1606,1950
1606,2109
1606,2192
1606,2196
1606,3187
1606,3606
1606,3835
1607,1798
1607,1816
1607,1865
1607,2277
1607,2973
1607,3009
1607,3229
1607,3432
1608,1730
1608,2095
1608,2213
1608,2289
1608,2556
1608,2634
1608,3305
1608,3428
1608,3432
1608,3476
1608,3717
1609,1656
1609,1840
1609,1928
1609,1932
1609,2020
1609,2262
1609,2475
1609,2564
1609,2577
1609,2585
1609,3026
1609,3029
1609,3198
1609,3243
1609,3285
1609,3387
1609,3424
1609,3613
1609,3675
1609,3810
1609,3852
1609,4009
1610,1613
1610,1779
1610,1842
1610,2048
1610,2239
1610,2247
1610,2259
1610,2362
1610,2942
1610,3089
1610,3658
1610,3740
1611,1675
1611,1690
1611,1806
1611,1838
1611,1914
1611,2035
1611,2368
1611,2377
1611,2725
1611,3299
1611,3609
1611,3794
1612,1630
1612,1946
1612,2117
1612,2140
1612,2144
1612,2253
1612,2389
1612,3567
1612,3743
1612,3847
1612,3943
1612,4008
1613,1639
1613,2262
1613,2282
1613,2576
1613,2846
1613,3076
1614,1698
1614,1737
1614,2050
1614,2227
1614,2361
1614,2442
1614,2561
1614,2610
1614,2797
1614,3372
1614,3571
1614,3632
1614,3695
1614,3977
1615,1761
1615,1926
1615,2043
1615,2303
1615,2516
1615,2550
1615,3316
1615,3528
1615,3547
1615,3692
1615,3880
1615,3907
1616,1723
1616,1946
1616,2111
1616,2592
1616,3125
1616,3580
1616,3837
1616,3957
1617,1644
1617,2203
1617,2229
1617,2442
1617,2527
1617,2566
1617,2749
1617,3234
1617,3246
1617,3399
1617,3785
1618,1835
1618,2089
1618,2629
1618,2656
1618,2795
1618,2966
1618,3546
1619,1645
1619,1710
1619,2397
1619,3414
1619,3557
1620,1656
1620,1988
1620,2499
1620,2612
1620,3319
1620,3577
1621,1733
1621,1895
1621,1902
1621,1932
1621,2023
1621,2067
1621,2263
1621,2519
1621,2751
1621,3033
1621,3241
1621,3252
1621,3344
1621,3432
1621,3585
1621,3686
1621,4003
1622,1735
1622,1779
1622,1938
1622,1981
1622,2063
1622,2138
1622,2251
1622,2669
1622,2834
1622,2852
1622,2964
1622,3067
1622,3090
1623,1683
1623,1870
1623,1973
1623,2026
1623,2254
1623,2283
1623,2649
1623,2808
1623,2823
1623,3201
1623,3265
1623,3496
1623,3617
1623,3687
1623,3916
1624,1889
1624,1937
1624,1969
1624,2143
1624,2323
1624,2545
1624,2589
1624,2620
1624,2925
1624,2980
1624,3324
1624,3782
1624,3863
1625,1689
1625,1964
1625,2069
1625,2342
1625,2446
1625,2597
1625,2715
1625,3257
1625,3268
1625,3332
1625,3614
1626,1634
1626,1638
1626,1824
1626,2115
1626,2310
1626,2444
1626,2508
1626,2811
1626,3069
1626,3107
1627,1758
1627,1886
1627,1916
1627,2164
1627,2357
1627,2427
1627,2460
1627,3067
1627,3706
1627,3871
1628,1781
1628,1934
1628,2586
1628,2862
1628,3215
1628,3738
1629,1791
1629,1973
1629,2265
1629,2363
1629,2647
1629,2718
1629,2746
1629,2960
1629,3237
1629,3255
1629,3418
1629,3533
1629,3541
1629,3562
1629,3607
1629,3646
1630,1989
1630,2081
1630,2519
1630,2630
1630,2929
1630,3326
1630,3415
1630,3623
1630,4021
1631,1731
1631,1780
1631,1816
1631,2001
1631,2300
1631,2330
1631,2595
1631,2858
1631,2961
1631,3428
1631,3798
1632,2029
1632,2611
1632,2827
1632,3346
1632,3622
1632,3645
1632,3805
1632,3928
1633,1670
1633,1694
1633,1702
1633,1804
1633,1917
1633,2046
1633,2133
1633,2439
1633,2457
1633,2609
1633,2612
1633,2724
1633,2822
1633,3272
1633,3328
1633,3533
1633,3834
1633,3977
1634,1894
1634,2141
1634,2528
1634,2579
1634,2628
1634,3120
1634,3266
1634,3478
1634,3732
1635,1724
1635,1753
1635,1754
1635,1844
1635,2219
1635,2365
1635,2463
1635,2562
1635,2892
1635,2942
1635,3283
1635,3344
1635,3395
1635,3409
1635,3487
1635,3575
1635,3658
1635,3831
1635,3996
1636,1676
1636,1797
1636,1801
1636,2182
1636,2371
1636,2384
1636,2773
1636,2787
1636,2840
1636,3168
1636,3236
1636,3263
1636,3328
1636,3410
1636,3457
1636,3507
1636,3594
1636,3639
1636,3717
1636,3963
1637,1791
1637,1913
1637,2030
1637,2089
1637,2134
1637,2336
1637,2621
1637,3132
1637,3167
1637,3587
1637,3593
1637,3610
1637,3887
1637,4012
1638,1712
1638,1755
1638,1820
1638,2276
1638,2919
1638,3148
1638,3214
1638,3458
1638,3613
1638,3891
1639,1680
1639,1825
1639,1914
1639,2030
1639,2379
1639,2744
1639,3151
1639,3217
1639,3261
1639,3278
1639,3420
1639,3494
1639,3956
1640,1865
1640,1875
1640,2006
1640,2057
1640,2108
1640,2283
1640,2300
1640,2422
1640,2536
1640,2585
1640,2793
1640,2908
1640,2980
1640,3043
1640,3115
1640,3426
1640,3472
1640,3748
1640,3806
1640,4013
1641,1795
1641,1866
1641,1913
1641,2238
1641,2300
1641,2581
1641,2619
1641,3341
1641,3521
1641,3559
1641,3671
1641,3729
1641,3869
1641,3924
1642,1758
1642,1812
1642,1910
1642,1961
1642,2173
1642,2201
1642,2265
1642,2592
1642,2685
1642,2807
1642,2887
1642,2892
1642,3022
1642,3134
1643,1736
1643,1829
1643,1884
1643,2014
1643,2118
1643,2124
1643,2300
1643,2321
1643,2385
1643,2474
1643,2782
1643,2976
1643,3062
1643,3156
1643,3366
1644,1681
1644,1682
1644,2460
1644,3060
1644,3544
1644,3771
1645,1732
1645,1747
1645,1902
1645,2007
1645,2203
1645,2513
1645,2807
1645,2902
1645,3035
1645,3096
1645,3126
1645,3145
1645,3274
1645,3581
1645,3582
1645,3629
1645,3787
1646,2000
1646,2371
1646,2420
1646,2510
1646,2911
1646,2922
1646,3094
1646,3304
1646,3616
1647,1710
1647,1904
1647,2008
1647,2124
1647,2149
1647,2174
1647,2694
1647,2697
1647,2717
1647,2739
1647,2779
1647,3041
1647,3047
1647,3092
1647,3151
1647,3254
1647,3350
1647,3872
1648,1694
1648,2014
1648,2160
1648,2264
1648,2388
1648,2549
1648,2620
1648,2734
1648,2800
1648,2952
1648,2992
1648,3117
1648,3182
1648,3310
1648,3715
1648,3725
1649,1805
1649,2021
1649,2166
1649,2572
1649,3053
1649,3390
1649,3473
1649,3501
1649,3517
1649,3540
1649,3708
1649,3738
1649,3742
1649,3775
1649,3843
1649,4014
1650,1921
1650,2205
1650,2509
1650,2538
1650,2701
1650,2776
1650,2965
1650,3056
1650,3072
1650,3440
1650,3575
1650,3608
1650,3761
1650,3795
1650,3814
1650,3818
1650,3915
1650,3923
1651,1927
1651,1993
1651,2027
1651,2468
1651,2569
1651,2890
1651,3321
1651,3336
1651,3777
1651,3941
1652,1708
1652,1710
1652,1780
1652,1858
1652,2146
1652,2167
1652,2190
1652,2227
1652,2294
1652,3051
1652,3067
1652,3123
1652,3144
1652,3205
1652,3214
1652,3791
1652,4036
1653,1755
1653,1829
1653,2025
1653,2153
1653,2680
1653,2898
1653,3040
1653,3072
1653,3409
1653,3422
1653,3514
1653,3591
1653,4025
1654,1722
1654,1739
1654,1979
1654,2209
1654,2231
1654,2819
1654,2976
1654,3123
1654,3193
1654,3255
1654,3274
1654,3585
1655,1808
1655,2027
1655,2354
1655,2468
1655,2488
1655,2523
1655,2710
1655,3140
1655,3290
1655,3525
1655,3925
1656,1788
1656,1910
1656,2238
1656,2309
1656,2510
1656,2526
1656,2697
1656,2702
1656,3412
1656,3820
1657,1790
1657,2092
1657,2202
1657,2526
1657,2749
1657,2781
1657,3370
1657,3619
1657,3672
1657,3738
1658,1692
1658,2211
1658,2240
1658,2406
1658,2438
1658,2494
1658,2900
1658,3119
1658,3193
1658,3682
1659,1739
1659,1878
1659,1881
1659,2095
1659,2268
1659,2501
1659,2583
1659,3175
1659,3234
1659,3365
1659,3650
1659,3678
1660,1709
1660,1868
1660,1895
1660,1928
1660,2102
1660,2157
1660,2188
1660,2238
1660,2618
1660,2917
1660,3234
1660,3519
1660,3645
1660,3697
1661,1682
1661,1754
1661,1995
1661,2217
1661,2730
1661,3383
1661,3419
1661,3545
1661,3551
1661,3639
1661,3846
1662,1734
1662,1765
1662,1848
1662,1896
1662,1964
1662,2000
1662,2054
1662,2461
1662,3032
1662,3059
1662,3165
1662,3226
1662,3470
1662,3898
1662,3998
1663,2224
1663,2862
1663,3069
1663,3504
1663,3760
1663,3815
1663,3819
1663,3887
1664,2002
1664,2051
1664,2474
1664,2478
1664,2560
1664,2809
1664,3394
1664,3514
1664,3681
1664,3786
1665,1804
1665,1835
1665,1864
1665,1886
1665,1985
1665,2302
1665,2670
1665,2762
1665,2783
1665,2795
1665,3259
1665,3433
1665,3474
1665,3495
1665,3720
1665,3864
1665,3869
1666,1689
1666,1697
1666,1753
1666,2257
1666,2335
1666,2576
1666,2991
1666,3075
1666,3342
1666,3690
1667,1827
1667,1922
1667,1956
1667,2020
1667,2078
1667,2127
1667,2522
1667,2664
1667,3313
1667,3323
1668,2002
1668,2036
1668,2166
1668,2227
1668,2373
1668,2429
1668,2677
1668,3273
1668,3684
1669,1790
1669,2036
1669,2225
1669,3096
1669,3681
1669,3852
1669,3936
1670,1708
1670,1815
1670,1966
1670,2076
1670,2137
1670,2759
1670,2784
1670,3124
1670,3940
1671,2165
1671,2234
1671,2274
1671,2299
1671,2666
1671,3804
1671,3856
1671,3976
1672,1847
1672,2039
1672,2046
1672,2119
1672,2270
1672,2817
1672,3143
1672,3342
1672,3348
1672,3395
1672,3535
1672,3922
1673,1855
1673,2098
1673,2290
1673,2370
1673,2494
1673,2619
1673,2876
1673,3610
1673,3664
1673,3682
1673,3986
1674,1767
1674,2383
1674,2659
1674,3459
1674,3514
1674,3703
1674,3888
1675,1737
1675,1897
1675,1947
1675,2032
1675,2496
1675,2618
1675,2626
1675,2716
1675,3298
1675,3436
1676,1731
1676,1817
1676,1869
1676,1918
1676,1933
1676,2039
1676,2086
1676,2098
1676,2164
1676,2302
1676,2424
1676,2877
1676,2951
1676,3202
1676,3631
1676,3647
1676,3669
1676,3782
1676,3836
1676,3943
1677,1891
1677,2391
1677,2512
1677,2617
1677,2731
1677,3589
1677,3926
1677,4016
1678,1713
1678,1765
1678,1782
1678,1960
1678,2030
1678,2472
1678,2520
1678,2524
1678,2556
1678,2583
1678,2835
1678,3119
1678,3166
1678,3216
1678,3384
1678,3851
1678,3910
1679,2113
1679,2606
1679,2659
1679,2724
1679,3119
1679,3128
1679,3170
1679,3526
1679,3647
1679,3793
1680,1804
1680,1822
1680,1887
1680,1897
1680,1953
1680,2081
1680,2316
1680,2672
1680,2729
1680,2741
1680,2953
1680,3136
1680,3231
1680,3236
1680,3374
1680,3537
1680,3763
1680,3774
1681,1815
1681,2035
1681,2132
1681,2259
1681,2349
1681,2397
1681,2439
1681,2448
1681,2892
1681,3015
1681,3213
1681,3261
1681,3530
1681,3558
1681,3738
1681,3791
1681,4011
1682,1702
1682,1805
1682,2022
1682,2284
1682,2295
1682,2630
1682,2638
1682,2679
1682,3083
1682,3352
1682,3534
1682,3991
1682,4036
1683,1720
1683,1735
1683,2046
1683,2101
1683,2158
1683,2179
1683,3138
1683,3154
1683,3291
1683,3583
1683,3593
1683,3619
1683,3896
1683,4019
1684,1685
1684,1861
1684,2150
1684,2487
1684,2868
1684,2886
1684,2947
1684,3183
1685,1798
1685,1851
1685,1898
1685,1921
1685,2213
1685,2712
1685,3141
1685,3209
1685,3756
1685,3914
1686,1867
1686,1936
1686,2136
1686,2139
1686,2307
1686,2367
1686,2388
1686,2415
1686,2489
1686,2549
1686,2769
1686,2926
1686,3381
1686,3433
1686,3501
1686,3632
1687,1707
1687,1741
1687,1789
1687,1827
1687,1837
1687,1862
1687,2026
1687,2103
1687,2300
1687,2367
1687,2383
1687,2447
1687,2477
1687,2569
1687,2617
1687,2887
1687,2934
1687,3011
1687,3116
1687,3387
1687,3431
1687,3514
1687,3680
1687,3808
1688,1752
1688,1766
1688,1769
1688,1784
1688,1865
1688,2007
1688,2399
1688,2624
1688,2679
1688,2858
1688,2910
1688,2983
1688,3012
1688,3076
1688,3160
1688,3175
1688,3178
1688,3833
1689,1975
1689,2489
1689,2545
1689,2550
1689,2589
1689,3182
1689,3253
1689,3344
1689,3416
1690,1870
1690,2054
1690,2056
1690,2078
1690,2113
1690,2145
1690,2184
1690,2196
1690,2220
1690,2320
1690,2322
1690,2569
1690,2606
1690,2889
1690,2946
1690,3001
1690,3200
1690,3271
1690,3381
1690,3389
1690,3487
1690,3536
1690,3575
1690,3620
1690,3732
1691,1747
1691,1770
1691,1861
1691,1865
1691,1945
1691,2183
1691,2660
1691,2776
1691,2973
1691,3131
1691,3194
1691,3697
1692,1694
1692,1755
1692,2160
1692,2407
1692,2515
1692,2574
1692,2805
1692,3575
1693,1890
1693,2020
1693,2129
1693,2263
1693,2279
1693,2930
1693,3016
1693,3050
1693,3131
1693,3173
1693,3451
1693,3556
1693,3805
1693,3827
1693,3994
1694,1748
1694,2072
1694,2508
1694,2887
1694,3037
1694,3125
1694,3177
1694,3291
1694,3597
1695,2089
1695,2091
1695,2148
1695,2298
1695,2523
1695,2705
1695,2937
1695,2977
1695,3116
1696,1980
1696,2082
1696,2130
1696,2144
1696,2159
1696,2395
1696,2572
1696,2632
1696,2676
1696,2707
1696,2746
1696,2992
1696,3110
1696,3759
1696,3805
1696,4025
1697,1755
1697,1799
1697,1900
1697,1951
1697,2055
1697,2065
1697,2072
1697,2149
1697,2574
1697,2719
1697,2929
1697,3010
1697,3045
1697,3331
1697,3534
1697,3663
1697,4037
1698,1704
1698,1785
1698,1887
1698,1893
1698,1939
1698,2127
1698,2323
1698,2337
1698,2353
1698,2410
1698,2499
1698,2527
1698,3029
1698,3032
1698,3326
1698,3702
1698,3830
1698,3838
1699,1741
1699,1749
1699,1892
1699,1978
1699,2439
1699,2503
1699,2555
1699,3069
1699,3237
1699,3360
1699,3487
1699,3537
1699,3556
1699,3565
1699,3975
1700,1701
1700,1935
1700,2088
1700,2096
1700,2171
1700,2212
1700,2257
1700,2286
1700,2364
1700,2368
1700,2481
1700,2637
1700,2713
1700,2779
1700,2789
1700,2802
1700,2883
1700,2938
1700,3107
1700,3203
1700,3639
1700,3676
1700,3770
1700,3943
1701,1804
1701,2005
1701,2642
1701,2660
1701,2685
1701,2728
1701,2953
1701,2956
1701,3247
1701,3251
1701,3333
1701,3375
1701,3422
1701,3439
1701,3704
1701,3753
1701,3959
1701,4016
1702,1704
1702,1787
1702,2057
1702,2102
1702,2332
1702,2383
1702,2863
1702,3537
1702,3597
1702,3687
1702,3767
1702,3820
1702,3963
1703,1989
1703,2031
1703,2174
1703,2215
1703,2239
1703,2428
1703,2446
1703,2765
1703,2832
1703,2919
1703,3116
1703,3563
1703,3698
1703,3929
1704,1719
1704,1997
1704,2278
1704,2547
1704,3345
1704,3674
1704,3692
1704,4021
1705,2157
1705,2329
1705,2369
1705,2649
1705,2978
1705,3250
1705,3345
1705,3710
1705,3837
1706,1949
1706,2011
1706,2146
1706,2302
1706,2491
1706,2528
1706,2703
1706,2894
1706,3363
1706,3439
1706,3618
1706,3624
1706,3654
1706,3733
1706,3900
1706,3911
1707,1813
1707,1833
1707,1910
1707,2538
1707,2573
1707,2878
1707,2889
1707,3142
1707,3283
1708,1766
1708,1940
1708,2617
1708,2627
1708,2974
1708,2993
1708,3109
1708,3445
1708,3634
1708,3655
1708,3671
1708,3903
1708,3925
1708,3997
1708,4034
1709,1760
1709,1852
1709,2294
1709,2401
1709,2797
1709,2837
1709,2928
1709,3027
1709,3137
1709,3786
1710,1813
1710,2783
1710,2907
1710,3237
1710,3565
1710,3743
1710,3879
1711,2218
1711,2346
1711,2668
1711,2676
1711,3111
1711,3215
1711,3280
1711,3296
1711,3528
1712,1833
1712,2039
1712,2076
1712,2088
1712,2353
1712,2377
1712,3421
1712,3765
1712,3798
1712,3854
1712,3860
1712,3902
1712,4030
1713,1828
1713,1928
1713,2020
1713,2413
1713,2443
1713,2707
1713,3242
1713,3557
1713,3857
1713,3864
1714,1744
1714,1784
1714,1797
1714,1950
1714,2032
1714,2303
1714,2614
1714,2822
1714,2986
1714,3440
1714,3463
1714,3662
1714,3761
1715,1896
1715,2172
1715,3441
1715,3628
1715,3719
1715,3883
1716,1893
1716,2004
1716,2042
1716,2455
1716,2773
1716,2891
1716,2960
1716,3178
1716,3483
1716,3653
1717,1858
1717,1959
1717,2221
1717,2596
1717,3144
1717,3412
1717,3559
1718,1906
1718,1985
1718,2185
1718,2403
1718,2597
1718,2683
1718,2729
1718,2862
1718,3649
1718,3901
1718,3922
1719,1825
1719,1844
1719,1954
1719,2041
1719,2381
1719,2411
1719,2440
1719,2472
1719,2616
1719,2630
1719,2805
1719,2887
1719,3019
1719,3214
1719,3348
1719,3392
1719,3470
1719,3672
1719,3708
1719,3946
1719,3981
1720,1925
1720,1961
1720,1963
1720,2187
1720,2219
1720,2231
1720,2465
1720,2603
1720,2881
1720,2922
1720,2973
1720,3247
1720,3248
1720,3269
1720,3454
1720,3506
1720,3888
1720,3921
1720,4011
1721,1773
1721,1792
1721,1864
1721,1899
1721,2078
1721,2287
1721,2403
1721,2559
1721,2572
1721,2843
1721,2961
1721,3186
1721,3203
1721,3449
1722,1889
1722,1946
1722,2011
1722,2120
1722,2187
1722,2313
1722,2504
1722,2608
1722,3198
1722,3288
1722,3374
1723,1930
1723,2918
1723,3017
1723,3111
1723,3299
1723,3702
1723,3753
1724,1744
1724,1874
1724,2076
1724,2218
1724,2323
1724,3143
1724,3295
1724,3353
1724,3383
1724,3881
1724,3987
1725,1977
1725,1986
1725,2114
1725,2203
1725,2778
1725,2804
1725,3164
1725,3623
1725,3691
1726,1747
1726,1832
1726,2124
1726,2286
1726,2306
1726,2411
1726,2534
1726,2713
1726,2885
1726,3115
1726,3236
1726,3273
1726,3513
1726,3810
1727,1790
1727,1821
1727,1848
1727,1902
1727,2269
1727,2333
1727,2365
1727,2396
1727,2451
1727,2485
1727,2574
1727,2597
1727,2614
1727,2795
1727,3260
1727,3307
1727,3396
1727,3409
1727,3867
1727,3918
1728,2406
1728,2413
1728,2821
1728,2823
1728,2863
1728,3046
1728,3277
1728,3775
1728,3956
1729,1751
1729,1911
1729,1953
1729,1981
1729,2244
1729,2265
1729,2282
1729,2570
1729,2649
1729,2852
1729,2854
1729,2896
1729,3028
1729,3356
1729,3586
1729,3748
1729,3875
1729,3993
1730,1761
1730,1883
1730,1941
1730,2497
1730,2821
1730,3043
1730,3626
1730,3627
1730,3807
1730,3914
1731,1929
1731,1967
1731,2202
1731,2257
1731,2264
1731,2338
1731,2385
1731,2605
1731,2711
1731,2773
1731,2937
1731,2964
1731,3044
1731,3092
1731,3155
1731,3156
1731,3547
1731,3679
1731,3799
1732,1882
1732,2087
1732,2335
1732,2730
1732,2771
1732,3116
1732,3270
1732,3276
1732,3578
1732,3969
1733,1789
1733,1795
1733,2154
1733,2170
1733,2294
1733,2320
1733,2428
1733,2429
1733,2816
1733,2951
1733,3027
1733,3069
1733,3325
1733,3555
1733,3583
1733,4003
1734,1965
1734,1969
1734,2122
1734,2126
1734,2140
1734,2262
1734,2569
1734,2851
1734,2941
1734,3033
1734,3471
1734,3522
1734,3633
1735,2018
1735,2035
1735,2098
1735,2238
1735,2320
1735,2405
1735,2438
1735,2560
1735,2676
1735,3227
1735,3596
1736,1797
1736,1841
1736,2152
1736,2195
1736,2247
1736,2602
1736,2844
1736,2874
1736,3165
1736,3361
1736,3486
1736,3591
1736,3651
1736,3827
1737,1738
1737,2140
1737,2493
1737,2522
1737,3536
1737,3627
1737,3746
1737,4006
1738,1978
1738,2183
1738,2362
1738,2557
1738,2629
1738,2705
1738,2840
1738,2857
1738,2896
1738,2962
1738,3283
1738,3484
1738,3849
1738,4032
1739,1769
1739,1902
1739,1913
1739,1918
1739,2118
1739,2173
1739,2283
1739,2729
1739,2824
1739,3134
1739,3383
1739,3479
1739,3494
1739,3712
1739,3825
1740,1784
1740,2370
1740,2614
1740,3085
1740,3355
1740,3385
1740,3520
1740,3754
1740,3975
1741,1896
1741,1911
1741,2101
1741,2421
1741,2452
1741,2491
1741,2505
1741,2829
1741,3302
1741,3341
1741,3428
1742,1885
1742,3479
1742,3490
1742,3945
1743,1896
1743,2390
1743,2661
1743,2772
1743,3180
1743,3601
1743,3759
1744,1747
1744,1797
1744,1826
1744,2090
1744,2320
1744,2486
1744,2572
1744,2745
1744,3019
1744,3073
1744,3913
1745,1812
1745,1895
1745,1920
1745,2169
1745,2378
1745,2501
1745,2613
1745,3049
1745,3217
1746,1881
1746,1899
1746,1969
1746,2056
1746,2127
1746,2380
1746,2411
1746,2431
1746,2497
1746,2499
1746,2767
1746,2873
1746,3003
1746,3071
1746,3244
1746,3284
1746,3403
1746,3795
1747,1827
1747,2010
1747,2014
1747,2093
1747,2325
1747,2678
1747,2761
1747,2924
1747,3003
1747,3025
1747,3653
1747,3854
1747,3970
1748,1778
1748,2076
1748,2338
1748,2399
1748,2516
1748,2601
1748,2619
1748,2790
1748,3022
1748,3176
1748,3305
1748,3391
1748,3411
1748,3538
1748,3740
1749,1752
1749,1764
1749,1772
1749,2004
1749,2016
1749,2112
1749,2136
1749,2272
1749,2321
1749,2543
1749,2670
1749,2807
1749,2906
1749,2942
1749,2969
1749,3249
1749,3287
1749,3306
1749,3403
1749,3415
1749,3772
1749,4005
1750,1787
1750,1839
1750,1876
1750,1973
1750,2061
1750,2089
1750,2497
1750,2823
1750,2852
1750,2877
1750,3094
1750,3246
1750,3280
1750,3385
1750,3687
1750,3867
1751,1819
1751,2200
1751,2213
1751,2250
1751,2267
1751,2306
1751,2515
1751,2641
1751,2726
1751,3229
1751,3576
1751,3602
1752,1761
1752,1824
1752,1890
1752,1911
1752,1918
1752,2221
1752,2266
1752,2314
1752,2330
1752,2577
1752,2850
1752,2910
1752,3068
1752,3246
1752,3521
1752,3599
1753,1925
1753,2045
1753,2467
1753,2712
1753,3086
1753,3103
1753,3154
1753,3674
1753,3817
1753,3985
1754,1783
1754,1883
1754,2471
1754,2501
1754,2836
1754,2888
1754,3826
1754,3844
1754,3957
1755,1931
1755,2085
1755,2258
1755,2269
1755,2333
1755,2489
1755,2974
1755,3019
1755,3020
1755,3152
1755,3267
1755,3615
1755,3833
1755,3865
1756,2053
1756,2068
1756,2074
1756,2646
1756,2698
1756,3590
1756,3594
1757,1803
1757,1882
1757,1922
1757,2008
1757,2082
1757,2090
1757,2189
1757,2490
1757,2544
1757,2624
1757,2786
1757,2820
1757,2865
1757,3017
1757,3182
1757,3223
1757,3338
1757,3517
1757,3522
1757,3611
1757,3801
1757,3848
1757,4027
1758,1863
1758,1945
1758,2198
1758,2295
1758,2506
1758,2597
1758,2650
1758,2748
1758,2787
1758,2794
1758,2852
1758,2885
1758,2926
1758,3163
1758,3181
1758,3492
1758,3794
1758,3927
1759,1821
1759,1836
1759,1869
1759,2187
1759,2461
1759,2775
1759,2916
1759,3134
1759,3677
1759,3778
1759,3879
1760,1802
1760,2379
1760,2417
1760,2606
1760,2623
1760,2696
1760,2801
1760,3010
1760,3097
1760,3175
1760,3327
1760,3672
1760,3780
1760,3826
1761,1778
1761,1832
1761,2068
1761,2130
1761,2224
1761,2241
1761,2362
1761,2547
1761,2588
1761,2776
1761,2943
1761,3385
1761,3484
1761,3538
1761,3574
1761,3891
1762,1962
1762,2148
1762,2241
1762,2712
1762,3359
1762,3442
1762,3510
1763,2201
1763,2298
1763,2722
1763,3038
1763,3441
1763,3637
1763,3697
1763,3866
1763,3888
1764,1831
1764,2161
1764,2295
1764,2333
1764,2495
1764,2640
1764,2711
1764,2723
1764,2824
1764,3055
1764,3231
1764,3380
1764,3393
1764,3514
1764,3608
1765,2219
1765,2577
1765,2839
1765,2854
1765,2856
1765,3375
1765,3448
1765,3532
1766,2135
1766,2186
1766,2456
1766,3011
1766,3543
1766,3778
1766,3827
1767,1774
1767,1981
1767,2668
1767,3114
1767,3926
1768,2078
1768,2191
1768,2332
1768,2690
1768,2707
1768,2928
1768,3029
1768,3187
1769,2040
1769,2050
1769,2160
1769,2386
1769,3259
1769,3295
1769,3472
1769,3505
1769,3935
1770,1972
1770,2075
1770,2087
1770,2150
1770,2626
1770,2781
1770,2832
1770,2924
1770,3020
1770,3121
1770,3142
1770,3576
1770,3892
1771,1794
1771,1865
1771,1949
1771,2071
1771,2161
1771,2420
1771,2471
1771,3033
1771,3054
1771,3207
1771,3302
1771,3494
1771,3560
1771,3609
1771,3860
1771,3926
1772,1878
1772,1890
1772,1957
1772,1965
1772,2518
1772,2529
1772,2672
1772,2722
1772,2816
1772,3004
1772,3022
1772,3470
1772,3482
1772,3556
1772,3642
1772,3851
1772,3951
1773,2001
1773,2033
1773,2221
1773,2386
1773,2464
1773,2482
1773,2532
1773,2545
1773,2582
1773,2813
1773,2831
1773,2925
1773,2960
1773,2971
1773,2993
1773,3014
1773,3054
1773,3697
1773,3728
1773,3802
1773,3909
1774,1974
1774,2140
1774,2324
1774,2538
1774,2669
1774,3105
1774,3378
1774,3392
1774,3396
1774,3492
1775,1891
1775,2148
1775,2761
1775,3039
1775,4007
1776,1979
1776,2055
1776,2190
1776,2530
1776,2587
1776,3060
1776,3127
1776,3172
1776,3191
1776,3510
1776,3707
1776,3737
1776,3959
1776,4004
1777,2067
1777,2160
1777,2449
1777,2514
1777,2544
1777,3453
1777,3941
1778,1887
1778,2095
1778,2184
1778,2450
1778,3008
1778,3559
1779,1843
1779,1916
1779,2150
1779,2239
1779,2337
1779,2461
1779,2520
1779,2659
1779,2782
1779,2915
1779,2995
1779,3021
1779,3226
1779,3301
1779,3664
1779,3810
1780,2007
1780,2044
1780,2094
1780,2204
1780,2441
1780,2611
1780,2621
1780,2857
1780,2917
1780,3030
1780,3203
1780,3324
1781,1821
1781,2013
1781,2054
1781,2131
1781,2352
1781,2663
1781,2699
1781,2827
1781,3190
1781,3335
1781,3649
1781,3885
1781,3966
1781,3984
1782,1799
1782,1875
1782,2090
1782,2123
1782,2502
1782,2600
1782,2794
1782,2987
1782,3123
1782,3198
1782,3364
1782,3705
1782,3751
1782,3952
1783,2180
1783,2986
1783,3093
1783,3159
1783,3209
1783,3558
1783,3822
1783,3939
1784,1792
1784,1812
1784,1854
1784,2067
1784,2238
1784,2393
1784,2480
1784,2665
1784,3250
1784,3378
1784,3442
1784,3504
1784,3507
1784,3514
1784,3596
1784,3646
1784,3663
1784,3721
1785,2184
1785,2412
1785,2768
1785,2978
1785,3146
1785,3241
1785,3259
1785,3303
1785,3411
1785,4020
1786,2500
1786,2510
1786,2654
1786,2799
1786,3382
1786,3551
1786,3628
1786,4023
1787,2166
1787,2201
1787,2247
1787,2609
1787,3746
1788,1798
1788,1850
1788,1903
1788,1947
1788,2049
1788,2362
1788,2409
1788,2644
1788,2835
1788,3051
1788,3253
1788,3661
1788,3847
1788,3947
1789,1791
1789,1937
1789,2075
1789,2241
1789,2490
1789,2861
1789,2943
1789,2956
1789,2982
1789,3123
1789,3137
1789,3279
1789,3353
1789,3423
1789,3744
1790,1950
1790,2318
1790,2355
1790,2428
1790,2485
1790,2943
1790,3135
1790,3152
1790,3291
1790,3429
1790,3450
1790,3863
1791,1805
1791,2183
1791,2445
1791,2867
1791,3428
1791,3700
1791,3873
1792,1808
1792,2220
1792,2336
1792,2438
1792,2623
1792,2989
1792,3635
1793,1941
1793,2017
1793,2273
1793,2735
1793,2803
1793,2867
1793,3322
1793,3348
1793,3589
1793,3782
1793,3827
1794,1819
1794,2212
1794,2344
1794,2616
1794,2699
1794,2969
1794,2996
1794,3107
1794,3297
1794,3317
1794,3487
1794,3725
1794,3872
1794,3958
1794,4031
1795,2196
1795,2740
1795,2903
1795,2981
1795,3643
1796,2200
1796,2320
1796,2469
1796,2627
1796,2761
1796,2768
1796,2951
1796,2956
1796,2967
1796,3387
1796,3781
1797,1858
1797,2130
1797,2188
1797,2244
1797,2262
1797,2299
1797,2378
1797,2670
1797,2695
1797,3123
1797,3442
1797,3496
1797,3669
1797,3935
1797,3988
1798,2411
1798,2435
1798,2446
1798,3221
1799,1808
1799,1931
1799,2160
1799,2288
1799,2312
1799,2342
1799,2387
1799,2477
1799,2837
1799,3166
1799,3407
1799,3421
1799,3492
1799,3500
1799,3582
1799,3682
1799,3751
1799,3946
1799,3977
1800,2106
1800,2275
1800,2815
1800,3338
1800,3457
1800,3527
1800,3661
1800,3823
1800,3876
1801,1818
1801,1953
1801,2670
1801,2826
1801,2903
1801,2915
1801,2972
1801,3115
1801,3397
1801,3411
1801,3818
1801,4030
1802,2023
1802,2044
1802,2485
1802,2518
1802,3027
1802,3152
1802,3202
1802,3290
1802,3392
1802,3520
1802,3531
1802,3602
1803,1849
1803,1998
1803,2270
1803,2425
1803,3052
1803,3076
1804,2445
1804,2467
1804,2473
1804,2717
1804,2735
1804,3194
1804,3341
1804,3689
1804,4028
1805,1882
1805,2059
1805,2134
1805,2169
1805,2465
1805,2770
1805,2914
1805,3095
1805,3334
1805,3403
1805,3434
1805,3702
1805,3743
1805,3744
1805,3953
1805,3963
1805,3972
1806,2069
1806,2148
1806,2451
1806,2909
1806,2926
1806,2950
1806,3201
1806,3308
1806,3687
1806,3993
1807,1998
1807,2012
1807,2087
1807,2138
1807,2407
1807,2503
1807,2654
1807,3428
1807,3543
1807,3908
1807,3967
1807,4000
1808,1820
1808,1858
1808,1913
1808,2626
1808,2632
1808,2645
1808,2846
1808,3145
1808,3869
1808,4035
1809,1810
1809,1992
1809,2128
1809,2139
1809,2264
1809,2331
1809,2788
1809,2960
1809,3095
1809,3190
1809,3292
1809,3358
1809,3383
1809,3392
1809,3582
1809,3663
1809,3889
1809,4008
1810,1837
1810,1850
1810,1997
1810,2350
1810,2741
1810,2921
1810,3004
1810,3012
1810,3441
1810,3493
1810,3699
1810,3718
1810,3833
1811,1839
1811,2026
1811,2049
1811,2129
1811,2536
1811,3159
1812,2084
1812,2100
1812,2164
1812,2557
1812,2815
1812,3083
1812,3145
1812,3153
1812,3362
1812,3489
1812,3881
1813,2165
1813,2312
1813,2543
1813,2626
1813,2896
1813,3168
1813,3203
1813,3222
1813,3291
1813,3861
1814,2501
1814,2519
1814,3123
1814,3324
1814,3396
1814,3503
1814,3613
1815,1822
1815,1888
1815,1919
1815,2658
1815,3073
1815,3263
1815,3420
1815,3642
1815,3824
1816,2015
1816,2139
1816,2315
1816,2546
1816,2574
1816,2981
1816,3236
1816,3277
1816,3658
1817,1832
1817,1988
1817,2036
1817,2083
1817,2240
1817,2260
1817,2337
1817,2725
1817,2733
1817,2783
1817,2792
1817,2836
1817,3169
1817,3275
1817,3344
1817,3360
1817,3546
1817,3553
1817,3802
1817,3994
1818,1876
1818,1957
1818,2059
1818,2140
1818,2331
1818,2408
1818,2587
1818,2635
1818,3033
1818,3241
1818,3373
1818,3999
1819,2008
1819,2108
1819,2252
1819,3332
1819,3448
1819,3530
1819,3541
1819,3552
1819,3749
1819,3868
1819,4005
1820,2436
1820,3264
1820,4004
1821,2030
1821,2194
1821,2360
1821,2487
1821,2668
1821,2951
1821,3236
1821,3674
1821,3778
1821,3781
1822,1954
1822,2047
1822,2120
1822,2309
1822,2387
1822,2412
1822,2510
1822,2645
1822,3352
1822,3410
1823,1967
1823,2061
1823,2400
1823,2445
1823,2544
1823,2913
1823,3937
1824,1887
1824,2050
1824,2198
1824,2201
1824,2257
1824,2465
1824,2587
1824,2836
1824,2920
1824,3258
1824,3696
1824,3815
1824,3902
1825,2860
1825,2866
1825,2876
1825,3295
1825,3532
1825,3541
1825,3718
1826,2308
1826,2390
1826,2398
1826,2455
1826,3853
1826,3999
1827,1989
1827,2007
1827,2088
1827,2194
1827,2398
1827,2543
1827,2602
1827,2733
1827,2781
1827,2923
1827,3286
1827,3476
1827,3563
1828,1887
1828,1929
1828,1932
1828,1961
1828,2053
1828,2076
1828,2213
1828,2221
1828,2257
1828,2333
1828,2724
1828,2873
1828,3005
1828,3051
1828,3609
1828,3665
1828,3938
1828,3949
1829,1830
1829,1884
1829,2104
1829,2294
1829,2596
1829,2798
1829,2837
1829,2876
1829,3165
1829,3239
1829,3294
1829,3360
1829,3421
1829,3618
1829,3620
1829,3677
1829,3797
1829,3969
1830,1839
1830,1895
1830,1996
1830,2044
1830,2147
1830,2396
1830,2731
1830,2895
1830,2904
1830,2919
1830,3582
1830,3937
1831,1910
1831,1962
1831,2009
1831,2153
1831,2197
1831,2203
1831,2237
1831,2425
1831,2662
1831,2869
1831,3236
1831,3628
1831,3829
1831,3850
1831,3925
1831,3992
1832,1958
1832,2294
1832,3212
1832,3908
1833,2057
1833,2893
1833,3229
1833,3311
1833,3912
1833,3979
1834,2109
1834,2151
1834,2728
1834,2775
1834,3074
1834,3726
1835,2049
1835,2437
1835,2450
1835,3072
1835,3366
1835,3762
1835,3980
1836,1851
1836,2293
1836,2369
1836,2442
1836,2590
1836,2809
1836,2989
1836,2992
1836,3028
1836,3033
1836,3114
1836,3447
1836,3874
1837,1879
1837,2140
1837,2519
1837,2830
1837,2973
1837,2988
1837,3252
1837,3442
1838,1868
1838,1893
1838,2015
1838,2138
1838,2222
1838,2454
1838,2547
1838,2599
1838,2680
1838,2713
1838,2766
1838,2784
1838,2889
1838,3137
1838,3262
1838,3744
1838,3785
1838,3861
1838,3988
1838,4017
1839,2330
1839,2396
1839,2491
1839,2919
1839,3003
1839,3230
1839,3430
1839,3627
1839,3764
1839,3994
1840,2251
1840,2324
1840,2369
1840,2381
1840,3713
1841,1922
1841,2336
1841,2424
1841,2531
1841,2541
1841,2549
1841,2608
1841,2755
1841,2870
1841,3213
1841,3379
1841,3992
1842,1904
1842,1969
1842,2324
1842,2350
1842,2387
1842,2444
1842,2525
1842,2646
1842,2699
1842,2905
1842,3212
1842,3429
1842,3439
1842,3967
1843,3108
1843,3137
1843,3426
1843,3450
1843,3562
1843,3842
1844,1901
1844,1921
1844,2102
1844,2174
1844,2434
1844,2551
1844,2589
1844,2662
1844,3045
1844,3074
1844,3416
1844,3491
1844,3611
1844,3761
1845,1961
1845,2223
1845,2787
1845,2901
1845,3042
1845,3104
1845,3317
1845,3510
1845,3886
1846,1909
1846,2123
1846,2219
1846,2237
1846,2366
1846,2660
1846,2801
1847,2060
1847,2115
1847,2868
1847,2957
1847,2977
1847,3509
1847,3940
1847,4034
1848,2138
1848,2174
1848,2336
1848,2447
1848,2559
1848,2796
1848,2885
1848,2939
1848,2970
1848,3179
1849,1940
1849,2258
1849,2411
1849,2467
1849,2494
1849,2549
1849,2676
1849,2677
1849,3790
1849,3896
1850,2578
1850,2994
1850,3311
1850,3348
1850,3451
1850,3461
1850,3487
1851,1895
1851,1919
1851,2132
1851,2434
1851,2766
1851,3836
1851,3944
1851,3945
1851,3948
1851,3960
1852,1952
1852,2255
1852,2643
1852,2719
1852,2913
1852,3250
1852,3903
1853,1865
1853,1904
1853,2186
1853,2231
1853,2554
1853,2896
1853,3054
1853,3072
1853,3139
1853,3170
1853,3417
1853,4001
1854,2121
1854,2749
1854,2768
1854,2948
1854,3418
1854,3421
1854,3660
1854,3689
1854,3838
1855,1876
1855,2377
1855,2559
1855,2603
1855,2887
1855,3000
1856,2140
1856,2180
1856,2396
1856,2438
1856,2442
1856,2628
1856,2766
1856,2803
1856,2841
1856,2868
1856,2993
1856,3019
1856,3030
1856,3144
1856,3400
1856,3495
1856,3901
1857,2423
1857,2446
1857,2878
1857,2910
1857,2933
1857,2939
1857,3020
1857,3251
1858,1868
1858,1974
1858,2056
1858,2125
1858,2342
1858,2348
1858,2393
1858,2847
1858,2871
1858,3250
1858,3562
1858,3582
1858,3847
1858,3960
1859,2242
1859,2452
1859,2631
1859,2642
1859,2884
1859,2982
1859,3064
1859,3300
1860,2033
1860,2299
1860,2490
1860,2605
1860,2754
1860,2797
1860,2911
1860,3140
1860,3361
1860,3775
1860,3821
1861,1986
1861,2293
1861,2563
1861,2703
1861,2873
1861,3105
1861,3207
1861,3243
1861,3631
1861,3762
1861,3971
1862,2028
1862,2047
1862,2192
1862,2298
1862,2529
1862,2588
1862,2635
1862,2732
1862,2746
1862,2826
1862,2833
1862,3193
1862,3357
1862,3370
1862,3423
1862,3578
1862,3624
1862,3887
1862,4014
1863,1912
1863,2041
1863,2063
1863,2072
1863,2249
1863,2265
1863,2505
1863,2647
1863,2884
1863,3057
1863,3123
1863,3768
1863,3931
1864,1937
1864,1965
1864,2226
1864,2584
1864,2853
1864,3132
1865,1901
1865,2051
1865,2557
1865,2588
1865,3639
1865,4004
1866,1912
1866,2226
1866,2431
1866,3136
1866,3668
1866,3961
1867,2622
1867,2873
1867,3241
1867,3751
1867,3818
1867,3945
1868,2007
1868,2067
1868,2467
1868,2525
1868,2748
1868,3362
1868,3651
1868,3748
1868,3773
1868,3804
1868,3936
1868,4010
1869,2080
1869,2155
1869,2164
1869,2345
1869,2410
1869,2419
1869,2636
1869,2757
1869,2802
1869,2954
1869,3258
1869,3521
1869,3624
1869,3689
1870,1963
1870,1968
1870,2585
1870,2633
1870,2683
1870,3029
1870,3186
1870,3341
1870,3359
1870,3549
1870,3741
1870,3748
1870,3798
1871,2046
1871,2180
1871,2327
1871,2599
1871,3014
1871,3053
1871,3082
1871,3560
1871,4031
1872,2177
1872,3010
1872,3136
1872,3507
1872,3936
1873,2013
1873,2728
1873,2768
1873,2772
1873,3125
1873,3373
1873,3401
1873,3487
1873,3730
1873,3803
1874,1966
1874,2169
1874,2438
1874,2496
1874,2710
1874,3743
1874,3904
1874,4029
1875,1903
1875,2146
1875,2187
1875,2374
1875,2446
1875,2974
1875,3027
1875,3103
1875,3231
1875,3779
1876,1960
1876,2013
1876,2086
1876,2378
1876,2454
1876,2701
1876,2796
1876,2802
1876,2906
1876,2931
1876,2983
1876,3038
1876,3074
1876,3233
1876,3370
1876,3439
1876,3997
1877,1895
1877,1906
1877,2159
1877,2234
1877,2327
1877,2801
1877,2820
1877,2895
1877,2905
1877,3013
1877,3015
1877,3329
1877,3341
1877,3710
1878,2020
1878,2314
1878,2547
1878,2772
1878,3076
1878,3248
1878,3334
1878,3431
1878,3454
1878,3492
1878,3559
1878,3760
1878,3869
1878,4003
1879,2009
1879,2110
1879,2171
1879,2182
1879,2261
1879,2446
1879,3037
1879,3241
1879,3281
1879,3420
1879,3975
1880,2040
1880,2273
1880,2928
1880,3136
1880,3319
1880,3534
1880,3706
1880,3714
1880,3887
1880,3908
1880,4000
1881,1906
1881,1912
1881,1941
1881,2033
1881,2063
1881,2105
1881,2113
1881,2123
1881,2212
1881,2308
1881,2567
1881,2700
1881,2899
1881,3018
1881,3159
1881,3201
1881,3315
1881,3354
1881,3379
1881,3473
1881,3590
1881,3722
1882,2299
1882,2532
1882,2545
1882,2591
1882,3704
1882,3826
1882,3989
1883,1957
1883,2068
1883,2142
1883,2329
1883,2375
1883,2503
1883,2755
1883,2846
1883,3656
1884,1964
1884,2089
1884,2385
1884,2466
1884,2702
1884,2759
1884,2889
1884,3868
1884,4003
1885,2110
1885,2610
1885,2791
1885,3372
1885,3375
1885,3495
1885,3738
1885,4001
1886,2446
1886,2682
1886,2730
1886,3010
1886,3053
1886,3271
1886,3423
1886,3584
1886,3821
1886,4015
1887,1934
1887,2019
1887,2463
1887,2628
1887,2817
1887,3105
1887,3189
1887,3402
1887,3691
1887,3880
1887,4027
1888,1959
1888,2044
1888,2226
1888,2240
1888,2640
1888,2957
1888,3108
1888,3142
1888,3255
1889,2034
1889,2077
1889,2188
1889,2796
1889,2810
1889,2951
1889,3261
1889,3825
1889,3915
1890,2487
1890,2506
1890,2567
1890,2655
1890,2688
1890,2916
1890,3068
1890,3585
1890,3785
1891,1904
1891,2312
1891,3214
1891,3332
1891,3588
1891,3739
1892,1959
1892,2362
1892,2551
1892,2729
1892,2769
1892,2912
1892,3059
1892,3067
1892,3166
1892,3248
1892,3308
1892,3742
1892,3935
1893,1962
1893,1970
1893,2325
1893,2362
1893,2745
1893,2822
1893,3192
1893,3804
1894,2034
1894,2200
1894,2369
1894,2498
1894,3442
1894,3565
1895,1930
1895,2093
1895,2153
1895,2601
1895,2603
1895,2609
1895,2983
1895,3016
1895,3254
1895,3662
1895,3705
1895,3852
1896,2232
1896,2614
1896,2999
1896,3084
1896,3491
1896,3634
1896,3725
1897,1915
1897,1994
1897,2233
1897,2538
1897,2620
1897,2661
1897,2913
1897,2990
1897,3118
1897,3288
1897,3408
1897,3629
1897,3972
1898,2312
1898,2327
1898,2458
1898,2755
1898,2915
1898,2954
1898,3009
1898,3150
1898,3687
1899,2186
1899,2712
1899,3045
1899,3205
1899,3333
1900,2030
1900,2237
1900,2766
1900,2776
1900,2845
1900,3028
1900,3313
1900,3366
1900,3490
1900,3572
1900,3676
1900,3756
1900,3838
1901,2149
1901,2200
1901,2306
1901,2574
1901,2668
1901,2750
1901,2830
1901,3128
1901,3457
1901,3488
1902,2085
1902,2380
1902,2387
1902,2653
1902,2771
1902,3151
1902,3436
1902,3690
1902,3762
1903,2015
1903,2120
1903,2170
1903,2188
1903,2214
1903,2392
1903,2481
1903,2538
1903,2660
1903,2775
1903,2953
1903,3295
1903,3311
1903,3507
1903,3688
1904,2011
1904,2238
1904,2317
1904,2375
1904,2916
1904,2935
1904,2978
1904,3436
1904,3528
1905,1908
1905,1928
1905,2521
1905,2736
1905,3187
1905,3281
1905,3614
1905,3939
1906,2051
1906,2101
1906,2283
1906,2319
1906,2478
1906,2764
1906,3193
1906,3345
1906,3475
1906,3556
1907,1908
1907,1978
1907,2428
1907,2506
1907,2557
1907,2610
1907,2704
1907,2941
1907,3629
1907,3919
1908,1925
1908,2212
1908,2283
1908,3408
1908,3712
1909,1934
1909,2010
1909,2103
1909,2340
1909,2425
1909,2450
1909,2502
1909,2519
1909,2588
1909,2607
1909,2681
1909,2765
1909,2861
1909,2895
1909,2977
1909,3034
1909,3047
1909,3057
1909,3319
1909,3402
1910,2210
1910,2284
1910,2467
1910,2486
1910,2570
1910,2718
1910,2813
1910,3121
1910,3295
1910,4037
1911,1928
1911,2389
1911,2782
1911,3149
1911,3175
1911,3247
1911,3266
1911,3282
1911,3288
1911,3662
1911,3995
1912,2030
1912,2167
1912,2176
1912,2179
1912,2504
1912,2591
1912,2818
1912,2891
1912,2929
1912,3036
1912,3395
1912,3422
1912,3517
1912,3620
1912,3934
1913,2288
1913,2361
1913,2374
1913,2495
1913,2575
1913,2804
1913,2920
1913,3107
1913,3350
1913,3732
1913,3809
1914,2288
1914,2369
1914,2390
1914,2410
1914,2562
1914,2565
1914,2578
1914,2640
1914,2908
1914,3018
1914,3279
1914,3364
1914,3630
1914,3655
1915,2043
1915,2121
1915,2308
1915,2417
1915,2516
1915,2596
1915,2712
1915,3195
1915,3673
1916,2033
1916,2237
1916,2367
1916,2412
1916,2666
1916,2940
1916,3146
1916,3264
1916,3295
1916,3393
1916,3720
1917,1957
1917,2168
1917,2410
1917,2435
1917,2487
1917,2561
1917,2631
1917,3100
1917,3510
1917,3586
1917,3842
1918,2047
1918,2400
1918,2624
1918,2815
1918,2940
1918,3020
1918,3023
1918,3257
1918,3267
1918,3341
1918,3491
1918,3584
1918,3786
1919,1944
1919,2091
1919,2123
1919,2510
1919,2736
1919,2790
1919,3137
1919,3139
1919,3614
1919,3718
1919,3993
1920,2005
1920,2099
1920,2416
1920,2487
1920,2500
1920,2645
1920,3734
1920,3828
1920,3965
1921,2002
1921,2270
1921,2481
1921,2586
1921,2592
1921,2630
1921,3082
1921,3303
1921,3702
1921,3726
1922,2012
1922,2029
1922,2681
1922,3106
1922,3584
1923,2007
1923,2257
1923,2417
1923,2561
1923,2605
1923,2991
1923,3020
1923,3055
1923,3083
1923,3407
1923,3787
1923,3980
1924,1958
1924,2125
1924,2211
1924,2230
1924,2284
1924,2335
1924,2443
1924,2447
1924,2888
1924,3024
1924,3178
1924,3289
1924,3444
1924,3602
1924,4031
1925,1941
1925,2142
1925,2174
1925,2197
1925,2257
1925,2678
1925,2724
1925,2938
1925,3355
1925,3401
1925,3402
1925,3415
1925,3729
1926,2135
1926,2404
1926,2539
1926,2913
1926,3171
1926,3565
1926,3641
1926,3649
1926,3825
1927,2178
1927,2367
1927,2437
1927,2458
1927,2655
1927,2753
1927,3018
1927,3066
1927,3617
1928,1944
1928,2251
1928,2597
1928,2813
1928,2952
1928,3169
1928,3294
1928,3428
1928,3594
1928,3953
1929,2154
1929,2390
1929,2447
1929,2529
1929,2649
1929,3262
1929,3645
1929,3985
1930,1981
1930,2024
1930,2234
1930,2282
1930,2419
1930,2442
1930,2527
1930,2668
1930,2793
1930,3003
1930,3060
1930,3521
1930,3571
1931,1947
1931,1968
1931,2006
1931,2079
1931,2165
1931,2190
1931,2423
1931,2640
1931,2793
1931,2827
1931,2910
1931,3211
1931,3519
1931,3645
1931,3863
1932,2331
1932,2399
1932,2851
1932,3002
1932,3019
1932,3106
1932,3319
1932,3333
1932,3935
1933,2040
1933,2070
1933,2209
1933,2714
1933,3037
1933,3087
1933,3287
1933,4033
1934,2149
1934,3333
1935,2130
1935,2179
1935,2391
1935,2433
1935,2600
1935,2609
1935,2783
1935,2982
1935,3269
1935,3583
1935,3639
1936,2237
1936,2422
1936,2484
1936,2676
1936,2709
1936,2896
1936,3155
1936,3183
1936,3565
1936,3626
1936,3724
1936,3827
1937,1962
1937,1994
1937,2754
1937,2792
1937,2797
1937,3054
1937,3256
1937,3306
1937,3308
1937,3682
1937,3717
1937,3828
1937,3889
1938,2106
1938,2408
1938,2502
1938,2574
1938,2773
1938,3012
1938,3201
1938,3296
1938,3532
1938,3667
1938,3729
1938,3760
1938,3809
1939,2543
1939,3089
1939,3138
1939,3299
1939,3353
1939,3411
1939,3724
1940,1997
1940,2577
1940,2599
1940,2676
1940,2725
1940,2980
1940,3083
1940,3273
1940,3359
1940,3383
1940,3406
1940,3980
1940,4014
1941,2255
1941,2508
1941,2526
1941,2706
1941,2774
1941,2840
1941,2863
1941,3202
1941,3309
1941,3344
1941,3700
1941,3721
1941,3749
1941,3815
1942,1948
1942,2185
1942,2188
1942,2336
1942,2390
1942,2595
1942,2613
1942,2624
1942,2683
1942,2702
1942,2868
1942,2881
1942,3009
1942,3399
1942,3664
1942,3710
1942,3827
1942,3840
1942,3933
1942,3978
1943,2041
1943,2330
1943,2377
1943,2462
1943,2917
1943,3238
1943,3481
1943,3787
1943,3976
1944,2001
1944,2015
1944,2184
1944,2355
1944,2633
1944,2662
1944,3204
1944,3513
1944,3667
1945,2817
1945,2856
1945,3274
1945,3669
1945,3768
1945,3794
1945,3875
1946,2204
1946,2252
1946,2289
1946,2599
1946,2810
1946,3415
1946,3940
1946,3980
1947,2008
1947,2524
1947,2564
1947,2599
1947,3029
1947,3251
1947,3497
1948,2092
1948,2550
1948,2721
1948,2777
1948,2973
1948,3303
1949,2193
1949,2430
1949,2510
1949,2615
1949,2696
1949,2791
1949,2808
1949,2874
1949,2911
1949,2967
1949,3402
1949,3415
1950,2137
1950,2238
1950,2400
1950,2448
1950,2486
1950,2621
1950,2693
1950,2743
1950,3054
1950,3226
1950,3380
1950,3602
1950,3962
1950,4011
1951,2165
1951,2798
1951,2917
1952,2161
1952,2188
1952,2519
1952,2709
1952,2721
1952,3313
1952,3833
1953,2003
1953,2144
1953,2415
1953,2567
1953,2832
1953,3482
1953,3598
1953,3855
1953,3918
1954,2131
1954,2497
1954,2641
1954,2853
1954,2920
1954,2962
1954,3146
1954,3246
1954,3792
1955,2235
1955,2252
1955,2374
1955,2398
1955,2446
1955,2548
1955,2832
1955,3589
1955,3627
1955,3998
1955,4031
1956,2082
1956,2235
1956,2276
1956,2293
1956,2299
1956,2367
1956,2625
1956,2654
1956,2857
1956,3154
1956,3594
1957,2555
1957,3132
1957,3291
1958,1986
1958,2060
1958,2368
1958,2385
1958,2469
1958,2525
1958,2630
1958,2818
1958,2859
1958,2865
1958,2893
1958,3167
1958,3468
1958,3557
1958,3577
1959,2026
1959,2208
1959,2292
1959,2357
1959,2467
1959,2600
1959,2686
1959,2688
1959,2701
1959,2791
1959,2801
1959,3212
1959,3337
1959,3368
1959,3996
1960,2235
1960,2402
1960,2598
1960,2634
1960,2954
1960,2998
1960,3001
1960,3074
1960,3284
1960,3715
1960,3718
1960,3894
1960,3948
1961,2090
1961,2336
1961,3063
1961,3191
1961,3754
1961,4014
1961,4015
1962,2113
1962,2581
1962,2748
1962,2961
1962,3028
1962,3214
1962,3297
1962,3381
1962,3387
1962,3396
1962,3549
1962,3569
1962,3700
1962,3815
1963,2041
1963,2302
1963,2399
1963,2419
1963,2425
1963,2505
1963,2509
1963,2989
1963,3060
1963,3159
1963,3430
1963,3583
1963,3982
1964,2271
1964,2306
1964,2325
1964,2450
1964,2465
1964,2550
1964,2555
1964,2777
1964,3419
1964,3591
1964,3765
1965,2102
1965,2191
1965,2196
1965,2637
1965,2739
1965,2746
1965,3110
1965,3144
1965,3197
1965,3260
1965,3470
1965,3734
1965,3823
1965,3890
1966,1980
1966,2064
1966,2555
1966,2690
1966,2828
1966,3493
1967,1969
1967,2759
1967,3126
1967,3208
1967,3293
1967,3350
1967,3395
1967,3413
1967,3631
1967,4002
1968,1998
1968,2127
1968,2138
1968,2158
1968,2337
1968,2595
1968,2936
1968,3053
1968,3258
1968,3312
1968,3753
1969,2095
1969,2235
1969,2364
1969,2493
1969,2726
1969,2784
1969,2798
1969,2805
1969,3077
1969,3609
1969,3680
1970,1974
1970,2002
1970,2116
1970,2139
1970,2254
1970,2428
1970,2613
1970,3021
1970,3219
1970,3378
1970,3437
1970,3535
1970,4021
1971,2214
1971,2328
1971,2402
1971,2514
1971,3224
1971,3725
1972,2064
1972,2370
1972,2625
1972,2698
1972,2741
1972,2896
1972,3573
1973,2657
1973,2708
1973,2775
1973,2904
1973,3066
1973,3310
1973,3708
1973,3848
1974,2022
1974,2088
1974,2296
1974,2882
1974,2894
1974,3207
1974,3244
1974,3268
1974,3327
1974,3435
1974,3449
1974,3909
1974,3998
1975,2082
1975,2160
1975,2415
1975,2613
1975,2955
1975,2960
1975,3186
1975,3535
1975,3552
1975,3576
1975,3856
1975,3920
1976,2009
1976,2018
1976,2099
1976,2197
1976,2245
1976,2289
1976,2302
1976,2385
1976,2535
1976,3097
1976,3238
1976,3708
1977,2088
1977,2249
1977,2598
1977,2985
1977,3180
1977,3245
1977,3491
1977,3654
1977,3795
1977,3842
1977,4014
1978,2020
1978,2068
1978,2200
1978,2202
1978,2437
1978,2463
1978,2575
1978,2630
1978,2872
1978,2991
1978,3816
1979,2287
1979,2751
1979,2785
1979,3236
1979,3385
1979,3571
1979,3635
1979,3923
1980,2480
1980,2631
1980,2874
1980,3073
1981,2316
1981,2324
1981,2355
1981,2441
1981,2639
1981,2659
1981,2690
1981,2762
1981,2772
1981,2850
1981,3298
1981,3433
1981,3627
1981,3740
1981,4022
1982,2364
1982,2708
1982,2804
1982,3033
1982,3342
1982,3440
1982,3518
1982,3953
1983,2727
1983,3327
1983,3666
1983,3854
1984,2190
1984,2230
1984,2279
1984,2347
1984,2381
1984,2408
1984,2462
1984,2476
1984,2881
1984,2934
1984,2983
1984,3048
1984,3473
1984,3666
1984,3994
1985,2009
1985,2191
1985,2431
1985,2516
1985,2668
1985,3017
1985,3568
1986,2243
1986,2594
1986,2660
1986,3699
1986,3979
1986,4010
1987,2026
1987,2122
1987,2244
1987,2246
1987,3028
1987,3468
1987,3630
1987,3648
1987,3736
1987,3956
1988,2030
1988,2085
1988,2099
1988,2142
1988,2385
1988,2616
1988,2833
1988,3257
1988,3269
1988,3672
1988,3708
1989,2040
1989,2177
1989,2308
1989,2321
1989,2347
1989,2681
1989,2801
1989,3288
1989,3758
1990,2065
1990,2482
1990,2495
1990,3117
1990,3146
1990,3246
1991,2125
1991,2196
1991,2317
1991,3365
1991,3469
1991,3516
1991,3602
1991,3722
1991,4007
1992,2036
1992,2326
1992,2410
1992,2507
1992,2602
1992,2746
1992,2774
1992,2858
1992,3015
1992,3880
1992,3958
1993,2100
1993,2179
1993,2487
1993,2567
1993,2615
1993,2814
1993,2866
1993,2888
1993,3034
1993,3156
1993,3505
1993,3562
1993,3707
1993,3820
1993,3845
1994,2395
1994,2580
1994,2623
1994,2668
1994,2748
1994,2930
1994,3308
1994,3880
1994,4030
1995,2293
1995,2304
1995,2458
1995,2477
1995,2626
1995,3468
1995,3700
1996,2178
1996,2346
1996,2352
1996,2424
1996,2567
1996,2839
1996,3363
1996,3869
1997,2052
1997,2141
1997,2648
1997,2704
1997,2787
1997,3153
1997,3449
1997,3867
1998,2071
1998,2234
1998,2419
1998,2895
1998,3037
1998,3581
1998,3589
1998,3746
1999,2249
1999,2395
1999,2443
1999,2654
1999,3080
1999,3456
1999,3461
1999,3493
1999,3569
1999,3843
2000,2175
2000,2207
2000,2272
2000,2319
2001,2082
2001,2103
2001,2185
2001,2277
2001,2551
2001,2576
2001,2659
2001,2681
2001,2813
2001,3015
2001,3016
2001,3185
2001,3218
2001,3494
2001,3641
2001,3945
2001,3996
2002,2061
2002,2104
2002,2261
2002,2285
2002,2452
2002,2958
2002,3024
2002,3330
2003,2356
2003,2402
2003,2646
2003,2675
2003,3048
2003,3478
2003,3545
2003,3903
2004,2157
2004,2159
2004,2193
2004,2480
2004,2756
2004,3132
2004,3191
2004,3481
2005,2035
2005,2246
2005,2269
2005,2311
2005,2341
2005,2401
2005,2622
2005,3206
2005,3269
2005,3348
2005,3377
2006,2082
2006,2085
2006,2396
2006,2533
2006,2946
2006,3084
2006,3412
2006,3597
2006,3792
2007,2072
2007,2855
2007,3162
2007,3402
2007,3997
2008,2149
2008,2177
2008,2205
2008,2247
2008,3518
2008,3708
2008,3991
2009,2014
2009,2079
2009,2217
2009,2334
2009,3066
2009,3185
2009,3189
2009,3240
2009,3242
2009,3569
2010,2315
2010,2743
2010,2827
2010,2834
2010,2937
2010,3025
2010,3194
2010,3310
2010,3624
2011,2237
2011,2511
2011,2682
2011,2688
2011,2714
2011,2954
2011,2994
2011,3177
2011,3758
2011,3935
2012,2029
2012,2427
2012,2564
2012,3372
2013,2392
2013,2656
2013,2723
2013,2935
2013,2943
2013,3040
2013,3524
2013,3626
2013,3729
2013,3925
2013,3961
2014,2091
2014,2404
2014,3106
2014,3214
2015,2575
2015,2627
2015,2635
2015,3013
2015,3118
2015,3337
2015,3550
2015,3751
2015,3952
2016,2534
2016,2724
2016,2740
2016,2778
2016,2818
2016,2826
2016,2974
2016,3148
2016,3654
2017,2067
2017,2334
2017,2389
2017,2521
2017,2544
2017,2566
2017,2716
2017,2797
2017,2838
2017,3111
2017,3247
2017,3294
2017,3331
2017,3343
2017,3412
2017,3618
2017,3849
2018,2424
2018,2831
2018,2915
2018,3070
2018,3129
2018,3352
2018,3467
2018,3487
2019,2189
2019,2223
2019,2225
2019,2262
2019,3032
2019,3458
2019,3840
2019,3851
2019,3938
2019,3945
2020,2089
2020,2325
2020,2397
2020,2512
2020,3225
2020,3448
2020,3702
2020,3849
2020,3984
2021,2091
2021,2225
2021,2692
2021,3721
2021,3808
2021,3889
2022,2112
2022,2357
2022,2566
2022,2665
2022,2673
2022,2708
2022,2746
2022,3085
2022,3212
2022,3811
2022,3841
2023,2139
2023,2156
2023,2386
2023,2406
2023,2521
2023,2606
2023,2914
2023,2979
2023,3224
2023,3286
2023,3388
2023,3812
2023,3858
2023,3941
2024,2330
2024,2551
2024,2570
2024,2850
2024,2900
2024,2921
2024,2950
2024,2957
2024,3252
2024,3401
2024,3803
2025,2050
2025,2081
2025,2498
2025,2566
2025,2579
2025,2667
2025,3288
2025,3405
2025,3433
2025,3792
2026,2071
2026,2822
2026,2915
2026,4007
2027,2190
2027,2267
2027,2587
2027,2735
2027,2835
2027,2968
2027,3102
2027,3330
2027,3377
2027,3629
2027,3656
2027,3664
2027,3791
2027,3800
2027,3870
2027,3946
2027,3963
2028,2160
2028,2259
2028,2284
2028,2322
2028,2405
2028,2420
2028,2487
2028,2488
2028,2613
2028,2860
2028,2975
2028,3042
2028,3093
2029,2430
2029,2507
2029,2535
2029,2792
2029,2834
2029,2861
2029,3025
2029,3681
2029,3906
2030,2282
2030,2376
2030,2635
2030,2664
2030,2698
2030,2754
2030,2863
2030,3045
2030,3520
2030,3727
2030,3857
2030,3862
2031,2187
2031,2437
2031,2981
2031,3035
2031,3111
2031,3311
2031,3960
2031,4015
2032,2316
2032,2933
2032,2956
2032,3275
2032,3459
2032,3601
2032,3778
2032,3784
2033,2171
2033,2174
2033,2675
2033,2850
2033,3063
2033,3090
2034,2057
2034,2338
2034,2460
2034,2893
2034,2990
2034,3120
2034,3135
2034,3184
2034,3350
2034,3419
2035,2263
2035,2338
2035,2550
2035,2937
2035,3135
2035,3212
2035,3443
2035,3615
2035,3644
2036,2296
2036,2426
2036,2504
2036,2598
2036,2815
2036,3876
2037,2464
2037,2741
2037,2975
2037,3175
2037,3663
2037,4022
2037,4032
2038,2061
2038,2800
2038,2909
2038,3091
2038,3170
2038,3178
2038,3228
2038,3491
2038,3785
2038,4006
2039,2060
2039,2073
2039,2085
2039,2145
2039,2348
2039,2468
2039,2547
2039,2823
2039,2949
2039,3205
2039,3469
2039,3515
2039,3571
2039,3854
2039,3945
2040,2208
2040,2235
2040,2273
2040,2387
2040,2728
2040,3061
2040,3114
2040,3333
2040,3339
2040,3785
2040,3880
2040,3918
2041,2176
2041,2378
2041,2586
2041,2636
2041,2655
2041,3134
2041,3427
2041,3688
2041,3864
2041,3916
2042,2135
2042,2197
2042,2448
2042,2532
2042,2633
2042,2784
2042,2786
2042,3132
2042,3335
2042,3436
2042,3696
2042,3830
2043,2056
2043,2064
2043,2068
2043,2404
2043,2457
2043,2825
2043,3599
2043,3658
2043,3721
2044,2070
2044,2187
2044,2262
2044,2409
2044,2452
2044,2493
2044,2622
2044,2845
2044,3148
2044,3227
2044,3312
2044,3331
2044,3436
2044,3469
2044,3503
2044,3925
2045,2101
2045,2240
2045,2662
2045,2666
2045,2981
2045,3009
2045,3287
2045,3455
2045,3914
2045,3966
2046,2563
2046,2653
2046,2838
2046,2856
2046,3011
2047,2073
2047,2118
2047,2127
2047,2214
2047,2337
2047,2899
2047,3882
2048,2209
2048,2332
2048,2574
2048,3003
2048,3473
2048,3650
2048,3658
2048,3659
2048,3692
2049,2320
2049,2332
2049,2506
2049,2931
2049,2957
2049,3023
2049,3078
2049,3373
2049,3553
2049,3610
2049,3651
2049,3708
2050,2295
2050,2304
2050,2437
2050,2542
2050,3043
2050,3234
2050,3248
2050,3750
2050,3789
2051,2331
2051,2455
2051,2571
2051,2593
2051,3039
2051,3117
2051,3529
2051,3644
2051,3829
2052,2235
2052,2483
2052,2674
2052,2924
2052,3405
2052,3644
2052,3916
2053,2151
2053,2155
2053,2572
2053,2574
2053,2578
2053,2707
2053,2745
2053,2785
2053,3082
2053,3368
2053,3656
2053,3712
2053,3937
2054,2275
2054,2445
2054,2952
2054,3090
2054,3294
2054,3439
2054,3471
2054,4024
2055,3988
2056,2214
2056,2699
2056,2873
2056,3073
2056,3642
2056,3941
2056,3969
2056,3996
2057,2229
2057,2601
2057,2772
2057,3366
2057,3674
2058,2317
2058,2339
2058,2390
2058,2426
2058,2511
2058,3229
2058,3296
2058,3562
2058,3703
2058,3748
2058,3968
2059,2103
2059,2984
2059,3056
2059,3325
2059,3386
2059,3804
2060,2207
2060,2645
2060,2706
2060,3193
2060,3865
2060,3925
2061,2142
2061,2581
2061,2601
2061,3200
2061,3443
2062,2692
2062,3235
2062,3386
2062,3688
2062,3802
2063,2168
2063,2719
2063,3026
2063,3693
2063,3735
2063,3861
2064,2193
2064,2405
2064,2446
2064,2518
2064,3157
2064,3197
2064,3212
2064,3311
2064,3340
2064,3380
2065,2222
2065,2244
2065,2251
2065,2473
2065,2556
2065,2809
2065,3274
2065,3513
2066,2096
2066,2763
2066,3265
2066,3367
2066,3378
2066,3392
2066,3550
2067,2081
2067,2252
2067,2601
2067,2863
2067,2965
2067,3294
2067,3479
2067,3503
2067,3965
2068,2125
2068,2547
2068,2828
2068,3158
2068,3253
2068,3417
2068,3718
2068,3727
2068,3921
2069,2238
2069,2384
2069,2675
2069,2867
2069,3753
2070,2133
2070,2162
2070,2173
2070,2200
2070,2358
2070,2389
2070,2545
2070,2609
2070,2691
2070,2783
2070,2862
2070,3125
2070,3127
2070,3209
2070,3276
2071,2110
2071,2112
2071,2183
2071,2360
2071,2361
2071,2362
2071,2724
2071,2777
2071,3098
2071,3460
2071,3506
2071,3535
2071,3816
2072,2085
2072,2175
2072,2228
2072,2231
2072,2279
2072,2344
2072,2516
2072,2647
2072,2777
2072,3002
2072,3201
2072,3445
2072,3737
2073,2942
2073,3140
2073,3399
2073,3608
2073,4036
2074,2291
2074,2294
2074,2634
2074,2748
2074,2954
2074,2989
2074,2990
2074,3003
2074,3143
2074,3230
2074,3361
2074,3441
2074,3610
2074,3732
2074,3813
2074,4009
2075,2281
2075,2558
2075,2641
2075,2721
2075,2730
2075,2847
2075,2905
2075,3053
2075,3131
2075,3264
2075,3286
2075,3651
2075,3678
2075,3695
2076,2223
2076,2328
2076,2628
2076,2650
2076,2721
2076,3851
2076,3891
2076,4023
2077,2291
2078,2081
2078,2311
2078,2515
2078,2536
2078,2738
2078,3130
2078,3173
2078,3220
2078,3423
2078,3815
2078,3845
2078,4016
2079,2205
2079,2317
2079,2456
2079,2555
2079,2636
2079,2753
2079,2880
2079,3083
2079,3417
2079,3725
2079,3892
2080,2269
2080,2282
2080,2704
2080,2902
2080,3101
2080,3780
2081,2380
2081,2572
2081,2593
2081,2784
2081,2900
2081,3240
2081,3301
2081,3493
2081,3846
2082,2133
2082,2414
2082,2473
2082,2502
2082,2575
2082,2710
2082,2756
2082,2880
2082,3144
2082,3329
2082,3597
2082,3621
2082,3705
2082,3788
2083,2324
2083,2389
2083,2972
2083,3108
2083,3121
2083,3774
2083,4032
2084,2210
2084,2348
2084,2384
2084,2473
2084,2512
2084,2603
2084,2787
2084,2827
2084,3072
2084,3107
2084,3160
2084,3260
2084,3330
2084,3556
2085,2205
2085,2307
2085,2930
2085,2979
2085,3012
2085,3013
2085,3056
2085,3214
2085,3233
2085,3373
2085,3681
2085,3981
2086,2150
2086,2203
2086,2255
2086,2346
2086,2392
2086,2543
2086,2714
2086,2829
2086,2926
2086,2965
2086,3105
2086,3654
2086,3679
2087,2201
2087,2372
2087,3081
2087,3327
2088,2246
2088,2810
2088,2945
2088,3804
2089,2273
2089,2323
2089,2453
2089,2676
2089,2961
2089,3084
2089,3308
2089,3352
2089,3712
2089,3978
2089,4007
2089,4036
2090,2107
2090,2346
2090,2432
2090,2617
2090,2623
2090,2634
2090,2877
2090,3073
2090,3130
2090,3309
2090,3443
2090,3449
2090,3494
2090,3753
2090,3802
2091,2161
2091,2166
2091,2518
2091,2597
2091,3433
2091,3683
2092,2113
2092,2505
2092,2558
2092,2853
2092,3067
2092,3152
2092,3181
2092,3591
2092,3598
2093,2202
2093,2284
2093,2329
2093,2685
2093,2713
2093,2873
2093,2890
2093,3056
2093,3648
2093,4020
2094,2150
2094,2582
2094,2801
2094,3484
2094,3567
2094,3637
2094,3695
2095,2478
2095,2941
2095,3122
2095,3250
2095,3683
2095,3782
2095,3787
2095,3988
2096,2177
2096,2286
2096,2824
2096,3052
2097,2622
2097,2859
2097,3165
2097,3304
2097,3336
2097,3649
2097,3674
2098,2114
2098,2248
2098,2326
2098,2644
2098,3015
2098,3048
2098,3413
2098,3833
2099,2631
2099,2696
2099,3389
2099,3970
2100,2528
2100,2542
2100,3062
2100,3191
2100,3724
2100,3979
2101,2138
2101,2226
2101,2304
2101,2626
2101,2679
2101,2761
2101,3005
2101,3481
2101,3581
2101,3804
2101,3963
2102,2471
2102,3058
2102,3251
2103,2566
2103,2696
2103,2703
2103,2750
2103,3130
2103,3662
2103,3797
2103,3876
2104,2641
2104,2712
2104,3075
2104,3524
2105,2292
2105,2651
2105,2738
2105,3899
2106,2163
2106,3118
2106,3148
2106,4032
2107,2178
2107,2347
2107,2375
2107,2425
2107,2547
2107,2613
2107,2794
2107,3221
2107,3292
2107,3440
2107,3460
2107,3549
2107,3590
2107,3905
2107,3982
2108,2318
2108,2803
2108,3100
2108,3286
2108,3488
2108,3723
2108,3810
2109,2150
2109,2652
2109,2700
2109,2866
2109,2878
2109,3049
2109,3258
2109,3509
2109,3694
2110,2379
2110,2406
2110,2466
2110,2562
2111,2156
2111,2183
2111,2220
2111,2238
2111,2368
2111,2621
2111,2860
2111,3341
2111,3474
2111,3572
2111,3612
2111,3638
2111,3659
2111,3742
2112,3040
2112,3241
2112,3575
2113,2149
2113,2285
2113,2409
2113,2428
2113,2449
2113,2632
2113,2709
2113,2885
2113,2991
2113,3014
2113,3033
2113,3048
2113,3139
2113,3258
2113,3274
2113,3382
2113,3457
2113,3511
2113,3603
2113,3980
2114,2482
2114,2667
2114,2729
2114,3013
2114,3860
2114,3884
2114,3988
2115,2155
2115,2350
2115,2724
2115,2762
2115,2947
2115,3235
2115,3836
2116,2273
2116,2390
2116,2459
2116,2474
2116,2872
2116,3238
2116,3481
2116,3962
2117,2524
2117,2623
2117,2874
2117,2890
2117,3247
2117,3744
2118,2202
2118,2220
2118,2297
2118,2604
2118,2833
2118,2855
2118,2877
2118,2928
2118,2969
2118,3086
2118,3132
2118,3338
2118,3483
2118,3612
2118,3617
2118,3865
2119,2186
2119,2222
2119,2434
2119,2538
2119,2912
2119,3666
2119,3950
2120,2271
2120,2462
2120,2477
2121,2139
2121,2408
2121,2545
2121,2878
2121,2920
2121,3159
2121,3164
2121,3347
2122,2365
2122,2600
2122,2699
2122,3094
2122,3247
2122,3380
2122,3657
2122,3664
2122,3668
2122,3711
2122,3914
2123,2732
2123,2893
2123,3691
2124,2525
2124,2787
2124,2953
2124,3089
2124,3898
2125,2146
2125,2294
2125,2454
2125,2676
2125,2928
2125,3542
2126,2152
2126,2266
2126,2428
2126,2597
2126,2684
2126,2803
2126,2936
2126,3392
2126,3445
2126,3693
2127,2571
2127,2987
2127,3418
2127,3543
2127,3932
2127,3964
2128,2581
2128,2700
2128,2722
2128,2937
2128,3581
2129,2621
2129,3863
2129,3948
2129,3973
2130,2746
2130,3154
2130,3156
2130,3458
2130,3503
2130,3721
2131,2856
2131,2885
2131,3019
2131,3495
2131,3765
2131,3905
2131,3932
2132,2136
2132,2329
2132,2734
2132,3381
2132,3829
2132,3831
2132,4017
2133,2193
2133,2293
2133,2368
2133,2426
2133,2590
2133,2844
2133,2859
2133,3301
2133,4013
2134,2252
2134,2355
2134,2444
2134,2491
2134,2610
2134,2854
2134,2899
2134,2986
2134,3479
2134,3622
2134,3706
2134,3913
2134,4022
2135,2278
2135,2328
2135,2606
2135,2765
2135,2790
2135,3556
2135,3574
2136,2146
2136,2701
2136,2702
2136,2908
2136,3889
2137,2167
2137,2237
2137,2320
2137,2479
2137,2551
2137,3088
2137,3182
2137,3236
2137,3339
2137,3547
2137,3565
2138,3090
2138,3105
2138,3150
2138,3316
2139,2182
2139,2470
2139,2735
2139,2847
2139,3220
2139,3346
2139,3415
2139,3493
2139,3495
2140,2148
2140,2253
2140,2349
2140,2686
2140,2750
2140,2809
2140,2978
2140,2993
2140,3231
2141,2180
2141,2182
2141,2368
2141,2565
2141,2591
2141,2927
2141,3010
2141,3103
2141,3218
2141,3305
2141,3619
2141,3640
2142,2225
2142,3056
2142,3474
2142,3540
2143,2156
2143,2199
2143,2308
2143,2750
2143,2917
2143,2956
2143,3006
2143,3321
2143,3779
2143,4026
2144,2663
2144,2874
2144,3108
2144,3377
2144,3703
2144,3879
2144,3948
2144,4000
2145,2478
2145,2541
2145,2691
2145,2737
2145,2830
2145,2887
2145,3085
2145,3336
2145,3511
2145,3644
2145,3877
2145,3893
2145,3969
2145,3982
2145,4010
2146,2313
2146,2374
2146,3080
2146,3222
2146,3467
2146,3556
2146,3598
2146,3658
2146,3918
2147,2219
2147,2687
2147,3102
2147,3448
2147,3546
2148,2150
2148,2275
2148,2470
2148,2982
2148,3429
2148,3524
2149,2201
2149,2273
2149,2789
2149,3021
2149,3779
2149,4024
2150,2368
2150,3488
2150,3535
2150,3742
2151,2394
2151,2560
2151,2608
2151,3419
2151,3536
2151,3663
2151,3699
2151,3834
2151,3955
2152,2646
2152,2717
2152,2726
2152,3078
2152,3299
2152,3932
2153,2512
2153,2677
2153,3851
2153,3896
2154,2472
2154,2503
2154,2709
2154,2912
2154,2997
2154,3087
2154,3100
2154,3200
2154,3358
2154,3452
2154,3461
2154,3469
2154,3682
2155,2261
2155,2588
2155,2934
2155,3142
2155,3208
2155,3224
2155,3505
2155,3531
2155,3644
2155,3733
2155,3959
2155,4015
2156,2224
2156,2429
2156,2484
2156,2660
2156,2857
2156,2949
2156,3055
2156,3097
2156,3151
2156,3233
2156,3575
2156,3963
2156,3972
2157,2320
2157,2905
2157,3661
2158,2397
2158,2455
2158,2536
2158,2560
2158,3209
2158,3467
2158,3601
2158,4024
2158,4036
2159,2185
2159,2320
2159,2364
2159,2409
2159,2807
2159,3013
2159,3215
2159,3250
2159,3263
2159,3498
2159,3568
2160,2897
2160,2919
2160,3111
2160,3143
2160,3163
2160,3325
2160,3386
2160,3812
2160,3828
2160,3873
2161,2364
2161,2753
2161,2889
2161,2976
2161,2984
2161,3060
2161,3077
2161,3286
2161,3505
2161,3663
2161,4006
2162,2185
2162,2305
2162,2341
2162,2396
2162,2484
2162,2530
2162,2882
2162,3024
2162,3643
2162,3903
2162,3912
2163,2490
2163,2706
2163,2798
2163,2914
2163,2940
2163,3490
2163,3497
2163,3739
2163,4032
2164,2310
2164,2345
2164,2410
2164,2605
2164,2694
2164,2764
2164,3032
2164,3213
2164,3525
2164,3614
2164,3881
2164,3931
2165,2550
2165,2602
2165,2626
2165,2890
2165,3305
2165,3396
2165,3491
2165,3813
2166,2432
2166,2585
2166,2986
2166,3083
2166,3815
2166,3875
2167,2401
2167,3118
2167,3294
2167,3605
2168,2190
2168,2213
2168,2673
2168,2692
2168,2821
2168,3066
2168,3367
2168,3396
2168,3564
2169,2250
2169,2289
2169,2338
2169,2506
2169,2722
2169,3462
2169,3736
2170,2671
2170,2808
2170,2914
2170,3263
2170,3367
2170,3384
2170,3676
2170,3820
2171,2295
2171,2317
2171,2414
2171,2799
2171,3306
2171,3723
2171,3990
2171,3995
2172,2567
2172,2655
2172,3021
2172,3602
2173,2183
2173,2393
2174,2393
2174,2489
2174,2747
2174,2968
2174,3148
2174,3172
2174,3195
2174,3473
2174,3891
2175,2754
2175,3129
2175,3919
2176,2274
2176,2529
2176,2744
2176,2767
2176,3375
2176,3763
2176,3795
2176,3808
2177,2289
2177,2407
2177,2785
2177,2898
2177,2941
2177,3532
2177,3857
2178,2458
2178,2671
2178,2750
2178,2830
2178,2972
2178,3024
2178,3068
2178,3086
2178,3709
2178,4015
2179,2238
2179,2287
2179,2657
2179,2754
2179,2891
2179,3013
2179,3153
2179,3564
2179,3754
2179,3881
2180,2221
2180,2638
2180,2697
2180,2933
2180,3195
2180,3607
2180,3722
2180,3767
2180,3832
2180,3846
2180,3948
2181,2224
2181,2228
2181,2498
2181,2805
2181,3549
2181,3654
2181,3710
2181,3803
2181,3978
2182,2388
2182,2515
2182,2532
2182,2906
2182,3037
2182,3112
2182,3224
2182,3670
2183,2356
2183,2647
2183,2740
2183,3031
2183,3443
2184,2197
2184,2207
2184,2348
2184,2517
2184,2573
2184,3068
2184,3127
2184,3256
2184,3334
2184,3592
2184,3684
2185,2305
2185,2381
2185,2484
2185,2548
2185,2586
2185,2672
2185,2882
2185,2993
2185,3143
2186,3055
2186,3709
2186,3730
2186,3788
2187,2791
2187,3453
2187,3491
2187,3586
2187,3710
2188,2677
2188,2769
2188,3094
2188,3932
2189,2196
2189,2252
2189,2638
2189,2827
2189,3227
2189,3296
2189,3320
2189,3388
2189,3436
2189,3462
2189,3525
2189,3863
2189,3868
2189,3924
2189,4014
2190,2254
2190,2515
2190,3124
2190,3194
2190,3196
2190,3337
2190,3500
2190,3695
2190,3792
2191,2244
2191,2599
2191,2740
2191,2821
2191,3140
2191,3190
2191,3503
2191,3859
2192,2274
2192,2858
2192,3052
2192,3218
2192,3310
2192,3817
2193,2521
2193,3918
2193,4033
2194,2196
2194,2218
2194,2222
2194,2311
2194,2605
2194,2793
2194,3069
2194,3277
2194,3362
2194,3422
2194,3699
2194,3779
2194,3831
2194,3917
2194,3939
2195,2237
2195,2400
2195,2864
2195,2910
2195,3005
2195,3014
2195,3834
2195,3886
2196,2793
2196,2916
2196,2986
2196,3164
2196,3391
2197,2792
2197,2887
2197,3296
2197,3649
2198,3244
2198,3276
2198,3283
2198,3306
2198,3398
2198,3569
2198,3883
2199,2339
2199,2552
2199,2570
2199,2877
2199,2975
2199,3958
2200,2409
2200,2495
2200,2560
2200,2569
2200,2678
2200,3142
2200,3157
2200,3229
2200,3288
2200,3336
2200,3384
2200,3543
2200,3711
2200,3980
2200,4035
2201,2266
2201,2297
2201,2314
2201,2689
2201,3134
2201,3192
2201,3438
2201,3844
2202,2835
2202,3000
2202,3080
2202,3564
2202,3566
2202,3625
2202,3706
2202,3746
2202,3763
2202,3984
2203,2821
2203,2930
2203,3084
2203,3128
2203,3218
2203,3315
2203,3403
2203,3510
2203,3631
2203,3743
2203,3979
2203,3981
2204,2760
2204,3305
2204,3427
2205,2839
2205,3210
2205,3774
2206,2487
2206,3030
2206,3143
2206,3380
2206,3783
2206,3910
2207,2325
2207,2329
2207,2341
2207,2382
2207,2414
2207,2445
2207,2464
2207,2530
2207,2697
2207,2914
2207,3020
2207,3171
2207,3222
2207,3374
2207,3492
2208,2354
2208,2392
2208,3044
2208,3834
2208,3922
2209,2501
2209,2661
2209,3082
2209,3129
2209,3215
2209,3675
2210,2457
2210,2552
2210,2821
2210,3099
2210,3247
2210,3485
2210,3734
2211,2230
2211,2232
2211,2339
2211,2602
2211,2630
2211,2728
2211,2729
2211,2773
2211,3501
2211,3552
2211,3853
2211,4027
2212,2330
2212,2537
2212,2698
2212,2771
2212,2772
2212,2850
2212,2921
2212,2930
2212,3229
2212,3520
2212,3654
2212,3760
2213,2278
2213,2289
2213,2478
2213,2511
2213,2876
2213,3623
2214,2461
2214,2620
2214,2647
2214,2730
2214,2801
2214,2859
2214,2884
2214,3044
2214,3184
2214,3371
2214,3446
2214,3638
2214,3706
2214,3784
2214,3859
2214,4004
2215,2264
2215,2458
2215,2581
2215,2933
2215,3176
2215,3466
2215,3881
2215,3989
2216,2545
2216,2852
2216,2959
2216,3269
2216,3546
2216,3561
2217,2687
2217,2688
2217,2926
2217,3005
2217,3322
2217,3470
2217,3488
2217,3586
2217,3632
2217,3650
2217,3819
2217,3887
2217,3940
2218,2231
2218,2562
2218,2599
2218,2853
2218,3077
2218,3374
2218,3502
2218,3583
2218,3811
2219,2224
2219,2287
2219,2312
2219,2407
2219,2714
2219,2760
2219,2948
2219,2991
2219,3343
2219,3442
2219,3515
2219,3730
2220,2514
2220,2596
2220,2725
2220,3168
2220,3202
2220,3253
2220,3606
2220,3852
2221,2269
2221,2315
2221,2514
2221,3013
2221,3606
2221,3648
2221,3885
2221,3997
2222,2239
2222,2352
2222,2407
2222,2410
2222,2418
2222,2455
2222,2937
2222,2997
2222,3671
2222,3971
2223,2235
2223,2294
2223,2363
2223,2771
2223,2899
2223,3148
2223,3217
2223,3369
2224,2584
2224,3369
2224,3704
2224,3864
2224,3913
2224,4021
2225,2244
2225,2682
2225,2812
2225,3026
2225,3045
2225,3126
2225,3576
2225,3720
2226,2586
2226,3440
2226,3480
2226,3519
2226,3668
2226,3822
2226,3957
2226,4015
2227,2300
2227,2448
2227,2504
2227,2508
2227,2552
2227,2597
2227,2801
2227,2850
2227,2883
2227,2957
2227,3698
2227,3916
2227,3944
2228,2440
2228,2809
2228,2813
2228,3604
2228,3808
2229,2275
2229,2679
2229,2795
2229,3170
2229,3960
2230,2321
2230,2452
2230,2844
2230,3120
2230,3403
2231,2431
2231,3427
2231,3824
2231,3866
2232,2456
2232,2752
2232,2777
2232,2975
2232,3011
2232,3110
2232,3579
2232,3641
2232,3723
2232,3730
2233,2271
2233,2415
2233,2419
2233,2540
2233,2654
2233,2705
2233,3335
2234,2283
2234,2285
2234,2559
2234,2684
2234,3384
2234,3418
2234,3512
2234,3555
2235,2539
2235,2680
2235,2810
2235,2971
2235,3515
2235,3594
2236,2304
2236,2452
2236,2487
2236,2863
2236,3012
2236,3143
2236,3350
2236,3617
2236,3799
2236,3994
2237,2734
2237,2851
2237,3442
2237,3505
2237,3761
2237,3763
2238,2310
2238,2485
2238,2553
2238,3041
2238,3752
2239,2469
2239,2514
2239,2656
2239,2819
2239,3138
2239,3320
2239,3551
2240,2720
2240,3544
2240,3775
2241,2289
2241,2503
2241,2604
2241,2641
2241,2955
2241,2965
2241,2992
2241,3063
2241,3101
2241,3252
2241,3282
2241,3562
2241,3691
2242,3061
2242,3473
2242,3633
2242,3732
2242,3791
2242,3842
2243,2320
2243,2338
2243,2547
2243,2671
2243,2970
2243,3026
2243,3332
2243,3818
2244,2352
2244,2365
2244,2374
2244,2489
2244,3092
2244,3466
2244,3753
2244,3900
2244,3965
2245,2449
2245,2575
2245,2624
2245,2730
2245,3208
2245,3287
2245,3296
2245,3507
2245,3587
2245,3638
2245,3667
2245,3888
2246,2426
2246,2472
2246,3029
2246,3045
2246,3362
2246,3436
2246,3452
2246,3905
2247,3035
2247,3057
2247,3139
2248,2310
2248,2369
2248,2687
2248,3347
2248,3385
2248,3419
2248,3485
2248,3497
2248,3683
2248,3705
2248,3998
2249,2562
2249,2970
2249,3035
2249,3042
2250,2320
2250,2357
2250,2534
2250,2833
2250,2901
2250,3070
2250,3148
2250,3232
2250,3514
2250,3857
2251,2458
2251,2506
2251,3321
2251,3562
2251,3914
2251,3995
2252,2321
2252,2617
2252,2711
2252,2818
2253,2458
2253,2651
2253,3293
2253,3633
2254,2334
2254,2403
2254,2415
2254,2423
2254,2564
2254,2789
2254,2795
2254,2816
2254,3588
2254,3773
2254,3822
2255,2326
2255,2736
2255,3548
2255,3592
2256,2466
2256,2509
2256,2789
2256,3008
2256,3253
2256,3801
2256,3976
2257,3303
2257,3333
2258,2637
2258,2889
2258,3199
2258,3758
2258,3845
2258,3933
2259,2474
2259,2656
2259,2846
2259,3033
2259,3248
2259,3371
2259,4028
2260,2712
2260,2765
2260,2782
2260,2972
2260,3059
2260,3598
2260,4036
2261,2322
2261,2451
2261,2920
2261,3127
2261,3218
2261,3276
2261,3281
2261,3302
2261,3475
2261,3497
2261,3553
2262,2853
2262,3858
2262,4023
2263,2297
2263,2568
2263,2648
2263,3430
2263,3909
2263,3982
2264,2280
2264,2328
2264,2866
2264,3010
2264,3567
2264,3655
2264,3981
2264,3985
2265,2365
2265,2680
2265,3454
2265,3501
2265,3815
2266,2281
2266,2310
2266,2324
2266,2669
2266,2734
2266,2757
2266,2798
2266,3036
2266,3114
2266,3563
2266,3593
2267,3048
2267,3503
2267,3527
2267,3842
2268,2334
2268,2379
2268,2569
2268,3187
2268,3541
2268,3550
2268,3603
2268,3722
2268,4001
2269,2534
2269,2967
2269,3304
2269,3768
2269,3902
2270,3174
2270,3180
2270,3460
2270,3672
2270,3806
2271,2368
2271,2494
2271,2907
2271,3003
2271,3079
2271,3332
2272,2467
2272,2477
2272,2727
2272,2730
2272,3117
2272,3586
2272,3611
2272,3808
2272,3962
2272,4026
2273,2575
2273,2868
2273,3253
2273,3560
2273,3597
2273,3641
2273,3739
2273,3784
2274,2946
2274,3043
2274,3244
2275,2351
2275,2762
2275,2863
2275,3380
2276,2283
2276,2298
2276,2352
2276,2519
2276,2612
2276,2923
2276,3433
2276,3445
2276,3456
2276,3626
2277,2523
2277,2579
2277,2601
2277,2604
2277,2949
2277,3181
2277,3193
2277,3454
2277,3979
2278,2833
2278,3162
2278,3757
2278,3804
2278,3867
2279,2335
2279,2832
2279,2957
2279,3851
2280,2566
2280,3104
2280,3335
2281,2487
2281,2528
2281,2565
2281,2772
2281,3016
2281,3446
2281,4026
2282,2381
2282,2668
2282,2935
2282,3188
2282,3237
2283,2447
2283,2472
2283,2517
2283,2562
2283,2818
2283,2841
2283,3075
2283,3152
2283,3502
2283,3830
2284,2380
2284,2402
2284,2427
2284,2463
2284,2501
2284,3086
2284,3207
2284,3267
2284,3274
2284,3304
2284,3380
2284,3399
2284,3430
2284,3647
2284,3741
2284,3998
2285,3680
2286,2666
2286,3768
2286,3963
2287,2379
2287,2445
2287,3012
2287,3071
2287,3434
2287,3934
2288,2588
2288,2844
2288,2907
2288,3006
2288,3637
2288,3646
2288,4014
2289,2498
2289,2766
2289,2978
2289,3074
2289,3230
2289,3486
2289,3522
2289,3665
2289,3749
2289,3852
2290,2710
2290,2744
2290,3286
2290,3496
2290,3830
2291,2573
2291,2581
2291,2705
2291,2742
2291,2795
2291,2902
2291,3091
2291,3103
2291,3277
2291,3453
2292,2341
2292,2639
2292,2712
2292,3075
2292,3320
2292,3483
2292,3617
2292,3648
2292,3670
2293,2499
2293,2608
2293,2631
2293,2717
2293,2904
2293,2949
2293,3970
2294,2418
2294,2428
2294,2761
2294,2828
2294,2842
2294,2913
2294,2958
2294,2980
2294,3010
2294,3720
2294,3846
2294,3862
2295,2495
2295,2793
2295,3991
2296,2570
2296,2621
2296,2642
2296,2944
2296,3021
2296,3123
2296,3191
2296,3219
2296,3266
2297,2394
2297,2602
2297,2805
2297,2856
2297,3145
2297,3555
2297,3627
2297,3799
2297,3846
2298,3114
2298,3633
2298,3855
2299,2565
2299,2749
2299,3291
2299,3414
2299,3475
2299,3704
2299,4021
2300,2650
2300,2958
2300,3030
2300,3217
2300,4019
2301,2552
2301,2662
2301,2953
2301,2960
2301,3008
2301,3077
2301,3522
2301,3694
2301,3713
2301,3825
2301,4036
2302,2304
2302,2485
2302,2553
2302,2613
2302,2684
2302,3102
2302,3297
2302,3423
2302,3446
2302,3651
2303,2546
2303,2703
2303,2740
2303,2867
2303,2913
2303,3163
2303,3316
2303,3978
2304,2317
2304,2983
2304,3094
2304,3114
2304,3195
2304,3208
2304,3573
2304,3940
2304,4002
2305,2592
2305,3060
2305,3154
2305,3170
2305,3393
2305,3985
2306,2413
2306,2429
2306,2460
2306,2736
2306,3163
2306,3234
2306,3632
2306,3775
2307,2998
2307,3077
2307,3412
2307,3774
2308,2599
2308,2669
2308,3017
2308,3509
2308,3564
2308,3685
2308,3793
2309,2370
2309,2822
2309,3120
2309,3228
2309,3550
2309,4024
2309,4035
2310,2725
2310,3099
2310,3612
2310,3680
2310,3724
2310,3729
2311,2432
2311,2878
2311,2956
2311,2978
2311,3012
2311,3978
2312,2418
2312,2559
2312,2571
2312,2623
2312,3304
2312,3338
2312,3524
2312,3791
2312,3799
2312,3852
2313,2590
2313,2738
2313,2748
2313,2749
2313,2761
2313,3576
2313,3981
2314,2645
2314,2867
2314,2908
2314,3073
2314,3109
2314,3189
2314,3216
2314,3450
2314,3964
2314,3968
2315,2445
2315,2886
2315,3182
2315,3404
2315,3522
2315,3880
2315,3907
2316,2317
2316,2331
2316,2362
2316,2636
2316,2893
2316,3078
2316,3218
2316,3654
2316,3864
2316,3986
2317,3769
2317,3967
2318,2776
2318,2785
2318,2888
2318,2953
2318,3022
2318,3351
2318,3454
2318,3482
2318,3558
2318,3660
2319,2456
2319,2472
2319,2494
2319,2499
2319,2560
2319,2567
2319,2624
2319,2674
2319,2687
2319,2689
2319,3393
2319,3540
2319,3669
2319,3917
2319,4035
2320,2375
2320,2463
2320,2502
2320,2530
2320,2590
2320,2834
2320,2917
2320,3065
2320,3079
2320,3148
2320,3285
2320,3951
2320,3958
2321,2399
2321,2716
2321,2978
2321,2986
2321,3568
2322,3199
2322,3257
2322,3503
2322,3579
2322,3826
2322,3827
2322,3959
2322,4005
2323,2525
2323,3553
2323,3600
2323,3783
2323,3856
2324,2611
2324,2699
2324,2995
2324,3044
2324,3363
2324,3552
2325,3001
2325,3201
2325,3459
2325,3673
2325,3756
2326,2403
2326,2781
2326,2827
2326,3018
2326,3247
2326,3532
2326,3609
2326,3999
2327,2340
2327,2422
2327,2520
2327,2667
2327,2910
2327,3138
2327,3283
2327,3416
2327,3486
2327,3825
2327,3847
2327,3898
2328,2375
2328,2601
2328,3159
2328,3396
2328,3433
2328,3599
2328,3657
2328,4028
2329,2373
2329,2383
2329,2426
2329,2565
2329,2637
2329,2753
2329,3344
2329,3390
2329,3418
2330,2386
2330,2940
2330,3023
2330,3108
2330,3138
2330,3247
2330,3273
2330,3281
2330,3830
2330,3990
2331,2460
2331,2913
2331,3148
2331,3154
2331,3373
2331,3698
2331,3837
2331,3912
2332,2409
2332,2471
2332,3479
2332,3671
2333,2435
2333,2779
2334,2925
2334,2934
2334,3171
2334,3173
2334,3229
2334,3283
2334,3328
2334,3416
2334,3550
2334,3933
2335,2531
2335,2911
2335,3318
2335,3471
2335,3631
2336,2520
2336,3767
2336,3995
2337,2736
2337,2757
2337,2848
2337,2901
2337,3661
2338,2439
2338,2552
2338,2554
2338,2601
2338,2847
2338,2928
2338,2981
2338,3053
2338,3133
2338,3151
2338,3153
2338,3161
2338,3163
2338,3245
2338,3420
2338,3594
2338,3679
2338,3893
2338,3970
2339,2880
2339,3220
2339,3611
2339,3786
2339,3893
2339,3975
2340,2509
2340,2694
2340,2876
2340,3125
2340,3375
2340,3755
2340,3780
2341,2453
2341,2734
2341,2793
2341,2964
2341,3216
2341,3259
2341,3557
2341,3762
2342,2578
2342,2744
2342,2869
2342,3049
2342,3051
2342,3388
2342,3987
2343,2440
2343,2544
2343,3903
2344,2802
2344,3108
2344,3333
2344,3351
2344,3510
2344,3650
2344,3907
2344,3960
2345,2955
2345,3113
2345,3149
2345,3151
2345,3218
2345,3359
2345,3888
2346,2350
2346,2352
2346,2632
2346,2912
2346,3073
2346,3124
2346,3150
2346,3290
2346,3490
2346,3616
2346,3641
2346,3648
2347,2628
2347,2671
2347,2849
2347,3127
2347,3222
2347,3321
2347,3624
2348,2380
2348,2522
2348,2526
2348,2634
2348,2768
2348,2928
2348,2979
2348,3535
2348,3594
2348,3685
2348,3724
2348,3742
2349,2471
2349,2495
2349,2538
2349,2612
2349,2849
2349,3310
2349,3348
2349,3351
2349,3383
2349,3837
2350,2512
2350,2662
2350,2778
2350,2877
2350,2935
2350,2972
2350,3068
2350,3132
2350,3397
2350,3505
2350,3801
2350,3835
2351,2470
2351,2699
2351,2751
2351,2819
2351,3195
2351,3281
2351,3410
2351,3893
2351,3949
2351,4018
2351,4024
2352,2893
2352,2990
2352,3240
2352,3474
2352,3616
2352,3655
2352,3947
2353,2462
2353,2592
2353,2996
2353,3001
2353,3062
2353,3346
2354,2884
2354,3442
2354,3562
2354,3593
2354,3750
2354,3989
2355,2358
2355,2415
2355,2434
2355,2930
2355,3054
2355,3750
2355,3925
2356,2644
2356,2815
2356,3345
2356,3973
2357,2372
2357,2720
2357,3069
2357,3413
2357,3455
2357,3557
2357,3603
2357,3651
2357,3707
2357,3768
2357,3850
2357,3915
2357,3920
2358,2492
2358,2635
2358,2832
2358,3697
2359,2633
2359,2925
2359,3141
2359,3152
2359,3233
2359,3780
2360,2361
2360,2756
2360,2911
2360,3386
2360,3618
2360,3635
2360,3797
2361,3066
2361,3200
2361,3432
2361,3605
2362,2692
2362,2811
2362,3000
2362,3273
2362,3796
2362,3951
2363,2387
2363,2773
2363,3476
2363,3504
2363,3650
2364,2392
2364,2449
2364,2673
2364,2849
2364,2990
2364,3045
2364,3090
2364,3098
2364,3125
2364,3139
2364,3158
2364,3309
2365,3426
2365,3429
2365,3838
2366,2410
2366,2472
2366,2514
2366,2520
2366,3009
2366,3039
2366,3080
2366,3457
2366,3824
2367,2542
2367,2589
2367,3155
2367,3421
2367,3659
2367,3957
2368,2453
2368,2677
2368,2781
2368,2853
2368,3165
2368,3213
2368,3334
2368,3340
2368,3438
2368,3442
2368,3765
2369,2522
2369,2647
2369,2817
2369,2925
2369,3077
2369,3277
2369,3407
2370,3844
2371,3302
2371,3686
2371,4034
2372,2405
2372,2410
2372,2663
2372,2842
2372,3032
2372,3539
2372,3838
2372,3963
2372,4029
2373,2529
2373,2627
2373,2647
2373,2727
2373,2823
2373,2866
2373,2933
2373,3062
2373,3067
2373,3169
2373,3175
2373,3177
2373,3668
2374,2379
2374,2556
2374,2888
2374,3133
2374,3613
2374,3936
2375,2660
2375,2714
2375,2741
2375,2783
2375,2796
2375,2904
2375,3128
2375,3236
2375,3324
2375,3510
2376,2435
2376,2480
2376,2985
2376,3121
2376,3442
2376,3626
2376,3689
2376,3842
2376,3996
2377,2584
2377,2782
2377,3397
2377,3868
2378,2419
2378,2509
2378,2541
2378,2553
2378,2698
2378,2814
2378,3068
2378,3330
2378,3416
2378,3681
2378,3790
2379,2705
2379,2994
2379,3440
2380,2500
2380,2807
2380,3884
2380,3965
2380,3999
2381,2443
2381,2463
2381,2511
2381,2537
2381,3273
2381,3639
2382,2506
2382,2700
2382,3303
2382,3369
2383,2481
2383,2520
2383,2778
2383,2781
2383,2997
2383,3040
2383,3093
2383,3495
2383,3649
2383,3887
2383,3981
2384,2427
2384,2577
2384,2893
2384,3166
2384,3237
2384,3320
2384,3531
2384,3911
2384,3957
2385,2426
2385,2509
2385,2575
2385,3005
2385,3052
2385,3137
2385,3336
2385,3408
2385,3541
2385,3964
2386,3469
2386,3476
2386,3525
2386,3547
2386,3696
2387,2416
2387,2965
2387,3121
2387,3253
2387,3293
2387,3349
2387,3470
2387,3620
2388,2578
2388,3120
2388,3452
2388,3533
2388,3549
2388,3821
2388,3995
2389,2686
2389,2823
2389,3032
2389,3651
2389,3827
2389,3994
2389,4025
2390,2722
2390,3189
2390,3192
2390,3216
2390,3334
2391,2553
2391,2736
2391,2738
2391,3829
2392,2442
2392,2732
2392,2949
2392,3981
2393,2431
2393,2727
2393,2833
2393,3084
2394,2560
2394,2825
2394,2836
2394,3668
2394,3775
2395,2719
2395,2983
2395,3036
2395,3117
2395,3345
2395,3454
2395,3496
2396,2847
2396,2946
2396,2979
2396,3047
2396,3270
2396,3531
2397,2465
2397,2607
2397,3058
2397,3261
2397,3390
2398,2549
2398,2732
2398,3234
2398,3440
2398,3520
2399,2608
2399,2845
2399,2945
2399,3061
2399,3121
2399,3226
2399,3466
2399,3542
2399,3670
2399,4026
2400,2502
2400,2900
2400,3152
2400,3560
2400,3618
2400,3673
2400,3840
2400,3863
2400,3886
2401,2791
2401,3012
2402,2870
2402,3191
2403,2777
2403,2997
2403,3534
2403,3680
2403,3983
2403,4003
2403,4032
2404,2648
2404,2669
2404,2881
2404,3248
2404,3290
2404,3329
2404,3422
2404,3459
2404,3806
2404,3970
2405,2562
2405,3449
2405,3519
2405,3644
2405,3917
2406,2701
2406,2848
2406,3013
2407,2422
2407,2861
2407,2874
2407,2891
2407,2945
2408,2524
2408,2935
2408,3251
2409,2558
2409,2592
2409,2763
2409,2968
2409,2983
2409,3260
2409,3268
2410,2441
2410,2792
2410,2829
2410,2965
2410,2988
2410,3104
2410,3245
2410,3297
2410,3335
2410,3390
2411,2470
2411,2630
2411,2718
2411,2857
2411,3337
2411,3680
2412,2423
2412,2557
2412,2735
2412,2839
2412,3069
2412,3787
2412,3958
2413,2555
2413,2583
2413,2665
2413,2682
2413,2946
2413,3280
2413,3320
2413,3401
2413,3476
2414,2421
2414,2813
2414,2994
2414,3172
2414,3211
2414,3487
2414,3811
2415,2763
2415,2864
2415,2974
2415,2981
2416,2770
2416,3125
2416,3395
2416,3942
2416,3944
2417,2708
2417,3513
2417,3566
2417,3769
2417,3942
2417,4038
2418,2535
2418,2543
2418,2763
2418,2866
2418,2888
2418,2976
2418,3027
2418,3222
2418,3433
2418,3695
2418,3839
2419,2590
2419,2966
2419,3231
2419,3318
2419,3742
2420,2646
2420,2751
2420,3043
2420,3184
2420,3614
2420,3660
2420,4003
2421,2587
2421,2610
2421,2691
2421,2875
2421,2892
2421,3626
2422,2454
2422,3052
2422,3114
2422,3171
2422,3173
2422,3332
2422,3368
2422,3499
2422,3698
2423,2585
2423,2788
2423,3182
2423,3287
2423,3640
2423,3832
2423,3849
2423,3951
2424,2678
2424,2719
2424,2828
2424,3177
2424,3649
2424,3714
2424,3819
2424,3842
2425,2612
2425,2938
2425,2984
2425,3146
2425,3397
2425,3694
2425,3939
2426,2576
2426,2582
2426,2662
2426,2895
2426,3226
2426,3386
2426,3763
2427,2875
2427,3251
2427,3321
2427,3521
2427,3554
2427,3626
2427,3779
2428,3110
2428,3139
2428,3340
2428,3345
2428,3482
2428,3529
2429,2723
2429,2805
2429,3049
2429,3885
2429,3930
2429,3961
2430,2679
2430,3175
2430,3184
2430,3290
2430,3884
2430,3891
2431,3038
2432,2499
2432,2591
2432,3294
2433,2628
2433,3253
2433,3882
2433,3930
2434,2515
2434,2552
2434,2585
2434,3007
2435,2443
2435,2506
2435,2572
2435,3094
2435,3485
2435,3543
2435,3667
2435,3938
2436,2505
2436,3403
2437,2651
2437,2675
2437,3153
2437,3322
2437,3517
2437,3692
2437,3819
2438,2597
2438,2699
2438,3577
2439,2672
2439,2706
2439,2841
2439,2936
2439,3282
2439,3595
2439,3858
2439,3937
2440,2475
2440,2529
2440,2881
2440,3321
2440,3508
2440,3557
2440,3581
2440,3624
2440,3726
2441,3191
2441,3292
2441,3932
2441,3994
2442,2698
2442,3067
2442,3105
2442,3247
2442,3586
2442,3851
2442,3958
2443,2743
2443,2933
2443,3161
2443,3252
2443,3423
2443,3515
2443,3587
2443,3670
2443,4010
2444,2657
2444,2789
2444,2850
2444,2945
2444,3068
2444,3427
2444,3652
2445,2574
2445,2592
2445,2697
2445,2839
2445,2922
2445,3712
2445,3745
2445,3761
2445,3788
2445,3882
2446,3035
2446,3146
2446,3240
2446,3274
2446,3606
2446,3654
2446,3831
2447,2727
2447,2779
2447,2836
2447,2881
2447,2927
2447,3192
2447,3289
2447,3809
2448,2961
2448,2984
2448,3071
2448,3073
2449,3641
2449,3741
2449,3760
2450,2564
2450,2760
2450,2867
2450,2960
2450,3420
2450,3480
2450,3651
2450,3811
2450,3928
2451,2603
2451,2665
2451,3015
2451,3084
2451,3106
2451,3315
2451,3607
2451,3670
2451,3690
2451,3713
2451,3848
2451,3964
2451,3975
2452,2478
2452,2625
2452,3478
2452,3559
2452,3611
2453,2524
2453,2601
2453,2732
2453,2924
2453,3126
2453,3253
2453,4018
2454,2496
2454,3000
2454,3049
2454,3108
2454,3304
2454,3729
2454,3991
2455,2882
2455,2914
2455,2965
2455,3117
2455,3444
2455,3473
2455,4018
2456,3534
2456,3902
2457,2522
2457,2912
2457,3018
2457,3051
2457,3558
2458,2632
2458,2644
2458,2729
2458,3326
2458,3631
2458,3688
2458,3839
2459,2588
2459,2641
2459,2757
2459,2838
2459,3708
2459,3742
2460,2591
2460,3117
2460,3300
2460,3688
2460,3894
2461,2571
2461,2677
2461,3241
2461,3244
2461,3388
2461,3720
2461,3736
2461,3836
2462,2554
2462,2559
2462,2614
2462,2631
2462,2655
2462,3323
2462,3360
2462,3411
2462,3607
2462,3798
2463,2785
2463,3145
2463,3147
2463,3213
2463,3319
2463,3736
2463,4031
2464,2624
2464,2636
2464,2897
2464,3577
2464,3713
2464,3891
2464,3964
2465,3116
2465,3412
2465,3818
2465,4018
2465,4025
2466,2728
2466,2765
2466,2768
2466,2869
2466,2926
2466,3170
2466,3218
2466,3647
2466,3731
2467,3119
2467,3137
2467,3817
2467,3854
2467,3925
2468,2618
2468,3191
2468,3725
2468,3839
2469,2652
2469,3312
2469,3497
2470,2531
2470,2563
2470,2656
2470,3022
2470,3134
2470,3230
2470,3677
2470,3855
2470,3931
2471,3036
2471,3058
2471,3627
2471,3665
2471,3677
2472,3119
2472,3332
2472,3521
2472,3558
2472,3680
2473,2748
2473,2873
2473,2950
2473,3024
2473,3183
2473,3309
2473,3322
2473,3354
2473,3384
2474,2886
2474,2940
2474,3437
2474,3798
2475,2812
2475,2900
2475,3347
2476,2843
2476,2892
2476,3638
2476,3808
2477,3431
2477,3798
2478,2578
2478,2854
2478,2886
2478,3314
2478,3389
2478,3969
2478,3978
2479,2554
2479,3158
2480,2966
2480,3123
2480,3746
2480,3795
2480,3810
2480,4038
2481,2680
2481,2714
2481,2811
2481,3399
2481,3461
2481,3769
2481,3789
2481,3819
2482,2612
2482,2637
2482,2735
2482,2865
2482,3008
2482,3010
2482,3032
2482,3133
2482,3369
2482,3447
2482,3728
2482,3970
2483,2561
2483,2717
2483,3192
2483,3336
2483,3396
2483,3502
2484,2758
2484,2759
2484,2773
2484,2825
2485,3361
2485,3656
2486,2563
2486,2683
2486,3348
2486,3388
2486,3537
2486,3622
2487,3765
2488,2535
2488,2595
2488,2617
2488,2941
2488,3162
2488,3355
2488,3726
2488,3787
2489,2602
2489,2782
2489,2924
2489,3161
2489,3296
2489,3395
2489,3823
2490,2598
2490,2912
2490,2992
2490,3095
2490,3118
2490,3158
2491,2845
2491,2847
2491,3090
2491,3102
2491,3240
2491,3404
2491,3681
2491,3692
2491,3805
2492,2564
2492,2710
2492,2991
2492,3226
2492,3273
2492,3590
2492,3618
2492,3653
2492,4029
2493,2613
2493,2644
2493,2925
2493,3692
2494,3002
2494,3068
2494,3190
2494,3360
2494,3743
2494,3915
2494,3926
2495,2574
2495,2653
2495,3087
2495,3159
2495,3775
2496,3005
2496,3715
2496,3769
2497,3292
2497,3652
2497,3793
2498,2521
2498,2541
2498,2560
2498,2596
2498,2710
2498,3004
2498,3102
2498,3166
2498,3402
2499,2585
2499,2623
2499,2804
2499,2897
2499,3000
2499,3150
2499,3285
2499,3328
2500,3175
2500,3374
2500,3538
2500,3793
2500,3857
2501,2685
2501,2764
2501,2780
2501,2815
2501,2987
2501,3475
2501,3584
2501,3770
2501,4032
2502,2526
2502,2800
2502,2838
2502,2878
2502,3215
2502,3635
2503,2616
2503,2699
2503,2922
2503,3064
2503,3128
2503,3144
2503,3362
2503,3610
2503,3749
2504,2587
2504,2665
2504,2713
2504,2892
2504,2987
2504,3033
2504,3173
2504,3388
2504,3660
2504,3713
2504,3724
2504,3809
2504,3933
2505,2615
2505,2997
2505,3706
2505,4034
2506,2530
2506,2768
2506,3062
2506,3109
2506,3132
2506,3360
2506,3721
2506,3819
2507,2513
2507,2944
2507,3005
2508,2747
2508,3001
2508,3186
2508,3701
2508,4017
2509,3035
2509,3088
2509,3187
2509,3233
2509,3508
2510,3451
2510,3624
2510,3659
2511,2948
2511,3882
2512,2668
2512,2923
2512,2960
2512,3076
2513,2824
2513,3806
2513,3812
2513,3943
2514,2584
2514,3173
2514,3400
2514,3474
2514,3547
2514,3907
2515,2998
2515,3044
2515,3061
2515,3138
2515,3142
2515,3169
2515,3540
2515,3804
2515,3863
2516,2544
2516,2551
2516,3104
2516,3110
2516,3164
2516,3391
2516,3607
2516,3656
2516,3998
2517,2976
2517,3285
2517,3362
2517,3859
2518,2534
2518,2664
2518,2817
2518,3550
2518,3681
2518,3713
2519,3294
2519,3413
2519,3629
2519,3790
2519,3808
2520,2662
2520,2752
2520,2845
2520,2926
2520,2994
2520,3138
2520,3330
2520,3840
2520,3856
2520,3919
2521,2582
2521,3128
2521,3157
2521,3273
2521,3308
2521,3783
2521,3877
2522,2589
2522,2671
2522,2821
2522,3040
2522,3400
2522,3408
2522,3526
2522,3527
2522,3574
2522,3835
2522,3958
2523,2702
2523,2940
2523,3072
2523,3082
2523,3259
2523,3826
2523,3845
2523,3946
2524,2893
2524,3020
2524,3043
2524,3713
2524,3762
2525,2545
2525,2808
2525,3274
2526,2661
2526,3142
2526,3447
2526,3604
2527,2546
2527,2560
2527,2685
2527,3355
2527,3521
2527,3692
2527,3835
2528,2559
2528,3366
2528,3457
2529,2686
2529,2786
2529,2914
2529,2942
2529,3521
2529,3737
2529,3771
2529,4006
2530,2755
2530,3434
2530,3710
2531,2772
2531,3261
2532,2592
2532,3470
2532,3610
2532,3797
2532,3925
2533,3030
2533,3045
2533,3836
2534,2753
2534,3899
2535,2851
2535,2999
2535,3046
2535,3261
2535,3337
2535,3452
2535,3579
2535,3671
2536,2711
2536,2735
2536,2830
2536,3181
2536,3293
2536,3447
2536,3541
2536,4033
2537,2681
2537,2784
2537,2997
2537,3172
2537,3519
2537,3557
2537,3800
2537,4011
2538,2608
2538,2992
2538,3110
2538,3419
2538,3429
2538,3523
2538,3543
2538,3651
2539,2625
2539,2665
2539,2855
2539,3064
2539,3285
2539,3335
2539,3573
2539,3640
2539,3694
2539,3718
2540,2558
2540,3129
2540,3222
2540,3329
2540,3605
2540,3864
2540,3965
2540,4007
2540,4028
2541,2648
2541,2664
2541,2884
2541,2974
2541,3673
2541,3872
2542,2981
2542,3026
2542,3652
2542,3857
2542,3969
2542,3986
2543,2573
2543,2926
2543,3542
2543,3853
2544,2565
2544,2727
2544,2920
2544,2996
2544,3084
2544,3466
2544,3941
2544,3950
2544,3955
2544,4037
2545,2643
2545,2724
2545,2749
2545,2983
2545,3043
2545,3519
2545,3796
2545,3990
2546,2729
2546,2855
2546,3360
2546,3615
2546,3757
2547,2555
2547,2925
2547,2950
2547,2973
2547,3030
2547,3046
2547,3404
2547,3611
2547,3614
2547,3621
2548,2978
2548,3041
2548,3336
2548,3441
2548,3443
2548,3739
2548,3902
2549,2606
2549,2640
2549,3096
2549,3201
2549,3743
2550,2623
2550,2968
2550,3050
2550,3263
2550,3874
2550,4010
2551,2625
2551,2679
2551,2900
2551,2992
2551,3665
2552,2920
2552,3422
2552,3591
2552,3667
2553,2723
2553,2799
2553,3085
2553,3204
2553,3263
2553,3370
2553,3520
2553,3859
2554,2736
2554,2775
2554,2840
2554,2897
2554,3413
2554,3638
2554,3907
2555,2780
2555,2919
2555,3248
2555,3525
2555,3736
2556,2707
2556,2882
2556,2886
2556,2891
2556,2927
2556,3075
2556,3463
2556,3475
2556,3519
2557,2583
2557,2622
2557,2748
2557,2817
2557,3034
2557,3311
2557,3512
2557,3638
2557,3715
2557,3828
2558,2855
2558,3296
2558,3471
2558,3552
2558,3781
2558,3964
2558,3991
2559,2570
2559,2623
2559,2840
2559,2936
2559,3074
2559,3278
2559,3518
2559,3649
2560,3156
2560,3554
2560,3855
2561,2664
2561,3003
2561,3180
2561,3844
2561,3854
2562,3140
2563,2905
2563,2966
2563,2970
2563,3431
2563,3656
2563,3720
2564,3021
2564,3817
2564,3877
2565,2574
2565,3151
2566,2702
2566,3278
2566,3470
2567,3671
2568,2769
2568,2814
2568,2923
2568,3160
2568,3166
2568,3167
2568,3568
2568,3940
2568,3964
2569,2760
2569,3196
2569,3360
2569,4021
2570,3440
2570,3496
2570,3781
2571,2951
2571,3202
2571,3289
2571,3574
2571,3690
2572,2666
2572,2718
2572,2867
2572,2981
2572,3084
2572,3185
2573,2939
2573,3700
2574,2696
2574,2723
2574,3046
2574,3195
2574,3566
2574,3673
2574,3707
2575,2583
2575,2721
2575,2832
2575,3335
2575,3552
2575,3847
2576,2700
2576,2747
2576,2924
2576,2965
2576,3029
2576,3072
2576,3121
2576,3203
2576,3383
2576,3478
2576,3832
2576,3912
2576,3965
2577,3232
2577,3578
2577,3726
2577,3854
2578,2627
2578,3198
2578,3839
2578,3891
2578,4030
2579,2635
2579,2737
2579,3054
2579,3277
2579,3694
2579,3786
2580,2913
2580,3091
2580,3427
2580,3682
2580,3685
2581,3164
2581,3204
2581,3299
2581,3478
2581,3583
2581,3862
2581,3867
2582,2715
2582,2792
2582,2873
2582,3155
2582,3367
2582,3545
2582,3716
2582,3928
2583,2687
2583,3135
2583,3840
2584,2852
2584,2964
2584,3147
2584,3519
2584,3567
2584,3789
2585,3254
2585,3595
2586,2964
2586,2966
2586,3016
2586,3147
2586,3462
2586,3489
2586,3658
2587,2705
2587,3216
2587,3347
2587,3423
2587,3910
2588,2909
2588,3461
2588,3672
2588,3714
2588,3808
2588,3894
2589,3070
2589,3598
2590,2925
2590,3012
2590,3130
2590,3389
2590,3463
2590,3478
2590,3603
2590,3921
2591,2806
2591,2839
2591,3199
2591,3260
2591,3413
2591,3771
2591,3832
2591,3990
2592,2619
2592,3448
2592,3863
2593,2798
2593,3118
2593,3245
2594,2759
2594,2803
2594,2916
2594,3425
2594,3493
2594,3641
2594,3851
2594,3868
2594,3901
2594,3955
2594,4006
2595,2631
2595,3074
2595,3175
2596,2614
2596,2770
2596,2772
2596,2809
2596,2910
2596,3248
2596,3459
2596,3620
2596,3915
2596,3920
2596,4032
2597,2946
2597,3103
2598,2672
2598,2695
2598,2950
2598,3099
2598,3525
2598,3526
2598,3657
2598,3674
2598,3698
2598,3769
2598,3814
2598,4007
2598,4027
2599,2620
2599,2663
2599,2860
2599,2963
2599,3035
2599,3132
2599,3354
2600,2746
2600,2916
2600,2935
2600,3200
2601,2644
2601,3533
2601,3745
2601,3781
2601,4026
2602,3193
2602,3869
2603,3350
2603,3399
2603,3446
2603,3469
2603,3546
2603,3696
2603,3866
2603,3892
2603,3930
2603,4011
2604,3041
2604,3108
2604,3500
2604,3511
2604,3688
2605,2664
2605,2780
2605,2966
2605,3048
2605,3053
2605,3173
2605,3183
2605,3327
2605,3354
2605,3582
2605,3687
2605,3709
2605,3855
2606,2996
2606,3140
2606,3373
2606,3793
2606,3950
2606,4011
2607,2637
2607,2928
2607,3184
2607,3228
2607,3871
2607,3961
2608,3002
2608,3082
2608,3212
2608,3433
2608,3516
2608,3696
2609,2629
2609,3081
2609,3283
2609,3790
2610,2688
2610,3093
2610,3438
2610,3642
2610,3861
2610,4003
2611,2681
2611,3156
2611,3161
2611,3245
2611,3266
2611,3868
2611,3886
2611,3917
2612,3056
2612,3343
2612,3469
2612,3937
2612,3995
2613,2808
2613,2853
2613,2892
2613,3636
2613,3918
2614,2740
2614,2826
2614,2919
2614,2935
2614,3192
2614,3390
2614,3747
2615,2930
2615,3058
2615,3075
2615,3100
2615,3154
2615,3914
2616,2649
2616,3223
2616,4002
2616,4016
2617,2699
2617,2873
2617,3234
2617,3601
2617,3836
2617,3941
2617,3991
2618,2860
2618,2956
2618,3041
2618,3428
2618,3588
2618,3593
2619,2757
2619,3838
2620,2835
2620,3255
2620,3669
2620,3733
2620,3735
2621,3257
2621,3448
2621,3537
2622,2870
2622,2945
2622,3985
2623,3147
2623,3197
2623,3508
2623,3594
2623,3739
2623,3811
2623,4033
2624,2728
2624,2747
2624,2842
2624,2848
2624,3055
2624,3064
2624,3339
2624,3458
2625,2843
2625,2853
2625,2980
2625,3001
2625,3091
2625,3497
2625,3595
2625,3734
2625,3878
2626,2889
2626,2996
2626,3143
2626,3982
2627,2639
2627,2642
2627,2763
2627,2786
2627,2907
2627,3210
2628,3293
2628,3462
2629,2780
2629,3223
2629,3258
2630,2758
2630,3050
2630,3127
2630,3382
2630,3665
2630,3750
2630,3797
2631,2748
2631,2820
2631,2844
2631,3015
2631,3116
2631,3409
2631,3955
2632,2764
2632,2922
2632,3135
2632,3514
2632,3805
2633,2638
2633,2723
2633,2934
2633,3046
2633,3320
2633,3343
2633,3349
2633,3618
2633,3989
2634,2869
2634,2982
2634,3042
2634,3176
2634,3302
2634,3457
2634,3515
2634,3788
2634,3975
2635,2674
2635,2713
2635,2931
2635,3243
2635,3429
2635,3440
2635,3792
2636,3127
2636,3145
2636,3161
2636,3565
2636,3642
2636,3796
2636,3888
2636,3942
2637,2742
2637,2774
2637,3024
2637,3113
2637,3115
2637,3128
2637,3577
2637,3861
2637,3952
2638,3007
2638,3199
2638,3277
2638,3358
2638,3586
2638,3752
2638,3884
2639,2702
2639,2833
2639,2850
2639,3363
2639,3525
2639,3531
2639,3719
2639,3988
2640,2818
2640,2953
2640,3017
2640,3024
2641,3017
2642,2806
2642,3100
2642,3187
2642,3220
2642,3314
2642,3693
2643,2720
2643,2998
2643,3137
2643,3328
2643,3363
2643,3821
2644,3012
2644,3019
2645,2929
2645,2934
2645,3049
2645,3052
2645,3274
2645,3277
2645,3692
2645,3731
2645,3812
2646,3089
2647,2881
2647,3253
2647,3277
2647,3933
2648,3661
2649,2874
2649,3116
2649,3271
2649,3601
2649,3904
2649,4004
2650,2716
2650,3315
2650,3363
2650,3445
2650,3614
2650,4022
2651,2893
2651,3238
2651,3710
2652,3209
2652,3514
2652,3685
2652,3856
2653,2777
2653,2869
2653,3041
2653,3266
2653,3289
2653,3685
2653,3855
2653,3908
2653,3988
2654,2831
2654,3135
2654,3232
2654,3314
2654,3730
2654,3981
2655,2786
2655,2889
2655,2974
2655,3208
2655,3825
2655,3827
2655,3875
2656,2661
2656,3621
2656,3624
2656,3790
2656,3873
2656,3885
2656,3952
2657,2677
2657,2788
2657,2946
2657,3080
2657,3239
2657,3390
2657,3807
2658,2772
2658,3249
2658,3743
2658,3864
2659,2745
2659,3528
2659,3760
2659,3940
2659,4024
2660,3536
2660,3717
2660,3927
2661,2926
2661,2979
2661,2981
2661,3013
2661,3552
2661,3650
2661,3811
2661,3945
2662,2705
2662,2927
2662,3253
2662,3325
2662,3339
2662,3367
2662,3528
2662,3621
2662,3767
2663,2915
2663,2923
2663,3818
2663,3824
2664,3167
2664,3203
2664,3562
2664,3971
2664,4002
2665,3221
2665,3468
2665,3678
2665,4036
2666,3341
2666,3353
2666,3379
2666,3454
2666,3601
2666,3776
2666,3802
2666,4038
2667,2691
2667,3678
2667,3918
2668,2679
2668,3036
2668,3049
2668,3070
2668,3398
2669,2768
2669,2868
2669,2954
2669,3090
2669,3398
2669,3850
2670,2752
2670,3252
2670,3579
2670,3820
2670,3879
2670,3917
2672,2750
2672,2755
2672,2774
2672,2968
2672,2979
2672,2997
2672,3014
2672,3145
2672,3393
2672,3422
2672,3525
2672,3555
2672,3571
2672,3611
2672,3617
2672,3728
2672,3740
2672,3798
2672,3986
2673,3133
2673,3523
2673,3539
2673,3741
2674,2824
2674,2905
2674,3009
2674,3305
2675,2704
2675,2792
2675,3295
2675,3560
2675,3781
2675,3792
2676,2711
2676,2797
2676,2927
2676,3071
2676,3912
2677,2801
2677,3145
2677,3744
2677,3797
2677,3859
2677,3924
2678,2720
2678,3138
2678,3330
2678,3490
2678,3527
2679,2682
2679,2728
2679,2731
2679,2778
2679,3047
2679,3154
2679,3264
2679,3532
2679,3569
2679,3697
2679,3968
2679,4026
2679,4035
2680,2952
2680,2986
2680,3657
2680,3685
2681,3008
2681,3191
2681,3964
2681,4029
2682,2687
2682,2715
2682,2955
2682,2992
2682,3156
2682,3264
2682,3268
2682,3700
2682,3800
2683,2822
2683,3184
2683,3893
2684,2774
2684,2860
2684,3216
2684,3614
2685,2702
2685,3250
2685,3369
2685,3833
2686,3330
2686,3854
2686,3856
2687,2775
2687,2794
2687,3047
2687,3072
2687,3217
2687,3225
2687,3250
2687,3337
2687,3477
2687,3527
2687,3666
2688,2981
2688,3506
2688,3651
2689,2959
2689,3384
2689,3398
2689,3425
2689,3427
2689,3731
2689,3929
2690,3400
2690,3566
2690,3923
2691,2907
2691,3679
2691,3732
2692,2851
2692,3180
2692,3431
2692,3542
2692,3621
2692,3735
2693,2901
2693,3143
2693,3299
2693,3985
2694,2751
2694,2835
2694,3036
2694,3203
2694,3257
2694,3379
2694,3658
2694,4023
2695,2727
2695,2807
2695,2916
2695,3172
2695,3184
2695,3188
2695,3418
2695,3447
2696,3344
2696,3409
2696,3974
2697,2708
2697,2712
2697,2740
2697,2996
2697,3001
2698,2700
2698,2748
2698,3507
2698,3867
2699,2763
2699,2825
2699,3349
2699,3953
2700,2944
2700,3325
2700,3498
2700,3513
2701,3732
2702,2920
2702,3182
2702,3469
2702,3786
2703,3132
2703,3196
2703,3214
2703,3231
2703,3383
2704,3482
2705,2993
2705,3202
2705,3465
2705,3911
2705,3955
2705,3989
2705,3995
2705,4011
2705,4027
2706,3297
2707,3668
2707,3797
2708,3140
2708,3415
2708,3570
2708,3674
2709,2862
2709,3038
2709,3647
2709,3805
2710,2807
2710,2870
2710,2951
2710,3230
2710,3584
2710,3663
2710,3723
2711,2884
2711,2981
2711,3676
2711,3819
2711,3822
2711,3894
2711,3922
2711,3943
2712,2723
2712,3072
2712,3124
2712,3231
2712,3323
2712,3828
2713,2793
2713,2814
2713,3111
2713,3450
2713,3622
2713,3655
2713,3751
2713,3916
2713,4013
2714,2725
2714,3443
2714,3527
2714,3643
2714,3778
2714,4025
2715,3349
2715,3566
2715,3782
2715,3803
2715,3846
2715,3882
2716,3148
2716,3896
2716,4002
2717,2741
2717,2959
2717,3141
2717,3265
2717,3408
2717,3441
2717,3877
2717,4018
2718,2932
2718,3281
2718,3366
2718,3384
2719,2791
2719,2828
2719,2981
2719,3210
2719,3287
2719,3394
2719,3403
2719,3521
2719,3686
2719,3898
2719,3949
2720,2961
2720,3121
2720,3182
2720,3200
2720,3393
2720,3674
2720,3766
2720,3823
2721,3151
2721,3152
2721,3226
2721,3468
2721,3563
2721,3693
2722,3269
2723,2823
2723,3918
2723,3961
2724,3139
2724,3928
2724,3935
2725,2849
2725,3391
2725,3843
2726,3297
2726,3619
2726,3965
2727,2800
2727,3031
2727,3068
2727,3186
2727,3994
2728,2992
2728,3575
2728,3754
2728,3978
2728,4014
2729,3348
2729,3383
2729,3443
2729,3575
2730,3266
2730,3269
2730,3600
2730,3610
2730,3807
2731,4038
2732,2771
2732,2845
2732,2894
2732,3090
2732,3178
2732,3568
2732,3662
2733,3187
2733,3398
2733,3711
2733,3730
2733,3963
2733,3965
2734,2878
2734,2959
2734,3621
2734,3770
2734,3927
2734,4020
2735,3312
2736,3078
2736,3260
2736,3477
2736,3884
2736,4038
2737,2779
2737,2781
2737,2956
2737,3149
2738,2954
2738,3354
2738,3742
2738,3852
2739,2740
2739,2878
2739,3078
2739,3781
2739,4010
2740,3335
2740,3390
2740,3483
2740,3533
2741,3021
2741,3054
2741,3160
2741,3301
2741,3316
2741,3357
2741,3435
2741,3519
2741,3615
2742,3739
2743,2838
2743,2950
2743,3526
2744,2950
2744,3079
2744,3398
2744,3610
2744,3913
2744,3988
2745,2866
2745,3378
2746,3061
2746,3809
2747,3222
2747,3339
2747,3412
2747,4024
2748,2822
2748,3133
2748,3623
2748,3837
2749,2771
2749,2928
2749,3582
2749,3773
2749,3971
2750,2890
2750,2952
2750,3336
2750,3521
2750,3962
2751,2794
2751,3409
2751,3486
2751,3639
2752,2768
2752,2857
2752,3129
2752,3774
2752,4004
2753,2951
2753,2995
2753,3153
2753,3267
2753,3736
2754,3447
2754,3482
2754,3563
2754,3832
2755,2770
2755,3544
2755,3554
2755,3973
2756,3061
2756,3290
2756,3489
2756,3580
2756,3646
2756,3740
2756,3825
2756,3900
2757,2892
2757,3876
2757,3934
2758,3234
2758,3275
2758,4002
2758,4027
2759,2942
2759,3114
2759,3141
2759,3224
2759,3455
2759,3517
2759,3625
2759,3657
2759,3770
2759,3973
2760,3109
2760,3281
2760,4038
2761,2897
2761,3047
2761,3122
2761,3697
2761,3712
2762,2793
2762,3176
2762,3309
2762,3311
2762,3319
2762,3730
2763,3055
2763,3106
2763,3329
2763,3342
2763,3390
2763,3681
2764,2864
2765,3045
2765,3138
2765,3249
2765,3467
2765,4004
2767,2938
2767,3025
2767,3238
2767,3620
2768,3192
2768,3601
2768,3642
2768,3950
2769,2808
2769,3126
2769,3709
2769,3728
2769,3958
2769,4021
2770,2959
2770,2992
2770,3181
2770,3256
2770,3295
2770,3549
2770,3923
2771,2818
2771,2862
2771,3424
2771,3431
2771,3717
2772,2910
2772,3063
2772,4020
2772,4036
2773,3522
2773,3711
2773,3723
2774,2837
2774,2942
2774,3164
2774,3241
2774,3276
2774,3958
2775,3218
2775,3430
2775,3507
2776,2899
2776,2951
2776,2981
2776,3183
2776,3488
2777,3247
2777,3406
2777,3466
2777,4015
2778,2892
2778,2970
2778,3715
2779,3578
2779,3977
2780,3165
2780,3429
2780,3518
2780,3651
2781,2852
2781,2980
2781,2989
2781,3490
2781,3926
2782,3220
2782,3383
2782,3811
2782,3997
2783,3537
2783,3845
2783,3963
2784,2939
2784,3049
2784,3807
2784,3851
2785,3346
2785,3599
2785,3638
2785,3922
2786,2789
2786,2816
2786,2858
2786,2969
2786,3472
2787,2947
2787,3003
2787,3019
2787,3219
2787,3371
2787,3968
2787,3983
2787,4035
2788,2952
2788,3219
2788,3314
2788,3335
2789,2797
2789,2838
2789,2892
2789,3434
2789,3687
2790,3112
2790,3188
2790,3892
2790,3904
2791,2860
2791,3669
2791,3939
2792,3052
2792,3188
2792,4011
2793,2870
2793,2943
2793,3033
2793,3141
2793,3644
2793,3814
2794,3024
2794,3138
2794,3475
2794,3523
2794,3629
2794,3648
2794,3737
2794,3891
2795,2826
2795,2862
2795,2863
2795,2874
2795,3003
2795,3168
2795,3201
2795,3509
2795,3816
2795,3884
2796,3390
2796,3685
2796,3991
2797,2826
2797,3564
2797,3636
2797,3977
2798,3180
2798,3627
2798,3704
2798,3943
2799,2827
2799,3151
2799,3379
2799,3443
2799,3517
2799,3735
2799,4022
2800,3296
2802,2873
2802,3005
2802,3290
2802,3856
2802,3879
2802,3900
2803,2871
2803,3144
2803,3340
2803,3619
2803,3724
2803,3848
2804,2967
2804,3052
2804,3081
2804,3454
2805,2960
2805,3252
2805,3450
2806,3152
2806,3255
2807,2908
2807,3315
2807,3540
2807,3690
2807,3721
2807,3930
2808,3002
2808,3101
2808,3113
2808,3207
2808,3210
2809,3173
2809,3318
2809,3771
2809,3928
2810,2931
2810,3100
2810,3209
2810,3520
2811,3080
2811,3715
2812,2861
2812,2995
2812,3003
2812,3077
2812,3119
2812,3365
2812,3454
2812,3510
2812,3615
2812,3687
2813,3238
2813,3360
2813,3809
2814,3112
2814,3676
2815,3159
2815,3218
2815,3916
2816,2901
2816,2933
2816,3031
2816,3039
2816,3066
2816,3569
2816,3714
2816,3827
2817,3091
2817,3346
2817,3562
2817,3943
2818,3289
2818,3449
2818,3749
2818,3857
2819,2947
2819,3113
2819,3424
2819,3657
2819,3966
2820,3547
2820,3653
2820,3703
2820,3825
2821,2844
2821,3172
2821,3581
2821,3616
2821,3618
2821,3833
2822,2994
2822,3181
2822,3456
2822,3632
2822,3866
2822,3872
2823,2872
2823,2943
2823,3558
2824,3044
2824,3375
2824,3546
2824,3668
2824,3983
2824,4021
2825,3216
2825,3612
2825,3917
2826,2854
2826,3043
2826,3558
2827,3252
2827,3723
2827,3904
2828,3028
2828,3441
2828,3932
2829,3209
2829,3499
2829,3952
2830,3582
2830,3904
2830,3949
2831,3162
2831,3470
2831,3584
2831,3814
2831,3907
2832,2886
2832,3529
2832,3561
2832,3608
2832,3754
2832,3876
2833,2992
2833,3061
2833,3207
2833,3414
2833,3703
2833,3728
2833,3992
2833,4015
2834,2952
2834,3016
2834,3382
2834,3424
2834,3519
2834,3823
2834,4026
2835,2840
2835,3134
2835,3138
2835,3527
2835,3701
2835,3930
2836,3135
2836,3404
2836,3430
2836,3556
2836,3694
2836,3986
2836,4010
2836,4033
2837,3261
2837,3287
2837,3451
2837,3526
2837,3640
2838,2974
2838,3223
2838,3294
2838,3297
2838,3567
2838,3571
2838,3580
2838,3724
2839,3172
2839,3372
2839,3396
2839,3585
2839,3874
2840,3234
2840,3782
2841,2862
2841,3948
2842,2906
2842,3229
2842,3338
2842,3710
2842,3733
2842,3847
2842,3936
2843,3207
2844,2933
2844,2953
2844,2998
2844,3177
2844,3642
2844,3914
2845,2915
2845,3101
2845,3204
2845,3611
2845,3750
2845,3890
2845,3951
2846,2892
2846,3494
2846,3865
2847,3122
2847,3353
2847,3579
2847,3741
2847,3847
2848,3775
2849,2922
2849,3490
2849,3973
2849,4031
2850,2977
2850,2987
2850,3071
2850,3089
2850,3136
2850,3295
2850,3485
2850,3559
2850,3789
2850,3840
2851,3183
2852,3075
2852,3394
2852,3723
2852,3901
2853,2882
2853,3428
2853,3784
2854,3388
2854,3780
2855,3015
2855,3016
2855,3746
2855,3747
2855,3889
2855,3914
2856,3052
2856,3087
2856,3118
2856,3155
2856,3888
2857,2912
2857,3456
2857,3797
2857,3979
2858,3155
2859,3063
2859,3189
2859,3307
2859,3705
2859,3962
2860,2985
2860,3690
2860,3722
2860,3787
2860,3912
2860,3980
2860,4003
2861,3072
2861,3364
2861,3882
2861,3983
2862,3200
2862,3331
2862,3482
2862,3570
2862,3695
2862,3702
2862,3869
2863,2879
2863,3295
2863,3567
2863,3599
2863,3993
2864,2954
2864,3158
2865,3032
2865,3392
2866,2967
2866,3504
2866,3813
2866,3901
2867,3251
2867,3388
2867,3669
2867,3763
2868,3036
2868,3256
2868,3943
2869,2939
2869,2951
2870,2914
2870,3457
2870,3462
2870,3747
2870,3897
2870,4020
2871,3047
2871,3450
2871,3658
2871,4001
2872,3501
2872,3587
2872,3662
2873,3737
2874,3119
2874,3472
2874,3757
2874,3763
2874,3926
2875,3883
2876,3097
2876,3206
2876,3389
2876,3627
2876,3879
2877,3029
2877,3108
2877,3363
2877,3473
2877,3553
2878,3462
2878,3551
2879,3237
2879,3274
2879,3333
2879,3627
2880,3271
2880,3971
2880,4023
2881,4024
2882,2986
2882,3039
2882,3370
2882,3516
2882,3716
2883,2958
2883,3039
2883,3364
2883,3470
2883,3579
2884,3144
2884,3173
2884,3679
2885,2908
2885,2983
2885,3430
2885,4034
2886,2999
2886,3174
2886,3223
2886,3244
2886,3636
2886,3683
2886,3838
2886,3934
2886,3971
2886,3976
2887,2906
2887,3272
2887,3341
2888,3207
2888,3302
2889,3874
2889,3966
2890,3137
2890,3285
2890,3430
2890,3845
2891,2981
2891,3092
2891,3181
2892,3006
2892,3750
2892,3774
2892,3890
2892,3969
2893,3420
2894,2997
2894,3050
2894,3142
2894,3280
2894,3773
2894,3919
2895,3039
2895,3445
2896,3336
2896,3682
2896,3787
2896,3812
2897,3430
2897,3460
2897,3489
2897,3494
2897,4031
2898,2958
2898,3202
2898,3290
2898,3822
2899,3266
2901,3395
2901,3612
2901,3625
2901,3841
2901,3953
2902,3434
2902,3865
2902,3957
2902,3999
2902,4022
2903,3516
2903,3957
2904,2952
2905,3508
2905,3722
2905,3834
2905,3859
2906,2998
2906,3041
2906,3073
2906,3733
2907,3011
2907,3708
2907,3951
2908,3378
2908,3608
2909,2925
2909,2952
2909,2989
2909,3058
2909,3063
2909,3279
2909,4017
2910,3210
2910,3298
2910,3327
2910,3453
2910,3776
2910,3956
2911,2972
2911,3719
2911,3783
2911,3813
2911,3992
2912,3144
2912,3345
2912,3398
2912,3761
2913,2949
2913,3532
2913,4020
2914,2957
2914,2988
2914,3230
2914,3636
2914,3754
2914,3786
2915,3745
2915,3847
2915,4015
2915,4027
2916,3050
2916,3150
2916,3407
2916,3587
2916,3632
2916,3920
2917,2966
2917,2996
2917,3222
2917,3748
2917,3806
2917,3956
2918,2935
2918,3419
2918,3947
2918,3993
2919,3077
2919,3172
2919,3294
2919,3408
2919,3756
2919,4012
2920,3043
2920,3266
2920,3389
2920,4006
2921,2963
2921,3142
2921,3795
2921,3799
2922,3285
2922,3591
2922,3625
2922,3871
2922,3883
2923,3164
2924,3138
2924,3696
2925,2988
2925,3181
2925,3303
2925,3667
2925,3963
2926,3063
2926,3266
2927,3244
2927,3694
2928,2976
2929,3381
2930,3100
2930,3109
2930,3199
2930,3270
2930,3528
2930,3573
2930,3673
2930,3797
2930,3832
2930,3904
2931,3028
2931,3689
2932,3011
2932,3155
2932,3656
2932,3927
2933,2970
2933,3125
2933,3262
2933,4009
2934,3026
2935,3167
2935,3499
2935,3854
2935,3916
2936,3001
2936,3025
2936,3761
2937,2942
2937,2992
2937,3228
2937,3285
2937,3410
2937,3554
2937,3684
2937,3941
2937,3955
2937,3984
2938,3028
2938,3195
2938,3711
2939,2979
2939,3278
2939,3420
2940,3205
2940,3393
2940,3521
2941,3760
2942,3210
2942,3707
2942,3828
2942,3983
2943,2994
2943,3029
2943,3183
2943,3317
2943,3356
2943,3410
2943,3495
2943,3500
2943,3752
2943,3783
2944,2947
2944,3014
2944,3129
2944,3144
2944,3260
2944,3270
2944,3378
2944,3945
2945,3065
2945,3207
2945,3684
2945,3807
2945,3954
2946,3036
2946,3038
2946,3161
2946,3438
2946,3836
2947,3044
2947,3177
2947,3205
2947,3331
2947,3403
2947,3659
2947,3726
2947,3788
2947,3819
2947,4012
2948,3170
2948,3374
2948,3457
2949,2998
2949,3076
2949,3178
2949,3197
2949,3568
2949,3961
2949,4017
2950,3033
2950,3265
2950,3319
2950,3334
2950,3376
2950,3431
2950,3434
2950,3535
2950,3701
2951,2978
2951,3234
2951,3998
2952,3029
2953,3186
2953,3351
2953,3426
2953,3535
2954,3075
2954,3519
2954,3583
2954,3759
2955,3265
2955,3360
2955,3734
2955,3742
2955,3942
2956,3728
2956,3762
2956,4013
2957,3002
2957,3788
2958,2964
2958,3168
2958,3347
2958,3430
2958,3681
2958,3941
2958,3992
2959,3119
2959,3492
2959,3808
2959,3914
2960,3531
2961,3421
2961,3440
2961,3625
2961,3789
2961,3828
2962,3161
2962,3196
2962,3406
2962,3485
2962,3548
2962,3964
2963,2972
2963,3089
2963,3246
2963,3282
2963,3320
2963,3414
2964,3254
2964,3625
2964,3671
2964,3957
2965,2970
2965,3202
2965,3331
2965,3530
2965,3540
2965,3674
2965,3706
2965,3809
2966,3280
2966,3315
2967,3093
2967,3461
2967,3504
2967,3741
2968,3537
2968,3746
2968,3748
2969,3420
2969,3637
2970,3324
2970,3404
2970,3607
2970,3634
2970,3784
2970,3884
2971,4001
2972,3095
2972,3602
2972,3866
2972,4008
2973,3015
2973,3092
2973,3385
2973,3559
2973,3587
2973,3678
2973,3843
2973,3860
2974,3072
2974,3775
2974,3779
2974,3790
2974,3819
2974,3976
2975,3613
2975,3703
2975,3731
2975,3756
2975,3953
2976,3131
2976,3358
2976,3369
2976,3469
2976,3931
2977,3104
2977,3856
2977,3992
2978,3068
2978,3079
2978,3474
2978,3905
2979,3022
2979,3198
2980,3249
2980,3322
2980,3596
2980,3653
2981,3055
2981,3474
2981,3568
2982,3042
2982,3221
2982,3529
2982,3898
2983,3064
2983,3113
2983,3329
2983,3357
2984,3145
2984,3151
2984,3333
2984,3395
2985,3107
2985,3347
2986,3068
2987,3480
2987,3525
2988,3056
2988,3235
2988,3333
2988,3544
2988,3675
2989,3051
2989,3155
2989,3178
2989,3185
2989,3340
2989,3680
2989,3704
2989,3790
2990,3170
2990,3752
2991,3126
2991,3469
2992,3122
2992,3232
2992,3272
2992,3304
2992,3548
2992,3973
2992,4012
2993,3031
2993,3184
2993,3217
2993,3267
2993,3417
2993,3895
2994,3001
2994,3355
2994,3680
2995,3799
2995,3922
2995,4026
2996,3655
2996,3698
2996,3946
2996,4008
2997,3054
2997,3250
2997,3499
2997,4012
2998,3003
2998,3325
2998,3597
2998,3824
2999,3243
3000,3137
3000,3299
3001,3184
3001,3391
3001,3447
3001,3876
3002,3282
3002,3284
3002,3490
3002,3760
3003,3149
3003,3394
3004,3256
3004,3540
3004,3592
3004,3724
3004,3767
3004,3945
3005,3209
3005,3344
3005,3592
3005,3627
3006,3138
3006,3399
3006,3539
3006,3616
3006,3623
3007,3358
3007,3434
3007,3490
3007,3657
3007,4021
3008,3252
3009,3342
3009,3835
3010,3094
3010,3259
3010,3720
3011,3147
3011,3157
3011,3986
3012,3178
3012,3566
3012,3777
3013,3801
3013,3909
3013,4000
3013,4009
3014,3046
3014,3182
3014,3433
3014,3455
3014,3494
3014,3558
3015,3058
3015,3060
3015,3395
3015,3560
3015,3887
3015,3994
3016,3164
3016,3174
3016,3484
3016,3568
3016,3785
3016,3916
3016,4007
3017,3220
3017,3242
3017,3320
3017,3678
3017,3942
3018,3366
3018,3417
3019,3103
3019,3275
3019,3713
3020,3432
3020,3628
3020,3801
3021,3334
3021,3685
3021,3695
3021,4025
3022,3562
3022,3688
3022,3718
3022,3762
3022,3874
3023,3314
3023,3412
3023,3891
3023,3947
3024,3130
3024,3278
3024,3566
3024,3585
3024,3770
3025,3853
3025,3929
3026,3340
3026,3381
3026,3446
3026,3466
3026,3795
3026,4002
3028,3093
3028,3111
3028,3431
3029,3586
3029,3898
3030,3166
3030,3362
3030,3431
3031,3595
3032,3059
3032,3142
3032,3363
3033,3047
3033,3145
3033,3607
3033,3730
3034,3979
3034,4027
3036,3073
3036,3362
3036,3482
3036,3722
3036,3834
3037,3589
3038,3589
3039,3085
3039,3171
3040,3679
3041,3076
3041,3358
3041,3569
3041,3690
3041,3930
3042,3321
3042,3405
3042,3500
3042,3561
3042,3810
3042,3851
3042,3947
3043,3614
3043,3682
3043,3758
3044,3295
3044,3598
3044,3605
3044,3753
3045,3283
3045,3296
3045,3365
3045,3464
3045,3503
3045,3739
3045,3848
3046,3380
3046,3579
3046,4019
3048,3365
3048,3706
3048,4003
3049,3169
3049,3425
3049,3512
3049,3925
3051,3931
3052,3204
3052,3267
3052,3323
3052,3416
3053,3092
3053,3295
3053,3894
3053,3900
3054,3147
3054,3227
3054,3263
3054,3687
3054,4025
3055,3316
3055,3449
3055,3859
3056,3120
3056,3500
3056,3618
3056,3822
3057,3271
3057,3563
3057,3603
3057,3640
3058,3108
3058,3330
3059,3643
3060,3218
3060,3239
3060,3737
3060,3913
3061,3120
3061,3208
3061,3319
3061,3403
3061,3857
3061,4026
3062,3069
3062,3394
3062,3541
3062,3725
3062,3993
3063,3167
3063,3373
3063,3456
3063,3691
3064,3577
3064,3580
3064,3618
3064,3794
3065,3181
3065,3196
3065,3675
3065,3802
3065,3851
3065,3890
3065,4009
3066,3292
3066,3676
3066,3683
3066,3892
3067,3299
3067,3402
3067,3555
3067,3654
3067,3739
3067,3752
3067,3907
3068,3437
3068,3440
3068,3469
3068,3568
3068,3815
3069,3105
3069,3224
3069,3375
3069,3625
3069,3904
3069,4023
3070,3460
3070,3555
3070,3783
3071,3125
3071,3228
3071,3675
3072,3088
3072,3185
3072,3478
3072,3490
3073,3250
3074,3582
3074,3833
3074,3894
3074,3911
3075,3121
3075,3191
3075,3249
3075,3347
3075,3479
3075,3602
3075,3736
3075,3856
3075,3883
3075,3978
3076,3621
3076,3683
3076,3751
3076,3759
3076,3807
3077,3825
3078,3084
3078,3285
3078,3572
3079,3130
3079,3595
3079,3642
3081,3127
3081,3160
3081,3259
3082,3628
3082,3827
3083,3115
3083,3677
3083,3918
3084,3530
3084,3884
3085,3411
3085,3416
3085,3420
3085,3569
3085,3608
3085,3703
3085,3818
3086,3204
3086,3563
3087,3775
3088,3377
3088,3405
3088,3677
3088,3735
3088,3772
3089,3164
3089,3529
3089,3662
3089,3733
3090,3104
3090,3265
3090,3416
3090,3878
3091,3270
3091,3280
3091,3298
3091,3482
3091,3501
3092,3110
3092,3378
3092,3860
3092,3888
3093,3758
3094,3130
3094,3133
3094,3189
3094,3262
3094,3551
3094,4037
3095,3151
3095,3216
3095,3265
3095,3520
3095,3696
3097,3161
3097,3559
3097,3605
3098,3194
3099,3135
3099,3447
3099,3481
3099,3605
3101,3729
3101,3901
3101,3902
3101,3970
3102,3780
3102,3892
3103,3425
3103,3501
3103,4017
3104,3256
3104,3564
3104,3738
3104,3827
3104,3925
3105,3260
3105,3472
3105,3538
3105,3664
3106,3176
3106,3282
3106,3476
3106,3517
3106,3771
3106,3978
3107,3253
3108,3624
3108,3816
3109,3346
3109,3461
3110,3279
3110,3531
3110,3618
3110,3686
3110,4026
3112,3266
3112,3701
3114,3554
3114,4000
3114,4035
3115,3339
3115,3606
3115,3798
3116,3141
3116,3465
3116,3611
3117,3777
3117,3832
3117,3941
3117,3942
3118,3379
3118,3624
3118,3739
3119,3946
3121,3387
3121,4003
3122,3689
3123,3432
3123,3494
3123,3627
3123,3735
3123,3891
3123,3978
3123,4033
3124,3871
3125,3227
3125,3296
3125,3475
3125,3481
3125,3690
3126,3209
3126,3519
3127,3147
3127,3679
3127,3719
3127,3924
3128,3200
3128,3314
3128,3799
3128,3820
3128,3851
3129,3909
3130,3637
3130,3823
3130,3895
3130,3911
3131,3145
3131,3212
3131,3272
3131,3381
3131,3738
3131,3939
3132,3254
3132,3921
3133,3427
3133,3726
3134,3588
3134,3953
3135,3185
3135,3356
3135,3925
3136,3662
3136,3814
3136,3906
3137,3881
3139,3392
3139,3468
3139,3700
3140,3251
3140,3255
3140,3467
3141,3686
3141,3925
3142,3427
3142,3854
3143,3319
3143,3926
3144,3339
3144,3456
3145,3830
3146,3152
3146,3183
3146,3215
3146,3267
3146,3310
3146,3349
3146,3357
3146,3710
3146,3728
3147,3265
3147,3438
3147,3607
3147,3611
3147,4023
3148,3536
3148,3585
3148,3610
3148,3674
3148,3915
3148,4008
3149,3324
3149,3468
3149,3509
3149,3700
3149,4025
3150,3272
3150,3424
3151,3185
3151,3334
3151,3581
3151,3658
3151,3841
3151,3950
3152,3468
3152,3745
3152,3766
3152,3935
3154,3495
3154,3736
3154,3888
3155,3392
3155,3519
3155,3767
3156,3662
3156,3714
3157,3483
3157,3645
3157,3716
3157,3819
3157,3834
3157,3866
3157,3886
3158,3437
3159,3482
3159,4005
3160,3652
3160,3732
3160,3815
3162,3460
3162,3860
3164,3319
3164,3805
3164,3835
3165,3758
3165,3955
3165,4002
3166,3331
3166,3405
3166,3990
3166,4037
3167,3580
3167,3934
3168,3570
3168,3960
3170,3403
3170,3693
3170,3694
3170,3838
3170,3930
3170,4012
3171,3176
3171,3620
3172,3234
3172,3553
3172,3976
3173,3314
3173,3472
3173,3751
3174,3305
3174,3493
3174,3594
3174,3598
3174,4017
3175,4000
3176,3312
3177,3453
3177,3608
3177,3788
3178,3466
3178,3701
3178,3922
3179,3988
3180,4003
3181,3368
3182,3243
3182,3302
3182,3372
3182,3972
3183,3515
3183,3527
3184,3891
3186,3715
3187,3368
3187,3770
3188,4030
3189,3970
3190,3198
3190,3281
3190,3337
3190,3340
3190,3607
3190,3895
3191,3196
3191,3590
3191,3620
3192,3240
3192,3635
3194,3405
3194,3512
3194,4037
3195,3998
3196,3877
3196,3980
3197,3211
3197,3372
3198,3360
3198,3445
3198,3619
3198,3628
3198,3683
3198,3741
3198,3853
3199,3622
3199,3727
3199,3804
3200,3491
3200,3625
3200,3905
3201,3346
3201,3950
3202,3215
3202,3355
3202,4002
3203,3379
3203,3420
3203,3613
3204,3341
3205,3892
3206,3324
3206,3480
3206,3711
3208,3999
3209,3237
3209,3285
3209,3349
3209,3521
3209,3679
3210,3935
3210,3953
3211,3294
3211,3367
3211,3378
3211,3468
3211,3484
3211,3486
3211,3586
3211,3592
3211,3898
3212,3660
3213,3327
3213,3676
3213,3733
3213,3805
3214,3236
3214,3464
3214,3502
3214,3972
3215,3523
3215,3585
3215,3683
3215,4020
3216,3888
3216,3925
3217,3414
3217,3585
3217,3724
3217,3750
3217,3826
3218,3262
3218,3756
3218,3779
3218,4029
3220,3300
3220,3469
3220,3478
3220,3543
3221,3395
3221,3790
3222,3523
3222,3531
3223,3620
3223,3631
3223,3959
3223,3993
3224,3376
3224,4022
3225,3291
3225,3297
3225,3345
3225,3653
3226,3733
3227,3462
3227,3720
3227,3817
3228,3277
3229,3879
3230,3353
3230,3388
3230,3867
3230,3893
3231,3298
3231,3610
3231,3982
3232,3292
3232,3294
3232,3405
3232,3544
3232,3765
3232,3953
3232,3981
3233,3976
3233,3984
3233,3995
3234,3303
3234,3530
3235,3313
3235,3452
3235,3716
3235,3721
3235,3916
3235,3992
3236,3287
3236,3800
3236,3850
3237,3372
3237,3932
3238,3416
3238,3621
3238,3752
3238,3763
3238,3765
3239,3435
3239,3747
3239,3765
3239,3884
3240,3296
3240,3634
3241,3279
3241,3404
3241,3459
3241,3574
3242,3399
3242,3492
3243,3415
3243,3418
3244,3268
3244,3465
3244,3477
3244,3728
3245,3272
3245,3284
3245,3293
3245,3869
3246,3530
3246,3595
3247,3312
3247,3664
3247,3779
3247,3876
3248,3334
3249,3349
3249,3743
3249,3879
3249,3888
3250,3263
3250,3518
3250,3598
3250,3696
3250,3711
3250,3920
3250,3924
3251,3276
3251,3343
3252,4001
3254,4024
3255,3412
3255,3558
3255,3607
3256,3500
3256,3544
3256,3556
3256,3586
3256,4035
3257,3640
3257,3660
3258,3263
3258,3699
3258,3785
3258,3786
3259,3289
3259,3630
3259,3641
3259,3747
3260,3334
3261,3584
3261,3908
3262,3368
3262,3496
3262,3675
3262,3765
3263,3802
3263,3806
3263,3889
3264,4007
3265,3397
3265,3643
3265,3924
3265,3975
3266,3282
3266,3393
3266,3439
3266,3531
3266,3853
3266,4020
3266,4026
3267,3554
3267,3683
3267,3782
3267,3915
3267,3920
3268,3332
3268,3376
3268,3435
3268,3742
3269,3530
3270,3273
3270,3307
3270,3432
3271,3272
3271,3548
3271,4023
3272,3606
3273,3452
3273,3493
3273,3707
3274,4030
3275,3311
3275,3369
3275,3442
3275,3724
3276,3371
3276,3557
3276,3600
3276,3647
3276,3652
3277,3694
3277,3879
3277,3992
3278,3506
3278,3510
3279,3519
3279,3580
3279,3711
3279,3816
3280,3469
3280,3923
3281,3404
3283,3316
3283,3660
3284,3303
3284,3492
3284,3654
3284,3973
3285,3587
3286,3617
3286,3987
3287,3338
3287,3360
3287,3499
3288,3326
3288,3893
3288,4009
3289,3893
3289,3935
3290,3416
3290,3449
3290,3937
3290,4023
3291,3354
3292,3351
3292,3913
3293,3295
3293,3576
3293,3669
3294,3530
3294,3642
3294,3951
3294,4031
3295,3450
3295,3924
3296,3380
3297,3350
3297,3457
3297,3587
3297,3680
3297,3694
3297,3883
3298,3796
3298,4036
3299,3782
3301,3573
3301,3946
3302,3453
3302,3722
3303,4000
3304,3699
3304,3703
3304,3750
3306,3436
3306,3565
3306,3679
3306,3819
3307,3410
3307,3810
3308,3474
3308,3531
3308,3569
3308,3574
3308,3680
3308,3681
3308,3702
3308,3781
3309,3955
3310,3364
3310,3404
3310,3499
3310,3960
3310,4009
3311,3576
3311,3629
3311,3711
3312,3353
3312,3438
3312,3592
3313,3979
3314,3512
3314,3894
3314,3922
3314,4032
3315,3326
3315,3398
3315,3980
3316,3332
3316,3442
3316,3548
3316,3578
3316,3647
3317,3551
3318,3477
3318,3755
3319,3740
3319,3897
3319,3987
3320,3431
3320,3859
3321,3999
3322,3327
3322,3915
3323,3654
3323,3729
3323,3832
3323,3920
3324,3531
3324,3596
3324,3952
3325,3533
3325,3839
3327,3486
3327,3592
3327,3730
3327,3877
3327,3930
3329,3687
3329,3777
3329,4022
3331,3391
3331,3720
3333,3442
3334,3709
3335,3455
3335,3906
3336,3447
3336,3468
3336,3945
3337,3342
3337,3808
3337,3974
3338,3520
3338,3528
3338,3707
3340,3508
3340,3570
3340,3912
3342,3777
3343,3361
3343,3520
3343,3567
3343,3881
3343,3946
3344,3439
3344,3516
3344,3719
3344,3735
3345,3551
3346,3451
3346,3768
3346,3864
3346,3999
3348,3492
3349,3454
3349,3553
3349,3583
3349,3686
3349,3853
3349,3920
3350,3730
3350,3772
3350,3818
3350,3922
3350,4017
3351,3363
3351,3394
3352,3432
3352,3499
3352,3599
3353,3906
3354,3780
3354,3792
3355,3356
3356,3380
3357,3666
3358,3841
3358,3944
3358,4013
3359,3694
3360,3427
3360,3631
3360,3967
3361,3419
3361,3543
3361,3688
3361,3746
3361,3999
3362,3526
3362,3766
3363,3512
3363,3545
3363,3570
3363,3605
3363,3613
3363,3847
3363,3968
3364,3607
3365,3373
3366,3599
3366,3792
3366,4033
3367,3370
3368,3682
3369,3606
3369,3659
3369,3662
3369,3687
3369,4009
3370,3442
3370,3752
3370,3843
3370,3934
3371,3440
3371,3605
3373,4017
3374,3835
3375,3779
3376,3638
3376,3881
3377,3524
3377,3566
3378,3515
3378,3642
3378,3834
3378,4028
3379,3690
3379,3781
3379,3854
3380,3538
3380,3588
3381,3996
3382,3473
3382,3743
3382,3941
3383,3516
3385,3785
3386,3573
3386,3847
3387,3410
3387,3703
3387,3893
3387,4016
3389,3618
3390,3524
3390,3562
3390,4023
3391,3553
3391,3747
3392,3570
3392,3793
3393,3559
3393,3693
3393,3886
3393,3982
3394,3404
3394,3488
3394,3719
3394,4013
3394,4033
3395,3809
3395,3822
3395,3878
3396,3454
3397,3615
3397,3687
3397,3810
3398,3836
3399,3458
3399,3474
3399,3536
3399,3649
3400,3597
3400,3779
3401,3431
3401,3822
3402,3832
3403,3511
3403,3513
3403,3577
3403,3647
3404,3493
3405,4004
3406,3663
3406,3870
3407,3564
3407,3581
3407,3905
3407,4019
3408,3821
3408,3867
3408,3925
3409,3423
3409,3660
3409,3767
3410,3437
3410,3971
3411,3777
3411,3912
3411,3937
3412,3470
3412,3634
3413,3511
3413,3766
3414,3940
3417,3605
3417,3864
3418,3844
3419,3628
3419,3630
3419,3646
3419,3853
3419,3942
3422,3651
3424,3666
3424,3796
3424,3949
3425,3522
3425,3624
3425,3696
3425,3976
3426,3707
3426,3803
3427,3728
3427,3913
3427,4021
3428,3679
3428,3856
3428,4036
3429,3660
3430,3871
3431,3624
3431,3631
3431,3747
3431,3784
3431,3843
3431,3861
3431,3927
3431,3999
3433,3598
3434,3494
3435,3880
3435,3982
3437,3545
3437,3646
3437,3685
3437,3945
3438,3529
3438,3676
3438,4013
3439,3453
3439,3459
3439,3737
3439,3750
3439,3791
3440,3524
3440,3727
3440,3933
3441,3493
3442,3766
3442,4029
3443,3589
3443,3640
3443,3758
3443,3998
3445,3546
3445,3878
3446,3691
3446,3948
3447,3498
3447,3541
3447,3885
3449,3513
3449,3594
3449,3991
3450,3704
3452,3496
3452,3706
3452,3889
3454,3518
3454,3766
3454,3908
3456,3639
3456,3684
3456,3810
3456,3885
3456,3994
3457,3482
3457,3544
3458,3608
3458,3624
3458,3942
3460,3464
3460,3486
3460,3669
3460,3722
3460,3832
3460,3897
3461,3525
3461,3554
3462,3750
3463,3634
3464,3491
3464,3566
3464,4013
3465,3843
3465,3874
3466,3835
3467,3830
3467,4033
3469,4018
3471,3493
3471,4027
3473,3976
3473,3989
3474,3547
3474,3857
3474,3928
3479,3679
3479,3815
3480,3584
3480,3820
3480,3831
3481,3635
3482,3895
3483,4008
3485,3675
3486,3625
3486,3690
3486,3715
3486,3727
3486,3775
3486,3816
3487,3930
3488,3525
3488,3767
3488,3955
3488,3968
3489,3798
3489,3803
3490,3507
3492,3748
3492,3804
3495,3932
3495,3966
3496,4005
3499,3608
3499,3820
3500,3644
3500,3702
3500,3791
3500,3943
3501,3549
3502,3541
3502,4012
3503,3602
3503,3872
3504,3519
3504,3594
3504,3669
3504,3896
3505,3605
3505,3672
3505,3769
3506,3511
3506,3729
3506,3748
3506,3960
3507,3595
3507,3740
3507,3795
3508,3558
3509,3665
3509,3708
3509,3892
3509,3912
3511,3545
3511,3678
3511,3781
3512,3748
3512,3824
3513,3669
3513,3799
3514,3755
3514,3928
3515,3858
3515,3910
3515,4028
3516,4002
3517,3631
3520,3613
3520,3909
3522,3587
3522,3711
3522,3795
3522,3866
3524,3921
3525,3699
3526,3570
3528,3683
3529,3987
3531,3622
3531,3697
3531,3717
3532,3612
3533,3710
3533,3735
3534,3694
3535,3577
3535,3814
3535,3933
3536,3619
3536,3676
3536,3677
3536,3815
3536,4029
3537,3676
3537,4011
3538,3601
3538,3746
3538,3907
3539,3675
3539,3892
3540,3624
3540,3822
3541,3844
3542,3731
3542,3985
3545,3664
3546,3622
3546,3705
3547,4038
3548,3557
3549,3699
3549,3928
3549,4012
3551,3632
3552,3862
3553,3756
3554,3607
3554,3645
3554,3744
3554,3985
3555,3611
3555,3711
3556,3933
3557,3592
3558,3840
3558,4016
3560,3830
3560,3908
3561,3984
3562,3683
3564,3658
3564,3671
3564,3914
3564,3990
3565,3928
3566,3766
3568,3735
3568,3910
3569,3621
3569,3658
3570,3944
3571,3786
3571,3915
3573,3620
3573,3721
3574,3714
3574,3845
3575,3858
3575,3903
3577,3773
3580,3625
3580,4008
3581,3705
3581,3755
3584,3781
3585,3978
3586,3663
3587,3653
3587,3806
3587,3813
3589,3975
3591,3625
3591,3652
3591,3709
3593,3772
3593,3894
3593,4012
3594,3635
3594,3646
3598,3720
3598,3750
3599,3768
3600,3689
3600,3924
3601,3956
3602,3839
3602,3957
3602,4008
3603,3881
3604,3643
3604,3680
3604,3894
3604,4033
3605,3706
3605,3866
3605,3959
3605,3971
3608,3695
3608,3882
3608,3952
3609,3726
3610,3858
3611,3759
3616,3958
3618,3813
3618,3824
3619,4010
3623,3937
3624,3780
3625,3660
3626,3708
3626,3769
3630,3645
3630,3813
3630,4027
3632,3882
3632,3976
3633,3791
3633,3810
3634,3636
3636,3832
3636,3948
3636,4034
3637,3836
3638,3800
3639,3750
3639,3912
3640,3656
3642,3717
3643,3834
3644,3823
3644,3904
3645,3871
3645,3977
3646,3812
3647,3707
3647,3966
3648,3797
3649,3790
3650,3818
3650,3944
3650,3982
3651,3706
3651,3740
3652,3666
3652,3737
3652,3927
3652,3982
3652,3999
3653,3692
3653,3942
3655,4016
3656,3801
3658,3800
3658,3842
3659,3766
3659,3894
3660,3879
3661,4022
3662,3960
3663,3682
3664,3896
3664,4003
3664,4031
3666,3886
3667,3785
3668,3825
3668,3899
3668,4025
3670,3793
3670,3813
3673,3838
3673,3844
3673,3846
3675,3791
3676,3837
3676,3850
3680,3721
3680,3860
3681,3972
3683,3777
3683,3912
3684,3753
3687,3821
3689,3916
3692,3713
3692,4004
3694,3719
3696,3876
3697,3884
3697,4013
3698,4014
3700,3727
3701,3721
3702,3760
3704,3972
3705,3766
3705,3852
3705,3936
3707,3749
3707,3834
3707,3845
3707,3914
3707,3934
3708,3736
3709,3858
3710,3869
3713,3770
3715,3792
3718,3797
3722,3744
3724,3772
3724,3927
3726,3769
3726,4008
3728,3880
3728,3932
3728,3996
3730,3765
3730,3945
3732,3860
3733,3829
3734,3758
3734,3771
3736,3862
3737,3870
3738,3802
3738,3803
3738,3822
3739,3750
3739,3852
3739,3890
3741,3859
3741,3996
3741,4012
3743,3765
3743,3814
3744,3892
3745,3766
3746,3904
3746,4017
3748,3789
3750,3931
3751,3803
3751,3950
3754,3898
3754,3984
3755,3861
3760,4012
3761,3871
3761,3913
3762,3991
3763,3836
3764,3914
3768,4037
3769,3925
3770,3810
3770,3891
3771,3890
3774,3803
3775,3795
3775,3870
3776,3936
3776,3966
3776,4035
3778,4035
3779,3898
3780,4030
3785,4022
3785,4037
3789,3918
3790,3801
3791,3995
3791,4012
3792,3854
3793,3843
3794,3801
3794,3873
3794,4022
3796,4025
3797,3887
3799,3865
3800,3828
3803,3974
3805,4029
3808,3927
3810,3980
3811,3876
3813,3990
3816,3961
3818,4037
3819,3855
3819,4023
3820,3871
3822,4024
3823,3953
3824,3842
3824,4021
3827,3907
3830,4016
3834,3949
3834,3979
3835,3897
3836,3932
3837,3993
3839,4006
3840,3895
3841,4020
3844,3892
3844,4005
3845,3896
3845,3938
3845,3964
3846,3961
3848,3873
3849,3986
3850,3965
3850,4016
3851,4037
3852,3999
3852,4028
3854,3935
3855,3882
3856,4004
3857,3935
3862,3943
3862,3948
3866,3977
3871,3898
3879,4018
3882,3982
3887,3891
3888,3953
3893,3979
3894,3995
3894,3998
3896,3977
3897,3950
3897,3955
3897,4002
3898,3958
3899,3944
3903,3915
3905,3923
3906,3916
3911,3941
3911,4017
3913,3946
3913,3978
3913,4000
3916,3988
3916,4035
3917,3982
3919,3938
3926,4011
3929,3955
3935,4001
3938,4016
3944,3951
3953,3975
3955,3965
3955,4018
3960,4002
3960,4035
3962,3980
3963,3999
3965,3986
3967,4002
3969,3976
3971,4000
3975,4029
3978,4028
3979,3981
3983,4005
3996,4030
4005,4035
4022,4025
