2026-04-30,16:34:57 [INFO] (app.py:app:316): Parsing config file C:\Users\yuvra\Desktop\UNI\Data management\Tabpy\.venv\Lib\site-packages\tabpy\tabpy_server\app\..\common\default.conf
2026-04-30,16:34:57 [DEBUG] (app.py:app:277): Parameter port set to "9004" from default value
2026-04-30,16:34:57 [DEBUG] (app.py:app:277): Parameter server_version set to "2.13.0" from default value
2026-04-30,16:34:57 [DEBUG] (app.py:app:277): Parameter evaluate_enabled set to "True" from default value
2026-04-30,16:34:57 [DEBUG] (app.py:app:277): Parameter evaluate_timeout set to "30" from default value
2026-04-30,16:34:57 [DEBUG] (app.py:app:277): Parameter upload_dir set to "C:\Users\yuvra\Desktop\UNI\Data management\Tabpy\.venv\Lib\site-packages\tabpy\tmp\query_objects" from default value
2026-04-30,16:34:57 [DEBUG] (app.py:app:277): Parameter transfer_protocol set to "http" from default value
2026-04-30,16:34:57 [DEBUG] (app.py:app:284): Parameter certificate_file is not set
2026-04-30,16:34:57 [DEBUG] (app.py:app:284): Parameter key_file is not set
2026-04-30,16:34:57 [DEBUG] (app.py:app:277): Parameter minimum_tls_version set to "TLSv1_2" from default value
2026-04-30,16:34:57 [DEBUG] (app.py:app:277): Parameter state_file_path set to "C:\Users\yuvra\Desktop\UNI\Data management\Tabpy\.venv\Lib\site-packages\tabpy\tabpy_server" from default value
2026-04-30,16:34:57 [DEBUG] (app.py:app:277): Parameter static_path set to "C:\Users\yuvra\Desktop\UNI\Data management\Tabpy\.venv\Lib\site-packages\tabpy\tabpy_server\static" from default value
2026-04-30,16:34:57 [DEBUG] (app.py:app:284): Parameter TABPY_PWD_FILE is not set
2026-04-30,16:34:57 [DEBUG] (app.py:app:277): Parameter log_request_context set to "false" from default value
2026-04-30,16:34:57 [DEBUG] (app.py:app:277): Parameter max_request_size_in_mb set to "100" from default value
2026-04-30,16:34:57 [DEBUG] (app.py:app:277): Parameter gzip_enabled set to "True" from default value
2026-04-30,16:34:57 [DEBUG] (app.py:app:277): Parameter arrow_enabled set to "False" from default value
2026-04-30,16:34:57 [DEBUG] (app.py:app:277): Parameter arrowflight_port set to "13622" from default value
2026-04-30,16:34:57 [INFO] (app.py:app:381): Setting max request size to 104857600 bytes
2026-04-30,16:34:57 [DEBUG] (app.py:app:539): File C:\Users\yuvra\Desktop\UNI\Data management\Tabpy\.venv\Lib\site-packages\tabpy\tabpy_server\state.ini not found, creating from template C:\Users\yuvra\Desktop\UNI\Data management\Tabpy\.venv\Lib\site-packages\tabpy\tabpy_server\state.ini.template...
2026-04-30,16:34:57 [INFO] (app.py:app:545): Loading state from state file C:\Users\yuvra\Desktop\UNI\Data management\Tabpy\.venv\Lib\site-packages\tabpy\tabpy_server\state.ini
2026-04-30,16:34:57 [DEBUG] (app.py:app:397): Static pages folder set to "C:\Users\yuvra\Desktop\UNI\Data management\Tabpy\.venv\Lib\site-packages\tabpy\tabpy_server\static"
2026-04-30,16:35:00 [INFO] (app.py:app:510): Password file is not specified: Authentication is not enabled
2026-04-30,16:35:00 [INFO] (app.py:app:429): Call context logging is disabled
2026-04-30,16:35:00 [INFO] (app.py:app:197): Initializing TabPy...
2026-04-30,16:35:00 [DEBUG] (proactor_events.py:proactor_events:633): Using proactor: IocpProactor
2026-04-30,16:35:00 [INFO] (callbacks.py:callbacks:43): Initializing TabPy Server...
2026-04-30,16:35:00 [DEBUG] (state.py:state:628): Loading option 'None' from section [Query Objects Service Versions]...
2026-04-30,16:35:00 [DEBUG] (state.py:state:650): Returning value '[]'
2026-04-30,16:35:00 [DEBUG] (state.py:state:148): Collected endpoints: {}
2026-04-30,16:35:00 [INFO] (app.py:app:201): Done initializing TabPy.
2026-04-30,16:35:00 [DEBUG] (selector_events.py:selector_events:64): Using selector: SelectSelector
2026-04-30,16:35:00 [INFO] (callbacks.py:callbacks:64): Initializing models...
2026-04-30,16:35:00 [DEBUG] (state.py:state:628): Loading option 'None' from section [Query Objects Service Versions]...
2026-04-30,16:35:00 [DEBUG] (state.py:state:650): Returning value '[]'
2026-04-30,16:35:00 [DEBUG] (state.py:state:148): Collected endpoints: {}
2026-04-30,16:35:00 [INFO] (app.py:app:167): Web service listening on port 9004
2026-04-30,16:36:38 [CRITICAL] (app.py:app:189): Exiting on signal 2...
2026-04-30,16:36:38 [INFO] (app.py:app:195): Shutting down TabPy...
2026-04-30,16:36:38 [INFO] (app.py:app:195): Shutting down TabPy...
2026-04-30,16:38:25 [INFO] (app.py:app:316): Parsing config file C:\Users\yuvra\Desktop\UNI\Data management\Tabpy\.venv\Lib\site-packages\tabpy\tabpy_server\app\..\common\default.conf
2026-04-30,16:38:25 [DEBUG] (app.py:app:277): Parameter port set to "9004" from default value
2026-04-30,16:38:25 [DEBUG] (app.py:app:277): Parameter server_version set to "2.13.0" from default value
2026-04-30,16:38:25 [DEBUG] (app.py:app:277): Parameter evaluate_enabled set to "True" from default value
2026-04-30,16:38:25 [DEBUG] (app.py:app:277): Parameter evaluate_timeout set to "30" from default value
2026-04-30,16:38:25 [DEBUG] (app.py:app:277): Parameter upload_dir set to "C:\Users\yuvra\Desktop\UNI\Data management\Tabpy\.venv\Lib\site-packages\tabpy\tmp\query_objects" from default value
2026-04-30,16:38:25 [DEBUG] (app.py:app:277): Parameter transfer_protocol set to "http" from default value
2026-04-30,16:38:25 [DEBUG] (app.py:app:284): Parameter certificate_file is not set
2026-04-30,16:38:25 [DEBUG] (app.py:app:284): Parameter key_file is not set
2026-04-30,16:38:25 [DEBUG] (app.py:app:277): Parameter minimum_tls_version set to "TLSv1_2" from default value
2026-04-30,16:38:25 [DEBUG] (app.py:app:277): Parameter state_file_path set to "C:\Users\yuvra\Desktop\UNI\Data management\Tabpy\.venv\Lib\site-packages\tabpy\tabpy_server" from default value
2026-04-30,16:38:25 [DEBUG] (app.py:app:277): Parameter static_path set to "C:\Users\yuvra\Desktop\UNI\Data management\Tabpy\.venv\Lib\site-packages\tabpy\tabpy_server\static" from default value
2026-04-30,16:38:25 [DEBUG] (app.py:app:284): Parameter TABPY_PWD_FILE is not set
2026-04-30,16:38:25 [DEBUG] (app.py:app:277): Parameter log_request_context set to "false" from default value
2026-04-30,16:38:25 [DEBUG] (app.py:app:277): Parameter max_request_size_in_mb set to "100" from default value
2026-04-30,16:38:25 [DEBUG] (app.py:app:277): Parameter gzip_enabled set to "True" from default value
2026-04-30,16:38:25 [DEBUG] (app.py:app:277): Parameter arrow_enabled set to "False" from default value
2026-04-30,16:38:25 [DEBUG] (app.py:app:277): Parameter arrowflight_port set to "13622" from default value
2026-04-30,16:38:25 [INFO] (app.py:app:381): Setting max request size to 104857600 bytes
2026-04-30,16:38:25 [INFO] (app.py:app:545): Loading state from state file C:\Users\yuvra\Desktop\UNI\Data management\Tabpy\.venv\Lib\site-packages\tabpy\tabpy_server\state.ini
2026-04-30,16:38:25 [DEBUG] (app.py:app:397): Static pages folder set to "C:\Users\yuvra\Desktop\UNI\Data management\Tabpy\.venv\Lib\site-packages\tabpy\tabpy_server\static"
2026-04-30,16:42:21 [INFO] (app.py:app:316): Parsing config file C:\Users\yuvra\Desktop\UNI\Data management\Tabpy\.venv\Lib\site-packages\tabpy\tabpy_server\app\..\common\default.conf
2026-04-30,16:42:21 [DEBUG] (app.py:app:277): Parameter port set to "9004" from default value
2026-04-30,16:42:21 [DEBUG] (app.py:app:277): Parameter server_version set to "2.13.0" from default value
2026-04-30,16:42:21 [DEBUG] (app.py:app:277): Parameter evaluate_enabled set to "True" from default value
2026-04-30,16:42:21 [DEBUG] (app.py:app:277): Parameter evaluate_timeout set to "30" from default value
2026-04-30,16:42:21 [DEBUG] (app.py:app:277): Parameter upload_dir set to "C:\Users\yuvra\Desktop\UNI\Data management\Tabpy\.venv\Lib\site-packages\tabpy\tmp\query_objects" from default value
2026-04-30,16:42:21 [DEBUG] (app.py:app:277): Parameter transfer_protocol set to "http" from default value
2026-04-30,16:42:21 [DEBUG] (app.py:app:284): Parameter certificate_file is not set
2026-04-30,16:42:21 [DEBUG] (app.py:app:284): Parameter key_file is not set
2026-04-30,16:42:21 [DEBUG] (app.py:app:277): Parameter minimum_tls_version set to "TLSv1_2" from default value
2026-04-30,16:42:21 [DEBUG] (app.py:app:277): Parameter state_file_path set to "C:\Users\yuvra\Desktop\UNI\Data management\Tabpy\.venv\Lib\site-packages\tabpy\tabpy_server" from default value
2026-04-30,16:42:21 [DEBUG] (app.py:app:277): Parameter static_path set to "C:\Users\yuvra\Desktop\UNI\Data management\Tabpy\.venv\Lib\site-packages\tabpy\tabpy_server\static" from default value
2026-04-30,16:42:21 [DEBUG] (app.py:app:284): Parameter TABPY_PWD_FILE is not set
2026-04-30,16:42:21 [DEBUG] (app.py:app:277): Parameter log_request_context set to "false" from default value
2026-04-30,16:42:21 [DEBUG] (app.py:app:277): Parameter max_request_size_in_mb set to "100" from default value
2026-04-30,16:42:21 [DEBUG] (app.py:app:277): Parameter gzip_enabled set to "True" from default value
2026-04-30,16:42:21 [DEBUG] (app.py:app:277): Parameter arrow_enabled set to "False" from default value
2026-04-30,16:42:21 [DEBUG] (app.py:app:277): Parameter arrowflight_port set to "13622" from default value
2026-04-30,16:42:21 [INFO] (app.py:app:381): Setting max request size to 104857600 bytes
2026-04-30,16:42:21 [INFO] (app.py:app:545): Loading state from state file C:\Users\yuvra\Desktop\UNI\Data management\Tabpy\.venv\Lib\site-packages\tabpy\tabpy_server\state.ini
2026-04-30,16:42:21 [DEBUG] (app.py:app:397): Static pages folder set to "C:\Users\yuvra\Desktop\UNI\Data management\Tabpy\.venv\Lib\site-packages\tabpy\tabpy_server\static"
2026-04-30,16:43:03 [INFO] (app.py:app:510): Password file is not specified: Authentication is not enabled
2026-04-30,16:43:03 [INFO] (app.py:app:429): Call context logging is disabled
2026-04-30,16:43:03 [INFO] (app.py:app:197): Initializing TabPy...
2026-04-30,16:43:03 [DEBUG] (proactor_events.py:proactor_events:633): Using proactor: IocpProactor
2026-04-30,16:43:03 [INFO] (callbacks.py:callbacks:43): Initializing TabPy Server...
2026-04-30,16:43:03 [DEBUG] (state.py:state:628): Loading option 'None' from section [Query Objects Service Versions]...
2026-04-30,16:43:03 [DEBUG] (state.py:state:650): Returning value '[]'
2026-04-30,16:43:03 [DEBUG] (state.py:state:148): Collected endpoints: {}
2026-04-30,16:43:03 [INFO] (app.py:app:201): Done initializing TabPy.
2026-04-30,16:43:03 [DEBUG] (selector_events.py:selector_events:64): Using selector: SelectSelector
2026-04-30,16:43:03 [INFO] (callbacks.py:callbacks:64): Initializing models...
2026-04-30,16:43:03 [DEBUG] (state.py:state:628): Loading option 'None' from section [Query Objects Service Versions]...
2026-04-30,16:43:03 [DEBUG] (state.py:state:650): Returning value '[]'
2026-04-30,16:43:03 [DEBUG] (state.py:state:148): Collected endpoints: {}
2026-04-30,16:43:03 [INFO] (app.py:app:167): Web service listening on port 9004
2026-04-30,16:46:42 [DEBUG] (base_handler.py:base_handler:115): Checking if need to handle authentication
2026-04-30,16:46:42 [DEBUG] (base_handler.py:base_handler:115): Handling authentication
2026-04-30,16:46:42 [INFO] (base_handler.py:base_handler:115): Authentication is not a required feature for API "v1"
2026-04-30,16:46:42 [DEBUG] (base_handler.py:base_handler:115): Checking request headers for authentication data
2026-04-30,16:46:42 [INFO] (base_handler.py:base_handler:115): Authorization header not found
2026-04-30,16:46:42 [DEBUG] (base_handler.py:base_handler:115): authentication not required, username and password are none
2026-04-30,16:46:42 [DEBUG] (base_handler.py:base_handler:115): Checking if need to handle authentication
2026-04-30,16:46:42 [DEBUG] (base_handler.py:base_handler:115): Handling authentication
2026-04-30,16:46:42 [INFO] (base_handler.py:base_handler:115): Authentication is not a required feature for API "v1"
2026-04-30,16:46:42 [DEBUG] (base_handler.py:base_handler:115): Checking request headers for authentication data
2026-04-30,16:46:42 [INFO] (base_handler.py:base_handler:115): Authorization header not found
2026-04-30,16:46:42 [DEBUG] (base_handler.py:base_handler:115): authentication not required, username and password are none
2026-04-30,16:46:42 [DEBUG] (state.py:state:526): Collecting Access-Control-Allow-Origin from state file ...
2026-04-30,16:46:42 [DEBUG] (state.py:state:628): Loading option 'Access-Control-Allow-Origin' from section [Service Info]...
2026-04-30,16:46:42 [DEBUG] (state.py:state:650): Returning value ''
2026-04-30,16:46:42 [DEBUG] (state.py:state:628): Loading option 'Access-Control-Allow-Headers' from section [Service Info]...
2026-04-30,16:46:42 [DEBUG] (state.py:state:650): Returning value ''
2026-04-30,16:46:42 [DEBUG] (state.py:state:628): Loading option 'Access-Control-Allow-Methods' from section [Service Info]...
2026-04-30,16:46:42 [DEBUG] (state.py:state:650): Returning value ''
2026-04-30,16:46:42 [DEBUG] (base_handler.py:base_handler:115): Processing POST request...
2026-04-30,16:46:42 [INFO] (base_handler.py:base_handler:115): function to evaluate=def _user_script(tabpy, _arg1):
 import pandas as pd
 def get_output_schema():
 	return '88bcc9a0-3d33-4796-9f5e-c6ac01f67442'
 def prep_string():
 	return ['prep_string_type']
 def prep_bool():
 	return ['prep_bool_type']
 def prep_int():
 	return ['prep_int_type']
 def prep_decimal():
     return ['prep_decimal_type']
 def prep_date():
 	return ['prep_date_type']
 def prep_datetime():
 	return ['prep_datetime_type']
 #!/usr/bin/env python
 # coding: utf-8
 
 # import libraries
 
 import pandas as pd
 import matplotlib.pyplot as plt
 
 from sklearn.preprocessing import StandardScaler
 from sklearn.svm import OneClassSVM
 
 # Function
 def detect_outliers(input_df, outliers_fraction=0.05):
     
     # Sorting it by the Date Column
     df = input_df.sort_values('date')
 
     # Taking Sum of the Amounts on a given day (Remove if unique 'amount' on a given day)
     df = pd.pivot_table(df, index='date', values='amount', aggfunc='sum')
     df = df.reset_index()
 
     # Scaling the Data
     scaler = StandardScaler()
     scaled_data = scaler.fit_transform(pd.DataFrame(df['amount']))
     data = pd.DataFrame(scaled_data)
 
     # Training the OneClassSVM
     model = OneClassSVM(nu=outliers_fraction, kernel="rbf", gamma=0.1)
     model.fit(data)
 
     # Getting the Predicted Outliers
     df['anomaly'] = pd.Series(model.predict(data))
 
     # Setting the 'anomaly' column as boolean
     df['anomaly'] = [True if x == -1 else False for x in df['anomaly']]
 
     output_df = input_df
     
     return df
 
 def get_output_schema():
   return pd.DataFrame({
     'date' : prep_date(),
     'amount' : prep_decimal(), 
     'anomaly' : prep_bool()
 })
 def get_output_schema_3cfde641d679414e813c01d3eabe92c8(df = pd.DataFrame()):
     import inspect
     if len(inspect.getfullargspec(get_output_schema).args) == 0:
         return get_output_schema()
     else:
         return get_output_schema(df)
 result_schema_output = get_output_schema_3cfde641d679414e813c01d3eabe92c8(pd.DataFrame(_arg1))
 return result_schema_output.to_dict(orient='split') if isinstance(result_schema_output, pd.DataFrame) else result_schema_output

2026-04-30,16:46:42 [DEBUG] (state.py:state:526): Collecting Access-Control-Allow-Origin from state file ...
2026-04-30,16:46:42 [DEBUG] (state.py:state:628): Loading option 'Access-Control-Allow-Origin' from section [Service Info]...
2026-04-30,16:46:42 [DEBUG] (state.py:state:650): Returning value ''
2026-04-30,16:46:42 [DEBUG] (state.py:state:628): Loading option 'Access-Control-Allow-Headers' from section [Service Info]...
2026-04-30,16:46:42 [DEBUG] (state.py:state:650): Returning value ''
2026-04-30,16:46:42 [DEBUG] (state.py:state:628): Loading option 'Access-Control-Allow-Methods' from section [Service Info]...
2026-04-30,16:46:42 [DEBUG] (state.py:state:650): Returning value ''
2026-04-30,16:46:42 [DEBUG] (base_handler.py:base_handler:115): Processing POST request...
2026-04-30,16:46:42 [INFO] (base_handler.py:base_handler:115): function to evaluate=def _user_script(tabpy, _arg1):
 import pandas as pd
 def get_output_schema():
 	return '88bcc9a0-3d33-4796-9f5e-c6ac01f67442'
 def prep_string():
 	return ['prep_string_type']
 def prep_bool():
 	return ['prep_bool_type']
 def prep_int():
 	return ['prep_int_type']
 def prep_decimal():
     return ['prep_decimal_type']
 def prep_date():
 	return ['prep_date_type']
 def prep_datetime():
 	return ['prep_datetime_type']
 #!/usr/bin/env python
 # coding: utf-8
 
 # import libraries
 
 import pandas as pd
 import matplotlib.pyplot as plt
 
 from sklearn.preprocessing import StandardScaler
 from sklearn.svm import OneClassSVM
 
 # Function
 def detect_outliers(input_df, outliers_fraction=0.05):
     
     # Sorting it by the Date Column
     df = input_df.sort_values('date')
 
     # Taking Sum of the Amounts on a given day (Remove if unique 'amount' on a given day)
     df = pd.pivot_table(df, index='date', values='amount', aggfunc='sum')
     df = df.reset_index()
 
     # Scaling the Data
     scaler = StandardScaler()
     scaled_data = scaler.fit_transform(pd.DataFrame(df['amount']))
     data = pd.DataFrame(scaled_data)
 
     # Training the OneClassSVM
     model = OneClassSVM(nu=outliers_fraction, kernel="rbf", gamma=0.1)
     model.fit(data)
 
     # Getting the Predicted Outliers
     df['anomaly'] = pd.Series(model.predict(data))
 
     # Setting the 'anomaly' column as boolean
     df['anomaly'] = [True if x == -1 else False for x in df['anomaly']]
 
     output_df = input_df
     
     return df
 
 def get_output_schema():
   return pd.DataFrame({
     'date' : prep_date(),
     'amount' : prep_decimal(), 
     'anomaly' : prep_bool()
 })
 def get_output_schema_3cfde641d679414e813c01d3eabe92c8(df = pd.DataFrame()):
     import inspect
     if len(inspect.getfullargspec(get_output_schema).args) == 0:
         return get_output_schema()
     else:
         return get_output_schema(df)
 result_schema_output = get_output_schema_3cfde641d679414e813c01d3eabe92c8(pd.DataFrame(_arg1))
 return result_schema_output.to_dict(orient='split') if isinstance(result_schema_output, pd.DataFrame) else result_schema_output

2026-04-30,16:46:42 [ERROR] (base_handler.py:base_handler:115): Traceback (most recent call last):
  File "C:\Users\yuvra\Desktop\UNI\Data management\Tabpy\.venv\Lib\site-packages\tabpy\tabpy_server\handlers\evaluation_plane_handler.py", line 178, in post
    yield self._post_impl()
  File "C:\Users\yuvra\Desktop\UNI\Data management\Tabpy\.venv\Lib\site-packages\tornado\gen.py", line 783, in run
    value = future.result()
  File "C:\Users\yuvra\Desktop\UNI\Data management\Tabpy\.venv\Lib\site-packages\tornado\gen.py", line 796, in run
    yielded = self.gen.throw(exc)
  File "C:\Users\yuvra\Desktop\UNI\Data management\Tabpy\.venv\Lib\site-packages\tabpy\tabpy_server\handlers\evaluation_plane_handler.py", line 118, in _post_impl
    result = yield self._call_subprocess(function_to_evaluate, arguments)
             ^^^^^^^^^^^^^^^^^^^^^^^^^^^^^^^^^^^^^^^^^^^^^^^^^^^^^^^^^^^^
  File "C:\Users\yuvra\Desktop\UNI\Data management\Tabpy\.venv\Lib\site-packages\tornado\gen.py", line 783, in run
    value = future.result()
  File "C:\Users\yuvra\Desktop\UNI\Data management\Tabpy\.venv\Lib\site-packages\tornado\gen.py", line 796, in run
    yielded = self.gen.throw(exc)
  File "C:\Users\yuvra\Desktop\UNI\Data management\Tabpy\.venv\Lib\site-packages\tabpy\tabpy_server\handlers\evaluation_plane_handler.py", line 212, in _call_subprocess
    ret = yield gen.with_timeout(timedelta(seconds=self.eval_timeout), future)
          ^^^^^^^^^^^^^^^^^^^^^^^^^^^^^^^^^^^^^^^^^^^^^^^^^^^^^^^^^^^^^^^^^^^^
  File "C:\Users\yuvra\Desktop\UNI\Data management\Tabpy\.venv\Lib\site-packages\tornado\gen.py", line 783, in run
    value = future.result()
  File "c:\python314\Lib\concurrent\futures\thread.py", line 86, in run
    result = ctx.run(self.task)
  File "c:\python314\Lib\concurrent\futures\thread.py", line 73, in run
    return fn(*args, **kwargs)
  File "<string>", line 23, in _user_script
ModuleNotFoundError: No module named 'matplotlib'

2026-04-30,16:46:42 [ERROR] (base_handler.py:base_handler:115): Responding with status=500, message="Error processing script", info="ModuleNotFoundError : No module named 'matplotlib'"
2026-04-30,16:46:42 [ERROR] (web.py:web:2439): 500 POST /evaluate (127.0.0.1) 21.39ms
2026-04-30,16:46:42 [ERROR] (base_handler.py:base_handler:115): Traceback (most recent call last):
  File "C:\Users\yuvra\Desktop\UNI\Data management\Tabpy\.venv\Lib\site-packages\tabpy\tabpy_server\handlers\evaluation_plane_handler.py", line 178, in post
    yield self._post_impl()
  File "C:\Users\yuvra\Desktop\UNI\Data management\Tabpy\.venv\Lib\site-packages\tornado\gen.py", line 783, in run
    value = future.result()
  File "C:\Users\yuvra\Desktop\UNI\Data management\Tabpy\.venv\Lib\site-packages\tornado\gen.py", line 796, in run
    yielded = self.gen.throw(exc)
  File "C:\Users\yuvra\Desktop\UNI\Data management\Tabpy\.venv\Lib\site-packages\tabpy\tabpy_server\handlers\evaluation_plane_handler.py", line 118, in _post_impl
    result = yield self._call_subprocess(function_to_evaluate, arguments)
             ^^^^^^^^^^^^^^^^^^^^^^^^^^^^^^^^^^^^^^^^^^^^^^^^^^^^^^^^^^^^
  File "C:\Users\yuvra\Desktop\UNI\Data management\Tabpy\.venv\Lib\site-packages\tornado\gen.py", line 783, in run
    value = future.result()
  File "C:\Users\yuvra\Desktop\UNI\Data management\Tabpy\.venv\Lib\site-packages\tornado\gen.py", line 796, in run
    yielded = self.gen.throw(exc)
  File "C:\Users\yuvra\Desktop\UNI\Data management\Tabpy\.venv\Lib\site-packages\tabpy\tabpy_server\handlers\evaluation_plane_handler.py", line 212, in _call_subprocess
    ret = yield gen.with_timeout(timedelta(seconds=self.eval_timeout), future)
          ^^^^^^^^^^^^^^^^^^^^^^^^^^^^^^^^^^^^^^^^^^^^^^^^^^^^^^^^^^^^^^^^^^^^
  File "C:\Users\yuvra\Desktop\UNI\Data management\Tabpy\.venv\Lib\site-packages\tornado\gen.py", line 783, in run
    value = future.result()
  File "c:\python314\Lib\concurrent\futures\thread.py", line 86, in run
    result = ctx.run(self.task)
  File "c:\python314\Lib\concurrent\futures\thread.py", line 73, in run
    return fn(*args, **kwargs)
  File "<string>", line 23, in _user_script
ModuleNotFoundError: No module named 'matplotlib'

2026-04-30,16:46:42 [ERROR] (base_handler.py:base_handler:115): Responding with status=500, message="Error processing script", info="ModuleNotFoundError : No module named 'matplotlib'"
2026-04-30,16:46:42 [ERROR] (web.py:web:2439): 500 POST /evaluate (127.0.0.1) 27.50ms
2026-04-30,16:46:42 [DEBUG] (base_handler.py:base_handler:115): Checking if need to handle authentication
2026-04-30,16:46:42 [DEBUG] (base_handler.py:base_handler:115): Handling authentication
2026-04-30,16:46:42 [INFO] (base_handler.py:base_handler:115): Authentication is not a required feature for API "v1"
2026-04-30,16:46:42 [DEBUG] (base_handler.py:base_handler:115): Checking request headers for authentication data
2026-04-30,16:46:42 [INFO] (base_handler.py:base_handler:115): Authorization header not found
2026-04-30,16:46:42 [DEBUG] (base_handler.py:base_handler:115): authentication not required, username and password are none
2026-04-30,16:46:42 [DEBUG] (state.py:state:526): Collecting Access-Control-Allow-Origin from state file ...
2026-04-30,16:46:42 [DEBUG] (state.py:state:628): Loading option 'Access-Control-Allow-Origin' from section [Service Info]...
2026-04-30,16:46:42 [DEBUG] (state.py:state:650): Returning value ''
2026-04-30,16:46:42 [DEBUG] (state.py:state:628): Loading option 'Access-Control-Allow-Headers' from section [Service Info]...
2026-04-30,16:46:42 [DEBUG] (state.py:state:650): Returning value ''
2026-04-30,16:46:42 [DEBUG] (state.py:state:628): Loading option 'Access-Control-Allow-Methods' from section [Service Info]...
2026-04-30,16:46:42 [DEBUG] (state.py:state:650): Returning value ''
2026-04-30,16:46:42 [DEBUG] (base_handler.py:base_handler:115): Processing POST request...
2026-04-30,16:46:42 [INFO] (base_handler.py:base_handler:115): function to evaluate=def _user_script(tabpy, _arg1):
 import pandas as pd
 def get_output_schema():
 	return '88bcc9a0-3d33-4796-9f5e-c6ac01f67442'
 def prep_string():
 	return ['prep_string_type']
 def prep_bool():
 	return ['prep_bool_type']
 def prep_int():
 	return ['prep_int_type']
 def prep_decimal():
     return ['prep_decimal_type']
 def prep_date():
 	return ['prep_date_type']
 def prep_datetime():
 	return ['prep_datetime_type']
 #!/usr/bin/env python
 # coding: utf-8
 
 # import libraries
 
 import pandas as pd
 import matplotlib.pyplot as plt
 
 from sklearn.preprocessing import StandardScaler
 from sklearn.svm import OneClassSVM
 
 # Function
 def detect_outliers(input_df, outliers_fraction=0.05):
     
     # Sorting it by the Date Column
     df = input_df.sort_values('date')
 
     # Taking Sum of the Amounts on a given day (Remove if unique 'amount' on a given day)
     df = pd.pivot_table(df, index='date', values='amount', aggfunc='sum')
     df = df.reset_index()
 
     # Scaling the Data
     scaler = StandardScaler()
     scaled_data = scaler.fit_transform(pd.DataFrame(df['amount']))
     data = pd.DataFrame(scaled_data)
 
     # Training the OneClassSVM
     model = OneClassSVM(nu=outliers_fraction, kernel="rbf", gamma=0.1)
     model.fit(data)
 
     # Getting the Predicted Outliers
     df['anomaly'] = pd.Series(model.predict(data))
 
     # Setting the 'anomaly' column as boolean
     df['anomaly'] = [True if x == -1 else False for x in df['anomaly']]
 
     output_df = input_df
     
     return df
 
 def get_output_schema():
   return pd.DataFrame({
     'date' : prep_date(),
     'amount' : prep_decimal(), 
     'anomaly' : prep_bool()
 })
 def get_output_schema_3cfde641d679414e813c01d3eabe92c8(df = pd.DataFrame()):
     import inspect
     if len(inspect.getfullargspec(get_output_schema).args) == 0:
         return get_output_schema()
     else:
         return get_output_schema(df)
 result_schema_output = get_output_schema_3cfde641d679414e813c01d3eabe92c8(pd.DataFrame(_arg1))
 return result_schema_output.to_dict(orient='split') if isinstance(result_schema_output, pd.DataFrame) else result_schema_output

2026-04-30,16:46:42 [DEBUG] (base_handler.py:base_handler:115): Checking if need to handle authentication
2026-04-30,16:46:42 [DEBUG] (base_handler.py:base_handler:115): Handling authentication
2026-04-30,16:46:42 [INFO] (base_handler.py:base_handler:115): Authentication is not a required feature for API "v1"
2026-04-30,16:46:42 [DEBUG] (base_handler.py:base_handler:115): Checking request headers for authentication data
2026-04-30,16:46:42 [INFO] (base_handler.py:base_handler:115): Authorization header not found
2026-04-30,16:46:42 [DEBUG] (base_handler.py:base_handler:115): authentication not required, username and password are none
2026-04-30,16:46:42 [DEBUG] (state.py:state:526): Collecting Access-Control-Allow-Origin from state file ...
2026-04-30,16:46:42 [DEBUG] (state.py:state:628): Loading option 'Access-Control-Allow-Origin' from section [Service Info]...
2026-04-30,16:46:42 [DEBUG] (state.py:state:650): Returning value ''
2026-04-30,16:46:42 [DEBUG] (state.py:state:628): Loading option 'Access-Control-Allow-Headers' from section [Service Info]...
2026-04-30,16:46:42 [DEBUG] (state.py:state:650): Returning value ''
2026-04-30,16:46:42 [DEBUG] (state.py:state:628): Loading option 'Access-Control-Allow-Methods' from section [Service Info]...
2026-04-30,16:46:42 [DEBUG] (state.py:state:650): Returning value ''
2026-04-30,16:46:42 [DEBUG] (base_handler.py:base_handler:115): Processing POST request...
2026-04-30,16:46:42 [INFO] (base_handler.py:base_handler:115): function to evaluate=def _user_script(tabpy, _arg1):
 import pandas as pd
 def get_output_schema():
 	return '88bcc9a0-3d33-4796-9f5e-c6ac01f67442'
 def prep_string():
 	return ['prep_string_type']
 def prep_bool():
 	return ['prep_bool_type']
 def prep_int():
 	return ['prep_int_type']
 def prep_decimal():
     return ['prep_decimal_type']
 def prep_date():
 	return ['prep_date_type']
 def prep_datetime():
 	return ['prep_datetime_type']
 #!/usr/bin/env python
 # coding: utf-8
 
 # import libraries
 
 import pandas as pd
 import matplotlib.pyplot as plt
 
 from sklearn.preprocessing import StandardScaler
 from sklearn.svm import OneClassSVM
 
 # Function
 def detect_outliers(input_df, outliers_fraction=0.05):
     
     # Sorting it by the Date Column
     df = input_df.sort_values('date')
 
     # Taking Sum of the Amounts on a given day (Remove if unique 'amount' on a given day)
     df = pd.pivot_table(df, index='date', values='amount', aggfunc='sum')
     df = df.reset_index()
 
     # Scaling the Data
     scaler = StandardScaler()
     scaled_data = scaler.fit_transform(pd.DataFrame(df['amount']))
     data = pd.DataFrame(scaled_data)
 
     # Training the OneClassSVM
     model = OneClassSVM(nu=outliers_fraction, kernel="rbf", gamma=0.1)
     model.fit(data)
 
     # Getting the Predicted Outliers
     df['anomaly'] = pd.Series(model.predict(data))
 
     # Setting the 'anomaly' column as boolean
     df['anomaly'] = [True if x == -1 else False for x in df['anomaly']]
 
     output_df = input_df
     
     return df
 
 def get_output_schema():
   return pd.DataFrame({
     'date' : prep_date(),
     'amount' : prep_decimal(), 
     'anomaly' : prep_bool()
 })
 def get_output_schema_3cfde641d679414e813c01d3eabe92c8(df = pd.DataFrame()):
     import inspect
     if len(inspect.getfullargspec(get_output_schema).args) == 0:
         return get_output_schema()
     else:
         return get_output_schema(df)
 result_schema_output = get_output_schema_3cfde641d679414e813c01d3eabe92c8(pd.DataFrame(_arg1))
 return result_schema_output.to_dict(orient='split') if isinstance(result_schema_output, pd.DataFrame) else result_schema_output

2026-04-30,16:46:42 [ERROR] (base_handler.py:base_handler:115): Traceback (most recent call last):
  File "C:\Users\yuvra\Desktop\UNI\Data management\Tabpy\.venv\Lib\site-packages\tabpy\tabpy_server\handlers\evaluation_plane_handler.py", line 178, in post
    yield self._post_impl()
  File "C:\Users\yuvra\Desktop\UNI\Data management\Tabpy\.venv\Lib\site-packages\tornado\gen.py", line 783, in run
    value = future.result()
  File "C:\Users\yuvra\Desktop\UNI\Data management\Tabpy\.venv\Lib\site-packages\tornado\gen.py", line 796, in run
    yielded = self.gen.throw(exc)
  File "C:\Users\yuvra\Desktop\UNI\Data management\Tabpy\.venv\Lib\site-packages\tabpy\tabpy_server\handlers\evaluation_plane_handler.py", line 118, in _post_impl
    result = yield self._call_subprocess(function_to_evaluate, arguments)
             ^^^^^^^^^^^^^^^^^^^^^^^^^^^^^^^^^^^^^^^^^^^^^^^^^^^^^^^^^^^^
  File "C:\Users\yuvra\Desktop\UNI\Data management\Tabpy\.venv\Lib\site-packages\tornado\gen.py", line 783, in run
    value = future.result()
  File "C:\Users\yuvra\Desktop\UNI\Data management\Tabpy\.venv\Lib\site-packages\tornado\gen.py", line 796, in run
    yielded = self.gen.throw(exc)
  File "C:\Users\yuvra\Desktop\UNI\Data management\Tabpy\.venv\Lib\site-packages\tabpy\tabpy_server\handlers\evaluation_plane_handler.py", line 212, in _call_subprocess
    ret = yield gen.with_timeout(timedelta(seconds=self.eval_timeout), future)
          ^^^^^^^^^^^^^^^^^^^^^^^^^^^^^^^^^^^^^^^^^^^^^^^^^^^^^^^^^^^^^^^^^^^^
  File "C:\Users\yuvra\Desktop\UNI\Data management\Tabpy\.venv\Lib\site-packages\tornado\gen.py", line 783, in run
    value = future.result()
  File "c:\python314\Lib\concurrent\futures\thread.py", line 86, in run
    result = ctx.run(self.task)
  File "c:\python314\Lib\concurrent\futures\thread.py", line 73, in run
    return fn(*args, **kwargs)
  File "<string>", line 23, in _user_script
ModuleNotFoundError: No module named 'matplotlib'

2026-04-30,16:46:42 [ERROR] (base_handler.py:base_handler:115): Responding with status=500, message="Error processing script", info="ModuleNotFoundError : No module named 'matplotlib'"
2026-04-30,16:46:42 [ERROR] (web.py:web:2439): 500 POST /evaluate (127.0.0.1) 20.44ms
2026-04-30,16:46:42 [ERROR] (base_handler.py:base_handler:115): Traceback (most recent call last):
  File "C:\Users\yuvra\Desktop\UNI\Data management\Tabpy\.venv\Lib\site-packages\tabpy\tabpy_server\handlers\evaluation_plane_handler.py", line 178, in post
    yield self._post_impl()
  File "C:\Users\yuvra\Desktop\UNI\Data management\Tabpy\.venv\Lib\site-packages\tornado\gen.py", line 783, in run
    value = future.result()
  File "C:\Users\yuvra\Desktop\UNI\Data management\Tabpy\.venv\Lib\site-packages\tornado\gen.py", line 796, in run
    yielded = self.gen.throw(exc)
  File "C:\Users\yuvra\Desktop\UNI\Data management\Tabpy\.venv\Lib\site-packages\tabpy\tabpy_server\handlers\evaluation_plane_handler.py", line 118, in _post_impl
    result = yield self._call_subprocess(function_to_evaluate, arguments)
             ^^^^^^^^^^^^^^^^^^^^^^^^^^^^^^^^^^^^^^^^^^^^^^^^^^^^^^^^^^^^
  File "C:\Users\yuvra\Desktop\UNI\Data management\Tabpy\.venv\Lib\site-packages\tornado\gen.py", line 783, in run
    value = future.result()
  File "C:\Users\yuvra\Desktop\UNI\Data management\Tabpy\.venv\Lib\site-packages\tornado\gen.py", line 796, in run
    yielded = self.gen.throw(exc)
  File "C:\Users\yuvra\Desktop\UNI\Data management\Tabpy\.venv\Lib\site-packages\tabpy\tabpy_server\handlers\evaluation_plane_handler.py", line 212, in _call_subprocess
    ret = yield gen.with_timeout(timedelta(seconds=self.eval_timeout), future)
          ^^^^^^^^^^^^^^^^^^^^^^^^^^^^^^^^^^^^^^^^^^^^^^^^^^^^^^^^^^^^^^^^^^^^
  File "C:\Users\yuvra\Desktop\UNI\Data management\Tabpy\.venv\Lib\site-packages\tornado\gen.py", line 783, in run
    value = future.result()
  File "c:\python314\Lib\concurrent\futures\thread.py", line 86, in run
    result = ctx.run(self.task)
  File "c:\python314\Lib\concurrent\futures\thread.py", line 73, in run
    return fn(*args, **kwargs)
  File "<string>", line 23, in _user_script
ModuleNotFoundError: No module named 'matplotlib'

2026-04-30,16:46:42 [ERROR] (base_handler.py:base_handler:115): Responding with status=500, message="Error processing script", info="ModuleNotFoundError : No module named 'matplotlib'"
2026-04-30,16:46:42 [ERROR] (web.py:web:2439): 500 POST /evaluate (127.0.0.1) 20.00ms
2026-04-30,16:46:47 [DEBUG] (base_handler.py:base_handler:115): Checking if need to handle authentication
2026-04-30,16:46:47 [DEBUG] (base_handler.py:base_handler:115): Handling authentication
2026-04-30,16:46:47 [INFO] (base_handler.py:base_handler:115): Authentication is not a required feature for API "v1"
2026-04-30,16:46:47 [DEBUG] (base_handler.py:base_handler:115): Checking request headers for authentication data
2026-04-30,16:46:47 [INFO] (base_handler.py:base_handler:115): Authorization header not found
2026-04-30,16:46:47 [DEBUG] (base_handler.py:base_handler:115): authentication not required, username and password are none
2026-04-30,16:46:47 [DEBUG] (state.py:state:526): Collecting Access-Control-Allow-Origin from state file ...
2026-04-30,16:46:47 [DEBUG] (state.py:state:628): Loading option 'Access-Control-Allow-Origin' from section [Service Info]...
2026-04-30,16:46:47 [DEBUG] (state.py:state:650): Returning value ''
2026-04-30,16:46:47 [DEBUG] (state.py:state:628): Loading option 'Access-Control-Allow-Headers' from section [Service Info]...
2026-04-30,16:46:47 [DEBUG] (state.py:state:650): Returning value ''
2026-04-30,16:46:47 [DEBUG] (state.py:state:628): Loading option 'Access-Control-Allow-Methods' from section [Service Info]...
2026-04-30,16:46:47 [DEBUG] (state.py:state:650): Returning value ''
2026-04-30,16:46:47 [DEBUG] (base_handler.py:base_handler:115): Processing POST request...
2026-04-30,16:46:47 [INFO] (base_handler.py:base_handler:115): function to evaluate=def _user_script(tabpy, _arg1):
 import pandas as pd
 def get_output_schema():
 	return '88bcc9a0-3d33-4796-9f5e-c6ac01f67442'
 def prep_string():
 	return ['prep_string_type']
 def prep_bool():
 	return ['prep_bool_type']
 def prep_int():
 	return ['prep_int_type']
 def prep_decimal():
     return ['prep_decimal_type']
 def prep_date():
 	return ['prep_date_type']
 def prep_datetime():
 	return ['prep_datetime_type']
 #!/usr/bin/env python
 # coding: utf-8
 
 # import libraries
 
 import pandas as pd
 import matplotlib.pyplot as plt
 
 from sklearn.preprocessing import StandardScaler
 from sklearn.svm import OneClassSVM
 
 # Function
 def detect_outliers(input_df, outliers_fraction=0.05):
     
     # Sorting it by the Date Column
     df = input_df.sort_values('date')
 
     # Taking Sum of the Amounts on a given day (Remove if unique 'amount' on a given day)
     df = pd.pivot_table(df, index='date', values='amount', aggfunc='sum')
     df = df.reset_index()
 
     # Scaling the Data
     scaler = StandardScaler()
     scaled_data = scaler.fit_transform(pd.DataFrame(df['amount']))
     data = pd.DataFrame(scaled_data)
 
     # Training the OneClassSVM
     model = OneClassSVM(nu=outliers_fraction, kernel="rbf", gamma=0.1)
     model.fit(data)
 
     # Getting the Predicted Outliers
     df['anomaly'] = pd.Series(model.predict(data))
 
     # Setting the 'anomaly' column as boolean
     df['anomaly'] = [True if x == -1 else False for x in df['anomaly']]
 
     output_df = input_df
     
     return df
 
 def get_output_schema():
   return pd.DataFrame({
     'date' : prep_date(),
     'amount' : prep_decimal(), 
     'anomaly' : prep_bool()
 })
 def get_output_schema_3cfde641d679414e813c01d3eabe92c8(df = pd.DataFrame()):
     import inspect
     if len(inspect.getfullargspec(get_output_schema).args) == 0:
         return get_output_schema()
     else:
         return get_output_schema(df)
 result_schema_output = get_output_schema_3cfde641d679414e813c01d3eabe92c8(pd.DataFrame(_arg1))
 return result_schema_output.to_dict(orient='split') if isinstance(result_schema_output, pd.DataFrame) else result_schema_output

2026-04-30,16:46:47 [ERROR] (base_handler.py:base_handler:115): Traceback (most recent call last):
  File "C:\Users\yuvra\Desktop\UNI\Data management\Tabpy\.venv\Lib\site-packages\tabpy\tabpy_server\handlers\evaluation_plane_handler.py", line 178, in post
    yield self._post_impl()
  File "C:\Users\yuvra\Desktop\UNI\Data management\Tabpy\.venv\Lib\site-packages\tornado\gen.py", line 783, in run
    value = future.result()
  File "C:\Users\yuvra\Desktop\UNI\Data management\Tabpy\.venv\Lib\site-packages\tornado\gen.py", line 796, in run
    yielded = self.gen.throw(exc)
  File "C:\Users\yuvra\Desktop\UNI\Data management\Tabpy\.venv\Lib\site-packages\tabpy\tabpy_server\handlers\evaluation_plane_handler.py", line 118, in _post_impl
    result = yield self._call_subprocess(function_to_evaluate, arguments)
             ^^^^^^^^^^^^^^^^^^^^^^^^^^^^^^^^^^^^^^^^^^^^^^^^^^^^^^^^^^^^
  File "C:\Users\yuvra\Desktop\UNI\Data management\Tabpy\.venv\Lib\site-packages\tornado\gen.py", line 783, in run
    value = future.result()
  File "C:\Users\yuvra\Desktop\UNI\Data management\Tabpy\.venv\Lib\site-packages\tornado\gen.py", line 796, in run
    yielded = self.gen.throw(exc)
  File "C:\Users\yuvra\Desktop\UNI\Data management\Tabpy\.venv\Lib\site-packages\tabpy\tabpy_server\handlers\evaluation_plane_handler.py", line 212, in _call_subprocess
    ret = yield gen.with_timeout(timedelta(seconds=self.eval_timeout), future)
          ^^^^^^^^^^^^^^^^^^^^^^^^^^^^^^^^^^^^^^^^^^^^^^^^^^^^^^^^^^^^^^^^^^^^
  File "C:\Users\yuvra\Desktop\UNI\Data management\Tabpy\.venv\Lib\site-packages\tornado\gen.py", line 783, in run
    value = future.result()
  File "c:\python314\Lib\concurrent\futures\thread.py", line 86, in run
    result = ctx.run(self.task)
  File "c:\python314\Lib\concurrent\futures\thread.py", line 73, in run
    return fn(*args, **kwargs)
  File "<string>", line 23, in _user_script
ModuleNotFoundError: No module named 'matplotlib'

2026-04-30,16:46:47 [ERROR] (base_handler.py:base_handler:115): Responding with status=500, message="Error processing script", info="ModuleNotFoundError : No module named 'matplotlib'"
2026-04-30,16:46:47 [ERROR] (web.py:web:2439): 500 POST /evaluate (127.0.0.1) 10.26ms
2026-04-30,16:46:47 [DEBUG] (base_handler.py:base_handler:115): Checking if need to handle authentication
2026-04-30,16:46:47 [DEBUG] (base_handler.py:base_handler:115): Handling authentication
2026-04-30,16:46:47 [INFO] (base_handler.py:base_handler:115): Authentication is not a required feature for API "v1"
2026-04-30,16:46:47 [DEBUG] (base_handler.py:base_handler:115): Checking request headers for authentication data
2026-04-30,16:46:47 [INFO] (base_handler.py:base_handler:115): Authorization header not found
2026-04-30,16:46:47 [DEBUG] (base_handler.py:base_handler:115): authentication not required, username and password are none
2026-04-30,16:46:47 [DEBUG] (state.py:state:526): Collecting Access-Control-Allow-Origin from state file ...
2026-04-30,16:46:47 [DEBUG] (state.py:state:628): Loading option 'Access-Control-Allow-Origin' from section [Service Info]...
2026-04-30,16:46:47 [DEBUG] (state.py:state:650): Returning value ''
2026-04-30,16:46:47 [DEBUG] (state.py:state:628): Loading option 'Access-Control-Allow-Headers' from section [Service Info]...
2026-04-30,16:46:47 [DEBUG] (state.py:state:650): Returning value ''
2026-04-30,16:46:47 [DEBUG] (state.py:state:628): Loading option 'Access-Control-Allow-Methods' from section [Service Info]...
2026-04-30,16:46:47 [DEBUG] (state.py:state:650): Returning value ''
2026-04-30,16:46:47 [DEBUG] (base_handler.py:base_handler:115): Processing POST request...
2026-04-30,16:46:47 [INFO] (base_handler.py:base_handler:115): function to evaluate=def _user_script(tabpy, _arg1):
 import pandas as pd
 def get_output_schema():
 	return '88bcc9a0-3d33-4796-9f5e-c6ac01f67442'
 def prep_string():
 	return ['prep_string_type']
 def prep_bool():
 	return ['prep_bool_type']
 def prep_int():
 	return ['prep_int_type']
 def prep_decimal():
     return ['prep_decimal_type']
 def prep_date():
 	return ['prep_date_type']
 def prep_datetime():
 	return ['prep_datetime_type']
 #!/usr/bin/env python
 # coding: utf-8
 
 # import libraries
 
 import pandas as pd
 import matplotlib.pyplot as plt
 
 from sklearn.preprocessing import StandardScaler
 from sklearn.svm import OneClassSVM
 
 # Function
 def detect_outliers(input_df, outliers_fraction=0.05):
     
     # Sorting it by the Date Column
     df = input_df.sort_values('date')
 
     # Taking Sum of the Amounts on a given day (Remove if unique 'amount' on a given day)
     df = pd.pivot_table(df, index='date', values='amount', aggfunc='sum')
     df = df.reset_index()
 
     # Scaling the Data
     scaler = StandardScaler()
     scaled_data = scaler.fit_transform(pd.DataFrame(df['amount']))
     data = pd.DataFrame(scaled_data)
 
     # Training the OneClassSVM
     model = OneClassSVM(nu=outliers_fraction, kernel="rbf", gamma=0.1)
     model.fit(data)
 
     # Getting the Predicted Outliers
     df['anomaly'] = pd.Series(model.predict(data))
 
     # Setting the 'anomaly' column as boolean
     df['anomaly'] = [True if x == -1 else False for x in df['anomaly']]
 
     output_df = input_df
     
     return df
 
 def get_output_schema():
   return pd.DataFrame({
     'date' : prep_date(),
     'amount' : prep_decimal(), 
     'anomaly' : prep_bool()
 })
 def get_output_schema_3cfde641d679414e813c01d3eabe92c8(df = pd.DataFrame()):
     import inspect
     if len(inspect.getfullargspec(get_output_schema).args) == 0:
         return get_output_schema()
     else:
         return get_output_schema(df)
 result_schema_output = get_output_schema_3cfde641d679414e813c01d3eabe92c8(pd.DataFrame(_arg1))
 return result_schema_output.to_dict(orient='split') if isinstance(result_schema_output, pd.DataFrame) else result_schema_output

2026-04-30,16:46:47 [ERROR] (base_handler.py:base_handler:115): Traceback (most recent call last):
  File "C:\Users\yuvra\Desktop\UNI\Data management\Tabpy\.venv\Lib\site-packages\tabpy\tabpy_server\handlers\evaluation_plane_handler.py", line 178, in post
    yield self._post_impl()
  File "C:\Users\yuvra\Desktop\UNI\Data management\Tabpy\.venv\Lib\site-packages\tornado\gen.py", line 783, in run
    value = future.result()
  File "C:\Users\yuvra\Desktop\UNI\Data management\Tabpy\.venv\Lib\site-packages\tornado\gen.py", line 796, in run
    yielded = self.gen.throw(exc)
  File "C:\Users\yuvra\Desktop\UNI\Data management\Tabpy\.venv\Lib\site-packages\tabpy\tabpy_server\handlers\evaluation_plane_handler.py", line 118, in _post_impl
    result = yield self._call_subprocess(function_to_evaluate, arguments)
             ^^^^^^^^^^^^^^^^^^^^^^^^^^^^^^^^^^^^^^^^^^^^^^^^^^^^^^^^^^^^
  File "C:\Users\yuvra\Desktop\UNI\Data management\Tabpy\.venv\Lib\site-packages\tornado\gen.py", line 783, in run
    value = future.result()
  File "C:\Users\yuvra\Desktop\UNI\Data management\Tabpy\.venv\Lib\site-packages\tornado\gen.py", line 796, in run
    yielded = self.gen.throw(exc)
  File "C:\Users\yuvra\Desktop\UNI\Data management\Tabpy\.venv\Lib\site-packages\tabpy\tabpy_server\handlers\evaluation_plane_handler.py", line 212, in _call_subprocess
    ret = yield gen.with_timeout(timedelta(seconds=self.eval_timeout), future)
          ^^^^^^^^^^^^^^^^^^^^^^^^^^^^^^^^^^^^^^^^^^^^^^^^^^^^^^^^^^^^^^^^^^^^
  File "C:\Users\yuvra\Desktop\UNI\Data management\Tabpy\.venv\Lib\site-packages\tornado\gen.py", line 783, in run
    value = future.result()
  File "c:\python314\Lib\concurrent\futures\thread.py", line 86, in run
    result = ctx.run(self.task)
  File "c:\python314\Lib\concurrent\futures\thread.py", line 73, in run
    return fn(*args, **kwargs)
  File "<string>", line 23, in _user_script
ModuleNotFoundError: No module named 'matplotlib'

2026-04-30,16:46:47 [ERROR] (base_handler.py:base_handler:115): Responding with status=500, message="Error processing script", info="ModuleNotFoundError : No module named 'matplotlib'"
2026-04-30,16:46:47 [ERROR] (web.py:web:2439): 500 POST /evaluate (127.0.0.1) 29.01ms
2026-04-30,16:48:17 [DEBUG] (base_handler.py:base_handler:115): Checking if need to handle authentication
2026-04-30,16:48:17 [DEBUG] (base_handler.py:base_handler:115): Handling authentication
2026-04-30,16:48:17 [INFO] (base_handler.py:base_handler:115): Authentication is not a required feature for API "v1"
2026-04-30,16:48:17 [DEBUG] (base_handler.py:base_handler:115): Checking request headers for authentication data
2026-04-30,16:48:17 [INFO] (base_handler.py:base_handler:115): Authorization header not found
2026-04-30,16:48:17 [DEBUG] (base_handler.py:base_handler:115): authentication not required, username and password are none
2026-04-30,16:48:17 [DEBUG] (state.py:state:526): Collecting Access-Control-Allow-Origin from state file ...
2026-04-30,16:48:17 [DEBUG] (state.py:state:628): Loading option 'Access-Control-Allow-Origin' from section [Service Info]...
2026-04-30,16:48:17 [DEBUG] (state.py:state:650): Returning value ''
2026-04-30,16:48:17 [DEBUG] (state.py:state:628): Loading option 'Access-Control-Allow-Headers' from section [Service Info]...
2026-04-30,16:48:17 [DEBUG] (state.py:state:650): Returning value ''
2026-04-30,16:48:17 [DEBUG] (state.py:state:628): Loading option 'Access-Control-Allow-Methods' from section [Service Info]...
2026-04-30,16:48:17 [DEBUG] (state.py:state:650): Returning value ''
2026-04-30,16:48:17 [DEBUG] (base_handler.py:base_handler:115): Processing POST request...
2026-04-30,16:48:17 [INFO] (base_handler.py:base_handler:115): function to evaluate=def _user_script(tabpy, _arg1):
 import pandas as pd
 def get_output_schema():
 	return '88bcc9a0-3d33-4796-9f5e-c6ac01f67442'
 def prep_string():
 	return ['prep_string_type']
 def prep_bool():
 	return ['prep_bool_type']
 def prep_int():
 	return ['prep_int_type']
 def prep_decimal():
     return ['prep_decimal_type']
 def prep_date():
 	return ['prep_date_type']
 def prep_datetime():
 	return ['prep_datetime_type']
 #!/usr/bin/env python
 # coding: utf-8
 
 # import libraries
 
 import pandas as pd
 import matplotlib.pyplot as plt
 
 from sklearn.preprocessing import StandardScaler
 from sklearn.svm import OneClassSVM
 
 # Function
 def detect_outliers(input_df, outliers_fraction=0.05):
     
     # Sorting it by the Date Column
     df = input_df.sort_values('date')
 
     # Taking Sum of the Amounts on a given day (Remove if unique 'amount' on a given day)
     df = pd.pivot_table(df, index='date', values='amount', aggfunc='sum')
     df = df.reset_index()
 
     # Scaling the Data
     scaler = StandardScaler()
     scaled_data = scaler.fit_transform(pd.DataFrame(df['amount']))
     data = pd.DataFrame(scaled_data)
 
     # Training the OneClassSVM
     model = OneClassSVM(nu=outliers_fraction, kernel="rbf", gamma=0.1)
     model.fit(data)
 
     # Getting the Predicted Outliers
     df['anomaly'] = pd.Series(model.predict(data))
 
     # Setting the 'anomaly' column as boolean
     df['anomaly'] = [True if x == -1 else False for x in df['anomaly']]
 
     output_df = input_df
     
     return df
 
 def get_output_schema():
   return pd.DataFrame({
     'date' : prep_date(),
     'amount' : prep_decimal(), 
     'anomaly' : prep_bool()
 })
 def get_output_schema_3cfde641d679414e813c01d3eabe92c8(df = pd.DataFrame()):
     import inspect
     if len(inspect.getfullargspec(get_output_schema).args) == 0:
         return get_output_schema()
     else:
         return get_output_schema(df)
 result_schema_output = get_output_schema_3cfde641d679414e813c01d3eabe92c8(pd.DataFrame(_arg1))
 return result_schema_output.to_dict(orient='split') if isinstance(result_schema_output, pd.DataFrame) else result_schema_output

2026-04-30,16:48:17 [DEBUG] (__init__.py:__init__:342): matplotlib data path: C:\Users\yuvra\Desktop\UNI\Data management\Tabpy\.venv\Lib\site-packages\matplotlib\mpl-data
2026-04-30,16:48:17 [DEBUG] (__init__.py:__init__:342): CONFIGDIR=C:\Users\yuvra\.matplotlib
2026-04-30,16:48:17 [DEBUG] (__init__.py:__init__:1560): interactive is False
2026-04-30,16:48:17 [DEBUG] (__init__.py:__init__:1561): platform is win32
2026-04-30,16:48:17 [DEBUG] (__init__.py:__init__:342): CACHEDIR=C:\Users\yuvra\.matplotlib
2026-04-30,16:48:17 [DEBUG] (font_manager.py:font_manager:1635): Using fontManager instance from C:\Users\yuvra\.matplotlib\fontlist-v390.json
2026-04-30,16:48:19 [DEBUG] (base_handler.py:base_handler:115): Checking if need to handle authentication
2026-04-30,16:48:19 [DEBUG] (base_handler.py:base_handler:115): Handling authentication
2026-04-30,16:48:19 [INFO] (base_handler.py:base_handler:115): Authentication is not a required feature for API "v1"
2026-04-30,16:48:19 [DEBUG] (base_handler.py:base_handler:115): Checking request headers for authentication data
2026-04-30,16:48:19 [INFO] (base_handler.py:base_handler:115): Authorization header not found
2026-04-30,16:48:19 [DEBUG] (base_handler.py:base_handler:115): authentication not required, username and password are none
2026-04-30,16:48:19 [DEBUG] (state.py:state:526): Collecting Access-Control-Allow-Origin from state file ...
2026-04-30,16:48:19 [DEBUG] (state.py:state:628): Loading option 'Access-Control-Allow-Origin' from section [Service Info]...
2026-04-30,16:48:19 [DEBUG] (state.py:state:650): Returning value ''
2026-04-30,16:48:19 [DEBUG] (state.py:state:628): Loading option 'Access-Control-Allow-Headers' from section [Service Info]...
2026-04-30,16:48:19 [DEBUG] (state.py:state:650): Returning value ''
2026-04-30,16:48:19 [DEBUG] (state.py:state:628): Loading option 'Access-Control-Allow-Methods' from section [Service Info]...
2026-04-30,16:48:19 [DEBUG] (state.py:state:650): Returning value ''
2026-04-30,16:48:19 [DEBUG] (base_handler.py:base_handler:115): Processing POST request...
2026-04-30,16:48:19 [INFO] (base_handler.py:base_handler:115): function to evaluate=def _user_script(tabpy, _arg1):
 import pandas as pd
 def get_output_schema():
 	return '88bcc9a0-3d33-4796-9f5e-c6ac01f67442'
 def prep_string():
 	return ['prep_string_type']
 def prep_bool():
 	return ['prep_bool_type']
 def prep_int():
 	return ['prep_int_type']
 def prep_decimal():
     return ['prep_decimal_type']
 def prep_date():
 	return ['prep_date_type']
 def prep_datetime():
 	return ['prep_datetime_type']
 #!/usr/bin/env python
 # coding: utf-8
 
 # import libraries
 
 import pandas as pd
 import matplotlib.pyplot as plt
 
 from sklearn.preprocessing import StandardScaler
 from sklearn.svm import OneClassSVM
 
 # Function
 def detect_outliers(input_df, outliers_fraction=0.05):
     
     # Sorting it by the Date Column
     df = input_df.sort_values('date')
 
     # Taking Sum of the Amounts on a given day (Remove if unique 'amount' on a given day)
     df = pd.pivot_table(df, index='date', values='amount', aggfunc='sum')
     df = df.reset_index()
 
     # Scaling the Data
     scaler = StandardScaler()
     scaled_data = scaler.fit_transform(pd.DataFrame(df['amount']))
     data = pd.DataFrame(scaled_data)
 
     # Training the OneClassSVM
     model = OneClassSVM(nu=outliers_fraction, kernel="rbf", gamma=0.1)
     model.fit(data)
 
     # Getting the Predicted Outliers
     df['anomaly'] = pd.Series(model.predict(data))
 
     # Setting the 'anomaly' column as boolean
     df['anomaly'] = [True if x == -1 else False for x in df['anomaly']]
 
     output_df = input_df
     
     return df
 
 def get_output_schema():
   return pd.DataFrame({
     'date' : prep_date(),
     'amount' : prep_decimal(), 
     'anomaly' : prep_bool()
 })
 def get_output_schema_3cfde641d679414e813c01d3eabe92c8(df = pd.DataFrame()):
     import inspect
     if len(inspect.getfullargspec(get_output_schema).args) == 0:
         return get_output_schema()
     else:
         return get_output_schema(df)
 result_schema_output = get_output_schema_3cfde641d679414e813c01d3eabe92c8(pd.DataFrame(_arg1))
 return result_schema_output.to_dict(orient='split') if isinstance(result_schema_output, pd.DataFrame) else result_schema_output

2026-04-30,16:48:27 [DEBUG] (base_handler.py:base_handler:115): Checking if need to handle authentication
2026-04-30,16:48:27 [DEBUG] (base_handler.py:base_handler:115): Handling authentication
2026-04-30,16:48:27 [INFO] (base_handler.py:base_handler:115): Authentication is not a required feature for API "v1"
2026-04-30,16:48:27 [DEBUG] (base_handler.py:base_handler:115): Checking request headers for authentication data
2026-04-30,16:48:27 [INFO] (base_handler.py:base_handler:115): Authorization header not found
2026-04-30,16:48:27 [DEBUG] (base_handler.py:base_handler:115): authentication not required, username and password are none
2026-04-30,16:48:27 [DEBUG] (state.py:state:526): Collecting Access-Control-Allow-Origin from state file ...
2026-04-30,16:48:27 [DEBUG] (state.py:state:628): Loading option 'Access-Control-Allow-Origin' from section [Service Info]...
2026-04-30,16:48:27 [DEBUG] (state.py:state:650): Returning value ''
2026-04-30,16:48:27 [DEBUG] (state.py:state:628): Loading option 'Access-Control-Allow-Headers' from section [Service Info]...
2026-04-30,16:48:27 [DEBUG] (state.py:state:650): Returning value ''
2026-04-30,16:48:27 [DEBUG] (state.py:state:628): Loading option 'Access-Control-Allow-Methods' from section [Service Info]...
2026-04-30,16:48:27 [DEBUG] (state.py:state:650): Returning value ''
2026-04-30,16:48:27 [DEBUG] (base_handler.py:base_handler:115): Processing POST request...
2026-04-30,16:48:27 [INFO] (base_handler.py:base_handler:115): function to evaluate=def _user_script(tabpy, _arg1):
 import pandas as pd
 def get_output_schema():
 	return '88bcc9a0-3d33-4796-9f5e-c6ac01f67442'
 def prep_string():
 	return ['prep_string_type']
 def prep_bool():
 	return ['prep_bool_type']
 def prep_int():
 	return ['prep_int_type']
 def prep_decimal():
     return ['prep_decimal_type']
 def prep_date():
 	return ['prep_date_type']
 def prep_datetime():
 	return ['prep_datetime_type']
 #!/usr/bin/env python
 # coding: utf-8
 
 # import libraries
 
 import pandas as pd
 import matplotlib.pyplot as plt
 
 from sklearn.preprocessing import StandardScaler
 from sklearn.svm import OneClassSVM
 
 # Function
 def detect_outliers(input_df, outliers_fraction=0.05):
     
     # Sorting it by the Date Column
     df = input_df.sort_values('date')
 
     # Taking Sum of the Amounts on a given day (Remove if unique 'amount' on a given day)
     df = pd.pivot_table(df, index='date', values='amount', aggfunc='sum')
     df = df.reset_index()
 
     # Scaling the Data
     scaler = StandardScaler()
     scaled_data = scaler.fit_transform(pd.DataFrame(df['amount']))
     data = pd.DataFrame(scaled_data)
 
     # Training the OneClassSVM
     model = OneClassSVM(nu=outliers_fraction, kernel="rbf", gamma=0.1)
     model.fit(data)
 
     # Getting the Predicted Outliers
     df['anomaly'] = pd.Series(model.predict(data))
 
     # Setting the 'anomaly' column as boolean
     df['anomaly'] = [True if x == -1 else False for x in df['anomaly']]
 
     output_df = input_df
     
     return df
 
 def get_output_schema():
   return pd.DataFrame({
     'date' : prep_date(),
     'amount' : prep_decimal(), 
     'anomaly' : prep_bool()
 })
 def get_output_schema_3cfde641d679414e813c01d3eabe92c8(df = pd.DataFrame()):
     import inspect
     if len(inspect.getfullargspec(get_output_schema).args) == 0:
         return get_output_schema()
     else:
         return get_output_schema(df)
 result_schema_output = get_output_schema_3cfde641d679414e813c01d3eabe92c8(pd.DataFrame(_arg1))
 return result_schema_output.to_dict(orient='split') if isinstance(result_schema_output, pd.DataFrame) else result_schema_output

2026-04-30,16:48:30 [DEBUG] (base_handler.py:base_handler:115): Checking if need to handle authentication
2026-04-30,16:48:30 [DEBUG] (base_handler.py:base_handler:115): Handling authentication
2026-04-30,16:48:30 [INFO] (base_handler.py:base_handler:115): Authentication is not a required feature for API "v1"
2026-04-30,16:48:30 [DEBUG] (base_handler.py:base_handler:115): Checking request headers for authentication data
2026-04-30,16:48:30 [INFO] (base_handler.py:base_handler:115): Authorization header not found
2026-04-30,16:48:30 [DEBUG] (base_handler.py:base_handler:115): authentication not required, username and password are none
2026-04-30,16:48:30 [DEBUG] (state.py:state:526): Collecting Access-Control-Allow-Origin from state file ...
2026-04-30,16:48:30 [DEBUG] (state.py:state:628): Loading option 'Access-Control-Allow-Origin' from section [Service Info]...
2026-04-30,16:48:30 [DEBUG] (state.py:state:650): Returning value ''
2026-04-30,16:48:30 [DEBUG] (state.py:state:628): Loading option 'Access-Control-Allow-Headers' from section [Service Info]...
2026-04-30,16:48:30 [DEBUG] (state.py:state:650): Returning value ''
2026-04-30,16:48:30 [DEBUG] (state.py:state:628): Loading option 'Access-Control-Allow-Methods' from section [Service Info]...
2026-04-30,16:48:30 [DEBUG] (state.py:state:650): Returning value ''
2026-04-30,16:48:30 [DEBUG] (base_handler.py:base_handler:115): Processing POST request...
2026-04-30,16:48:30 [INFO] (base_handler.py:base_handler:115): function to evaluate=def _user_script(tabpy, _arg1):
 import pandas as pd
 def get_output_schema():
 	return '88bcc9a0-3d33-4796-9f5e-c6ac01f67442'
 def prep_string():
 	return ['prep_string_type']
 def prep_bool():
 	return ['prep_bool_type']
 def prep_int():
 	return ['prep_int_type']
 def prep_decimal():
     return ['prep_decimal_type']
 def prep_date():
 	return ['prep_date_type']
 def prep_datetime():
 	return ['prep_datetime_type']
 #!/usr/bin/env python
 # coding: utf-8
 
 # import libraries
 
 import pandas as pd
 import matplotlib.pyplot as plt
 
 from sklearn.preprocessing import StandardScaler
 from sklearn.svm import OneClassSVM
 
 # Function
 def detect_outliers(input_df, outliers_fraction=0.05):
     
     # Sorting it by the Date Column
     df = input_df.sort_values('date')
 
     # Taking Sum of the Amounts on a given day (Remove if unique 'amount' on a given day)
     df = pd.pivot_table(df, index='date', values='amount', aggfunc='sum')
     df = df.reset_index()
 
     # Scaling the Data
     scaler = StandardScaler()
     scaled_data = scaler.fit_transform(pd.DataFrame(df['amount']))
     data = pd.DataFrame(scaled_data)
 
     # Training the OneClassSVM
     model = OneClassSVM(nu=outliers_fraction, kernel="rbf", gamma=0.1)
     model.fit(data)
 
     # Getting the Predicted Outliers
     df['anomaly'] = pd.Series(model.predict(data))
 
     # Setting the 'anomaly' column as boolean
     df['anomaly'] = [True if x == -1 else False for x in df['anomaly']]
 
     output_df = input_df
     
     return df
 
 def get_output_schema():
   return pd.DataFrame({
     'date' : prep_date(),
     'amount' : prep_decimal(), 
     'anomaly' : prep_bool()
 })
 def get_output_schema_3cfde641d679414e813c01d3eabe92c8(df = pd.DataFrame()):
     import inspect
     if len(inspect.getfullargspec(get_output_schema).args) == 0:
         return get_output_schema()
     else:
         return get_output_schema(df)
 result_schema_output = get_output_schema_3cfde641d679414e813c01d3eabe92c8(pd.DataFrame(_arg1))
 return result_schema_output.to_dict(orient='split') if isinstance(result_schema_output, pd.DataFrame) else result_schema_output

2026-04-30,16:48:32 [INFO] (web.py:web:2439): 200 POST /evaluate (127.0.0.1) 4661.15ms
2026-04-30,16:48:32 [INFO] (web.py:web:2439): 200 POST /evaluate (127.0.0.1) 12563.84ms
2026-04-30,16:48:32 [INFO] (web.py:web:2439): 200 POST /evaluate (127.0.0.1) 1536.70ms
2026-04-30,16:48:32 [INFO] (web.py:web:2439): 200 POST /evaluate (127.0.0.1) 15288.19ms
2026-04-30,16:48:32 [DEBUG] (base_handler.py:base_handler:115): Checking if need to handle authentication
2026-04-30,16:48:32 [DEBUG] (base_handler.py:base_handler:115): Handling authentication
2026-04-30,16:48:32 [INFO] (base_handler.py:base_handler:115): Authentication is not a required feature for API "v1"
2026-04-30,16:48:32 [DEBUG] (base_handler.py:base_handler:115): Checking request headers for authentication data
2026-04-30,16:48:32 [INFO] (base_handler.py:base_handler:115): Authorization header not found
2026-04-30,16:48:32 [DEBUG] (base_handler.py:base_handler:115): authentication not required, username and password are none
2026-04-30,16:48:32 [DEBUG] (base_handler.py:base_handler:115): Checking if need to handle authentication
2026-04-30,16:48:32 [DEBUG] (base_handler.py:base_handler:115): Handling authentication
2026-04-30,16:48:32 [INFO] (base_handler.py:base_handler:115): Authentication is not a required feature for API "v1"
2026-04-30,16:48:32 [DEBUG] (base_handler.py:base_handler:115): Checking request headers for authentication data
2026-04-30,16:48:32 [INFO] (base_handler.py:base_handler:115): Authorization header not found
2026-04-30,16:48:32 [DEBUG] (base_handler.py:base_handler:115): authentication not required, username and password are none
2026-04-30,16:48:32 [DEBUG] (base_handler.py:base_handler:115): Checking if need to handle authentication
2026-04-30,16:48:32 [DEBUG] (base_handler.py:base_handler:115): Handling authentication
2026-04-30,16:48:32 [INFO] (base_handler.py:base_handler:115): Authentication is not a required feature for API "v1"
2026-04-30,16:48:32 [DEBUG] (base_handler.py:base_handler:115): Checking request headers for authentication data
2026-04-30,16:48:32 [INFO] (base_handler.py:base_handler:115): Authorization header not found
2026-04-30,16:48:32 [DEBUG] (base_handler.py:base_handler:115): authentication not required, username and password are none
2026-04-30,16:48:32 [DEBUG] (base_handler.py:base_handler:115): Checking if need to handle authentication
2026-04-30,16:48:32 [DEBUG] (base_handler.py:base_handler:115): Handling authentication
2026-04-30,16:48:32 [INFO] (base_handler.py:base_handler:115): Authentication is not a required feature for API "v1"
2026-04-30,16:48:32 [DEBUG] (base_handler.py:base_handler:115): Checking request headers for authentication data
2026-04-30,16:48:32 [INFO] (base_handler.py:base_handler:115): Authorization header not found
2026-04-30,16:48:32 [DEBUG] (base_handler.py:base_handler:115): authentication not required, username and password are none
2026-04-30,16:48:32 [DEBUG] (state.py:state:526): Collecting Access-Control-Allow-Origin from state file ...
2026-04-30,16:48:32 [DEBUG] (state.py:state:628): Loading option 'Access-Control-Allow-Origin' from section [Service Info]...
2026-04-30,16:48:32 [DEBUG] (state.py:state:650): Returning value ''
2026-04-30,16:48:32 [DEBUG] (state.py:state:628): Loading option 'Access-Control-Allow-Headers' from section [Service Info]...
2026-04-30,16:48:32 [DEBUG] (state.py:state:650): Returning value ''
2026-04-30,16:48:32 [DEBUG] (state.py:state:628): Loading option 'Access-Control-Allow-Methods' from section [Service Info]...
2026-04-30,16:48:32 [DEBUG] (state.py:state:650): Returning value ''
2026-04-30,16:48:32 [DEBUG] (base_handler.py:base_handler:115): Processing POST request...
2026-04-30,16:48:32 [INFO] (base_handler.py:base_handler:115): function to evaluate=def _user_script(tabpy, _arg1):
 import pandas as pd
 def get_output_schema():
 	return '88bcc9a0-3d33-4796-9f5e-c6ac01f67442'
 def prep_string():
 	return ['prep_string_type']
 def prep_bool():
 	return ['prep_bool_type']
 def prep_int():
 	return ['prep_int_type']
 def prep_decimal():
     return ['prep_decimal_type']
 def prep_date():
 	return ['prep_date_type']
 def prep_datetime():
 	return ['prep_datetime_type']
 #!/usr/bin/env python
 # coding: utf-8
 
 # import libraries
 
 import pandas as pd
 import matplotlib.pyplot as plt
 
 from sklearn.preprocessing import StandardScaler
 from sklearn.svm import OneClassSVM
 
 # Function
 def detect_outliers(input_df, outliers_fraction=0.05):
     
     # Sorting it by the Date Column
     df = input_df.sort_values('date')
 
     # Taking Sum of the Amounts on a given day (Remove if unique 'amount' on a given day)
     df = pd.pivot_table(df, index='date', values='amount', aggfunc='sum')
     df = df.reset_index()
 
     # Scaling the Data
     scaler = StandardScaler()
     scaled_data = scaler.fit_transform(pd.DataFrame(df['amount']))
     data = pd.DataFrame(scaled_data)
 
     # Training the OneClassSVM
     model = OneClassSVM(nu=outliers_fraction, kernel="rbf", gamma=0.1)
     model.fit(data)
 
     # Getting the Predicted Outliers
     df['anomaly'] = pd.Series(model.predict(data))
 
     # Setting the 'anomaly' column as boolean
     df['anomaly'] = [True if x == -1 else False for x in df['anomaly']]
 
     output_df = input_df
     
     return df
 
 def get_output_schema():
   return pd.DataFrame({
     'date' : prep_date(),
     'amount' : prep_decimal(), 
     'anomaly' : prep_bool()
 })
 def get_output_schema_3cfde641d679414e813c01d3eabe92c8(df = pd.DataFrame()):
     import inspect
     if len(inspect.getfullargspec(get_output_schema).args) == 0:
         return get_output_schema()
     else:
         return get_output_schema(df)
 result_schema_output = get_output_schema_3cfde641d679414e813c01d3eabe92c8(pd.DataFrame(_arg1))
 return result_schema_output.to_dict(orient='split') if isinstance(result_schema_output, pd.DataFrame) else result_schema_output

2026-04-30,16:48:32 [DEBUG] (state.py:state:526): Collecting Access-Control-Allow-Origin from state file ...
2026-04-30,16:48:32 [DEBUG] (state.py:state:628): Loading option 'Access-Control-Allow-Origin' from section [Service Info]...
2026-04-30,16:48:32 [DEBUG] (state.py:state:650): Returning value ''
2026-04-30,16:48:32 [DEBUG] (state.py:state:628): Loading option 'Access-Control-Allow-Headers' from section [Service Info]...
2026-04-30,16:48:32 [DEBUG] (state.py:state:650): Returning value ''
2026-04-30,16:48:32 [DEBUG] (state.py:state:628): Loading option 'Access-Control-Allow-Methods' from section [Service Info]...
2026-04-30,16:48:32 [DEBUG] (state.py:state:650): Returning value ''
2026-04-30,16:48:32 [DEBUG] (base_handler.py:base_handler:115): Processing POST request...
2026-04-30,16:48:32 [INFO] (base_handler.py:base_handler:115): function to evaluate=def _user_script(tabpy, _arg1):
 import pandas as pd
 def get_output_schema():
 	return '88bcc9a0-3d33-4796-9f5e-c6ac01f67442'
 def prep_string():
 	return ['prep_string_type']
 def prep_bool():
 	return ['prep_bool_type']
 def prep_int():
 	return ['prep_int_type']
 def prep_decimal():
     return ['prep_decimal_type']
 def prep_date():
 	return ['prep_date_type']
 def prep_datetime():
 	return ['prep_datetime_type']
 #!/usr/bin/env python
 # coding: utf-8
 
 # import libraries
 
 import pandas as pd
 import matplotlib.pyplot as plt
 
 from sklearn.preprocessing import StandardScaler
 from sklearn.svm import OneClassSVM
 
 # Function
 def detect_outliers(input_df, outliers_fraction=0.05):
     
     # Sorting it by the Date Column
     df = input_df.sort_values('date')
 
     # Taking Sum of the Amounts on a given day (Remove if unique 'amount' on a given day)
     df = pd.pivot_table(df, index='date', values='amount', aggfunc='sum')
     df = df.reset_index()
 
     # Scaling the Data
     scaler = StandardScaler()
     scaled_data = scaler.fit_transform(pd.DataFrame(df['amount']))
     data = pd.DataFrame(scaled_data)
 
     # Training the OneClassSVM
     model = OneClassSVM(nu=outliers_fraction, kernel="rbf", gamma=0.1)
     model.fit(data)
 
     # Getting the Predicted Outliers
     df['anomaly'] = pd.Series(model.predict(data))
 
     # Setting the 'anomaly' column as boolean
     df['anomaly'] = [True if x == -1 else False for x in df['anomaly']]
 
     output_df = input_df
     
     return df
 
 def get_output_schema():
   return pd.DataFrame({
     'date' : prep_date(),
     'amount' : prep_decimal(), 
     'anomaly' : prep_bool()
 })
 def get_output_schema_3cfde641d679414e813c01d3eabe92c8(df = pd.DataFrame()):
     import inspect
     if len(inspect.getfullargspec(get_output_schema).args) == 0:
         return get_output_schema()
     else:
         return get_output_schema(df)
 result_schema_output = get_output_schema_3cfde641d679414e813c01d3eabe92c8(pd.DataFrame(_arg1))
 return result_schema_output.to_dict(orient='split') if isinstance(result_schema_output, pd.DataFrame) else result_schema_output

2026-04-30,16:48:32 [DEBUG] (state.py:state:526): Collecting Access-Control-Allow-Origin from state file ...
2026-04-30,16:48:32 [DEBUG] (state.py:state:628): Loading option 'Access-Control-Allow-Origin' from section [Service Info]...
2026-04-30,16:48:32 [DEBUG] (state.py:state:650): Returning value ''
2026-04-30,16:48:32 [DEBUG] (state.py:state:628): Loading option 'Access-Control-Allow-Headers' from section [Service Info]...
2026-04-30,16:48:32 [DEBUG] (state.py:state:650): Returning value ''
2026-04-30,16:48:32 [DEBUG] (state.py:state:628): Loading option 'Access-Control-Allow-Methods' from section [Service Info]...
2026-04-30,16:48:32 [DEBUG] (state.py:state:650): Returning value ''
2026-04-30,16:48:32 [DEBUG] (base_handler.py:base_handler:115): Processing POST request...
2026-04-30,16:48:32 [INFO] (base_handler.py:base_handler:115): function to evaluate=def _user_script(tabpy, _arg1):
 import pandas as pd
 def get_output_schema():
 	return '88bcc9a0-3d33-4796-9f5e-c6ac01f67442'
 def prep_string():
 	return ['prep_string_type']
 def prep_bool():
 	return ['prep_bool_type']
 def prep_int():
 	return ['prep_int_type']
 def prep_decimal():
     return ['prep_decimal_type']
 def prep_date():
 	return ['prep_date_type']
 def prep_datetime():
 	return ['prep_datetime_type']
 #!/usr/bin/env python
 # coding: utf-8
 
 # import libraries
 
 import pandas as pd
 import matplotlib.pyplot as plt
 
 from sklearn.preprocessing import StandardScaler
 from sklearn.svm import OneClassSVM
 
 # Function
 def detect_outliers(input_df, outliers_fraction=0.05):
     
     # Sorting it by the Date Column
     df = input_df.sort_values('date')
 
     # Taking Sum of the Amounts on a given day (Remove if unique 'amount' on a given day)
     df = pd.pivot_table(df, index='date', values='amount', aggfunc='sum')
     df = df.reset_index()
 
     # Scaling the Data
     scaler = StandardScaler()
     scaled_data = scaler.fit_transform(pd.DataFrame(df['amount']))
     data = pd.DataFrame(scaled_data)
 
     # Training the OneClassSVM
     model = OneClassSVM(nu=outliers_fraction, kernel="rbf", gamma=0.1)
     model.fit(data)
 
     # Getting the Predicted Outliers
     df['anomaly'] = pd.Series(model.predict(data))
 
     # Setting the 'anomaly' column as boolean
     df['anomaly'] = [True if x == -1 else False for x in df['anomaly']]
 
     output_df = input_df
     
     return df
 
 def get_output_schema():
   return pd.DataFrame({
     'date' : prep_date(),
     'amount' : prep_decimal(), 
     'anomaly' : prep_bool()
 })
 def get_output_schema_3cfde641d679414e813c01d3eabe92c8(df = pd.DataFrame()):
     import inspect
     if len(inspect.getfullargspec(get_output_schema).args) == 0:
         return get_output_schema()
     else:
         return get_output_schema(df)
 result_schema_output = get_output_schema_3cfde641d679414e813c01d3eabe92c8(pd.DataFrame(_arg1))
 return result_schema_output.to_dict(orient='split') if isinstance(result_schema_output, pd.DataFrame) else result_schema_output

2026-04-30,16:48:32 [DEBUG] (state.py:state:526): Collecting Access-Control-Allow-Origin from state file ...
2026-04-30,16:48:32 [DEBUG] (state.py:state:628): Loading option 'Access-Control-Allow-Origin' from section [Service Info]...
2026-04-30,16:48:32 [DEBUG] (state.py:state:650): Returning value ''
2026-04-30,16:48:32 [DEBUG] (state.py:state:628): Loading option 'Access-Control-Allow-Headers' from section [Service Info]...
2026-04-30,16:48:32 [DEBUG] (state.py:state:650): Returning value ''
2026-04-30,16:48:32 [DEBUG] (state.py:state:628): Loading option 'Access-Control-Allow-Methods' from section [Service Info]...
2026-04-30,16:48:32 [DEBUG] (state.py:state:650): Returning value ''
2026-04-30,16:48:32 [DEBUG] (base_handler.py:base_handler:115): Processing POST request...
2026-04-30,16:48:32 [INFO] (base_handler.py:base_handler:115): function to evaluate=def _user_script(tabpy, _arg1):
 import pandas as pd
 def get_output_schema():
 	return '88bcc9a0-3d33-4796-9f5e-c6ac01f67442'
 def prep_string():
 	return ['prep_string_type']
 def prep_bool():
 	return ['prep_bool_type']
 def prep_int():
 	return ['prep_int_type']
 def prep_decimal():
     return ['prep_decimal_type']
 def prep_date():
 	return ['prep_date_type']
 def prep_datetime():
 	return ['prep_datetime_type']
 #!/usr/bin/env python
 # coding: utf-8
 
 # import libraries
 
 import pandas as pd
 import matplotlib.pyplot as plt
 
 from sklearn.preprocessing import StandardScaler
 from sklearn.svm import OneClassSVM
 
 # Function
 def detect_outliers(input_df, outliers_fraction=0.05):
     
     # Sorting it by the Date Column
     df = input_df.sort_values('date')
 
     # Taking Sum of the Amounts on a given day (Remove if unique 'amount' on a given day)
     df = pd.pivot_table(df, index='date', values='amount', aggfunc='sum')
     df = df.reset_index()
 
     # Scaling the Data
     scaler = StandardScaler()
     scaled_data = scaler.fit_transform(pd.DataFrame(df['amount']))
     data = pd.DataFrame(scaled_data)
 
     # Training the OneClassSVM
     model = OneClassSVM(nu=outliers_fraction, kernel="rbf", gamma=0.1)
     model.fit(data)
 
     # Getting the Predicted Outliers
     df['anomaly'] = pd.Series(model.predict(data))
 
     # Setting the 'anomaly' column as boolean
     df['anomaly'] = [True if x == -1 else False for x in df['anomaly']]
 
     output_df = input_df
     
     return df
 
 def get_output_schema():
   return pd.DataFrame({
     'date' : prep_date(),
     'amount' : prep_decimal(), 
     'anomaly' : prep_bool()
 })
 def get_output_schema_3cfde641d679414e813c01d3eabe92c8(df = pd.DataFrame()):
     import inspect
     if len(inspect.getfullargspec(get_output_schema).args) == 0:
         return get_output_schema()
     else:
         return get_output_schema(df)
 result_schema_output = get_output_schema_3cfde641d679414e813c01d3eabe92c8(pd.DataFrame(_arg1))
 return result_schema_output.to_dict(orient='split') if isinstance(result_schema_output, pd.DataFrame) else result_schema_output

2026-04-30,16:48:32 [INFO] (web.py:web:2439): 200 POST /evaluate (127.0.0.1) 38.54ms
2026-04-30,16:48:32 [INFO] (web.py:web:2439): 200 POST /evaluate (127.0.0.1) 41.66ms
2026-04-30,16:48:32 [INFO] (web.py:web:2439): 200 POST /evaluate (127.0.0.1) 48.98ms
2026-04-30,16:48:32 [INFO] (web.py:web:2439): 200 POST /evaluate (127.0.0.1) 52.72ms
2026-04-30,16:48:33 [DEBUG] (base_handler.py:base_handler:115): Checking if need to handle authentication
2026-04-30,16:48:33 [DEBUG] (base_handler.py:base_handler:115): Handling authentication
2026-04-30,16:48:33 [INFO] (base_handler.py:base_handler:115): Authentication is not a required feature for API "v1"
2026-04-30,16:48:33 [DEBUG] (base_handler.py:base_handler:115): Checking request headers for authentication data
2026-04-30,16:48:33 [INFO] (base_handler.py:base_handler:115): Authorization header not found
2026-04-30,16:48:33 [DEBUG] (base_handler.py:base_handler:115): authentication not required, username and password are none
2026-04-30,16:48:33 [DEBUG] (state.py:state:526): Collecting Access-Control-Allow-Origin from state file ...
2026-04-30,16:48:33 [DEBUG] (state.py:state:628): Loading option 'Access-Control-Allow-Origin' from section [Service Info]...
2026-04-30,16:48:33 [DEBUG] (state.py:state:650): Returning value ''
2026-04-30,16:48:33 [DEBUG] (state.py:state:628): Loading option 'Access-Control-Allow-Headers' from section [Service Info]...
2026-04-30,16:48:33 [DEBUG] (state.py:state:650): Returning value ''
2026-04-30,16:48:33 [DEBUG] (state.py:state:628): Loading option 'Access-Control-Allow-Methods' from section [Service Info]...
2026-04-30,16:48:33 [DEBUG] (state.py:state:650): Returning value ''
2026-04-30,16:48:33 [DEBUG] (base_handler.py:base_handler:115): Processing POST request...
2026-04-30,16:48:33 [INFO] (base_handler.py:base_handler:115): function to evaluate=def _user_script(tabpy, _arg1):
 import pandas as pd
 def get_output_schema():
 	return '88bcc9a0-3d33-4796-9f5e-c6ac01f67442'
 def prep_string():
 	return ['prep_string_type']
 def prep_bool():
 	return ['prep_bool_type']
 def prep_int():
 	return ['prep_int_type']
 def prep_decimal():
     return ['prep_decimal_type']
 def prep_date():
 	return ['prep_date_type']
 def prep_datetime():
 	return ['prep_datetime_type']
 #!/usr/bin/env python
 # coding: utf-8
 
 # import libraries
 
 import pandas as pd
 import matplotlib.pyplot as plt
 
 from sklearn.preprocessing import StandardScaler
 from sklearn.svm import OneClassSVM
 
 # Function
 def detect_outliers(input_df, outliers_fraction=0.05):
     
     # Sorting it by the Date Column
     df = input_df.sort_values('date')
 
     # Taking Sum of the Amounts on a given day (Remove if unique 'amount' on a given day)
     df = pd.pivot_table(df, index='date', values='amount', aggfunc='sum')
     df = df.reset_index()
 
     # Scaling the Data
     scaler = StandardScaler()
     scaled_data = scaler.fit_transform(pd.DataFrame(df['amount']))
     data = pd.DataFrame(scaled_data)
 
     # Training the OneClassSVM
     model = OneClassSVM(nu=outliers_fraction, kernel="rbf", gamma=0.1)
     model.fit(data)
 
     # Getting the Predicted Outliers
     df['anomaly'] = pd.Series(model.predict(data))
 
     # Setting the 'anomaly' column as boolean
     df['anomaly'] = [True if x == -1 else False for x in df['anomaly']]
 
     output_df = input_df
     
     return df
 
 def get_output_schema():
   return pd.DataFrame({
     'date' : prep_date(),
     'amount' : prep_decimal(), 
     'anomaly' : prep_bool()
 })
 def get_output_schema_3cfde641d679414e813c01d3eabe92c8(df = pd.DataFrame()):
     import inspect
     if len(inspect.getfullargspec(get_output_schema).args) == 0:
         return get_output_schema()
     else:
         return get_output_schema(df)
 result_schema_output = get_output_schema_3cfde641d679414e813c01d3eabe92c8(pd.DataFrame(_arg1))
 return result_schema_output.to_dict(orient='split') if isinstance(result_schema_output, pd.DataFrame) else result_schema_output

2026-04-30,16:48:33 [INFO] (web.py:web:2439): 200 POST /evaluate (127.0.0.1) 10.65ms
2026-04-30,16:48:33 [DEBUG] (base_handler.py:base_handler:115): Checking if need to handle authentication
2026-04-30,16:48:33 [DEBUG] (base_handler.py:base_handler:115): Handling authentication
2026-04-30,16:48:33 [INFO] (base_handler.py:base_handler:115): Authentication is not a required feature for API "v1"
2026-04-30,16:48:33 [DEBUG] (base_handler.py:base_handler:115): Checking request headers for authentication data
2026-04-30,16:48:33 [INFO] (base_handler.py:base_handler:115): Authorization header not found
2026-04-30,16:48:33 [DEBUG] (base_handler.py:base_handler:115): authentication not required, username and password are none
2026-04-30,16:48:33 [DEBUG] (state.py:state:526): Collecting Access-Control-Allow-Origin from state file ...
2026-04-30,16:48:33 [DEBUG] (state.py:state:628): Loading option 'Access-Control-Allow-Origin' from section [Service Info]...
2026-04-30,16:48:33 [DEBUG] (state.py:state:650): Returning value ''
2026-04-30,16:48:33 [DEBUG] (state.py:state:628): Loading option 'Access-Control-Allow-Headers' from section [Service Info]...
2026-04-30,16:48:33 [DEBUG] (state.py:state:650): Returning value ''
2026-04-30,16:48:33 [DEBUG] (state.py:state:628): Loading option 'Access-Control-Allow-Methods' from section [Service Info]...
2026-04-30,16:48:33 [DEBUG] (state.py:state:650): Returning value ''
2026-04-30,16:48:33 [DEBUG] (base_handler.py:base_handler:115): Processing POST request...
2026-04-30,16:48:33 [INFO] (base_handler.py:base_handler:115): function to evaluate=def _user_script(tabpy, _arg1):
 import pandas as pd
 def get_output_schema():
 	return '88bcc9a0-3d33-4796-9f5e-c6ac01f67442'
 def prep_string():
 	return ['prep_string_type']
 def prep_bool():
 	return ['prep_bool_type']
 def prep_int():
 	return ['prep_int_type']
 def prep_decimal():
     return ['prep_decimal_type']
 def prep_date():
 	return ['prep_date_type']
 def prep_datetime():
 	return ['prep_datetime_type']
 #!/usr/bin/env python
 # coding: utf-8
 
 # import libraries
 
 import pandas as pd
 import matplotlib.pyplot as plt
 
 from sklearn.preprocessing import StandardScaler
 from sklearn.svm import OneClassSVM
 
 # Function
 def detect_outliers(input_df, outliers_fraction=0.05):
     
     # Sorting it by the Date Column
     df = input_df.sort_values('date')
 
     # Taking Sum of the Amounts on a given day (Remove if unique 'amount' on a given day)
     df = pd.pivot_table(df, index='date', values='amount', aggfunc='sum')
     df = df.reset_index()
 
     # Scaling the Data
     scaler = StandardScaler()
     scaled_data = scaler.fit_transform(pd.DataFrame(df['amount']))
     data = pd.DataFrame(scaled_data)
 
     # Training the OneClassSVM
     model = OneClassSVM(nu=outliers_fraction, kernel="rbf", gamma=0.1)
     model.fit(data)
 
     # Getting the Predicted Outliers
     df['anomaly'] = pd.Series(model.predict(data))
 
     # Setting the 'anomaly' column as boolean
     df['anomaly'] = [True if x == -1 else False for x in df['anomaly']]
 
     output_df = input_df
     
     return df
 
 def get_output_schema():
   return pd.DataFrame({
     'date' : prep_date(),
     'amount' : prep_decimal(), 
     'anomaly' : prep_bool()
 })
 def get_output_schema_3cfde641d679414e813c01d3eabe92c8(df = pd.DataFrame()):
     import inspect
     if len(inspect.getfullargspec(get_output_schema).args) == 0:
         return get_output_schema()
     else:
         return get_output_schema(df)
 result_schema_output = get_output_schema_3cfde641d679414e813c01d3eabe92c8(pd.DataFrame(_arg1))
 return result_schema_output.to_dict(orient='split') if isinstance(result_schema_output, pd.DataFrame) else result_schema_output

2026-04-30,16:48:33 [INFO] (web.py:web:2439): 200 POST /evaluate (127.0.0.1) 10.41ms
2026-04-30,16:48:52 [CRITICAL] (app.py:app:189): Exiting on signal 2...
2026-04-30,16:48:52 [INFO] (app.py:app:195): Shutting down TabPy...
2026-04-30,16:48:52 [INFO] (app.py:app:195): Shutting down TabPy...
2026-04-30,16:50:06 [INFO] (app.py:app:316): Parsing config file C:\Users\yuvra\Desktop\UNI\Data management\Tabpy\.venv\Lib\site-packages\tabpy\tabpy_server\app\..\common\default.conf
2026-04-30,16:50:06 [DEBUG] (app.py:app:277): Parameter port set to "9004" from default value
2026-04-30,16:50:06 [DEBUG] (app.py:app:277): Parameter server_version set to "2.13.0" from default value
2026-04-30,16:50:06 [DEBUG] (app.py:app:277): Parameter evaluate_enabled set to "True" from default value
2026-04-30,16:50:06 [DEBUG] (app.py:app:277): Parameter evaluate_timeout set to "30" from default value
2026-04-30,16:50:06 [DEBUG] (app.py:app:277): Parameter upload_dir set to "C:\Users\yuvra\Desktop\UNI\Data management\Tabpy\.venv\Lib\site-packages\tabpy\tmp\query_objects" from default value
2026-04-30,16:50:06 [DEBUG] (app.py:app:277): Parameter transfer_protocol set to "http" from default value
2026-04-30,16:50:06 [DEBUG] (app.py:app:284): Parameter certificate_file is not set
2026-04-30,16:50:06 [DEBUG] (app.py:app:284): Parameter key_file is not set
2026-04-30,16:50:06 [DEBUG] (app.py:app:277): Parameter minimum_tls_version set to "TLSv1_2" from default value
2026-04-30,16:50:06 [DEBUG] (app.py:app:277): Parameter state_file_path set to "C:\Users\yuvra\Desktop\UNI\Data management\Tabpy\.venv\Lib\site-packages\tabpy\tabpy_server" from default value
2026-04-30,16:50:06 [DEBUG] (app.py:app:277): Parameter static_path set to "C:\Users\yuvra\Desktop\UNI\Data management\Tabpy\.venv\Lib\site-packages\tabpy\tabpy_server\static" from default value
2026-04-30,16:50:06 [DEBUG] (app.py:app:284): Parameter TABPY_PWD_FILE is not set
2026-04-30,16:50:06 [DEBUG] (app.py:app:277): Parameter log_request_context set to "false" from default value
2026-04-30,16:50:06 [DEBUG] (app.py:app:277): Parameter max_request_size_in_mb set to "100" from default value
2026-04-30,16:50:06 [DEBUG] (app.py:app:277): Parameter gzip_enabled set to "True" from default value
2026-04-30,16:50:06 [DEBUG] (app.py:app:277): Parameter arrow_enabled set to "False" from default value
2026-04-30,16:50:06 [DEBUG] (app.py:app:277): Parameter arrowflight_port set to "13622" from default value
2026-04-30,16:50:06 [INFO] (app.py:app:381): Setting max request size to 104857600 bytes
2026-04-30,16:50:06 [INFO] (app.py:app:545): Loading state from state file C:\Users\yuvra\Desktop\UNI\Data management\Tabpy\.venv\Lib\site-packages\tabpy\tabpy_server\state.ini
2026-04-30,16:50:06 [DEBUG] (app.py:app:397): Static pages folder set to "C:\Users\yuvra\Desktop\UNI\Data management\Tabpy\.venv\Lib\site-packages\tabpy\tabpy_server\static"
2026-04-30,16:50:11 [INFO] (app.py:app:510): Password file is not specified: Authentication is not enabled
2026-04-30,16:50:11 [INFO] (app.py:app:429): Call context logging is disabled
2026-04-30,16:50:11 [INFO] (app.py:app:197): Initializing TabPy...
2026-04-30,16:50:11 [DEBUG] (proactor_events.py:proactor_events:633): Using proactor: IocpProactor
2026-04-30,16:50:11 [INFO] (callbacks.py:callbacks:43): Initializing TabPy Server...
2026-04-30,16:50:11 [DEBUG] (state.py:state:628): Loading option 'None' from section [Query Objects Service Versions]...
2026-04-30,16:50:11 [DEBUG] (state.py:state:650): Returning value '[]'
2026-04-30,16:50:11 [DEBUG] (state.py:state:148): Collected endpoints: {}
2026-04-30,16:50:11 [INFO] (app.py:app:201): Done initializing TabPy.
2026-04-30,16:50:11 [DEBUG] (selector_events.py:selector_events:64): Using selector: SelectSelector
2026-04-30,16:50:11 [INFO] (callbacks.py:callbacks:64): Initializing models...
2026-04-30,16:50:11 [DEBUG] (state.py:state:628): Loading option 'None' from section [Query Objects Service Versions]...
2026-04-30,16:50:11 [DEBUG] (state.py:state:650): Returning value '[]'
2026-04-30,16:50:11 [DEBUG] (state.py:state:148): Collected endpoints: {}
2026-04-30,16:50:11 [INFO] (app.py:app:167): Web service listening on port 9004
2026-04-30,16:51:11 [DEBUG] (base_handler.py:base_handler:115): Checking if need to handle authentication
2026-04-30,16:51:11 [DEBUG] (base_handler.py:base_handler:115): Handling authentication
2026-04-30,16:51:11 [INFO] (base_handler.py:base_handler:115): Authentication is not a required feature for API "v1"
2026-04-30,16:51:11 [DEBUG] (base_handler.py:base_handler:115): Checking request headers for authentication data
2026-04-30,16:51:11 [INFO] (base_handler.py:base_handler:115): Authorization header not found
2026-04-30,16:51:11 [DEBUG] (base_handler.py:base_handler:115): authentication not required, username and password are none
2026-04-30,16:51:11 [DEBUG] (state.py:state:526): Collecting Access-Control-Allow-Origin from state file ...
2026-04-30,16:51:11 [DEBUG] (state.py:state:628): Loading option 'Access-Control-Allow-Origin' from section [Service Info]...
2026-04-30,16:51:11 [DEBUG] (state.py:state:650): Returning value ''
2026-04-30,16:51:11 [DEBUG] (state.py:state:628): Loading option 'Access-Control-Allow-Headers' from section [Service Info]...
2026-04-30,16:51:11 [DEBUG] (state.py:state:650): Returning value ''
2026-04-30,16:51:11 [DEBUG] (state.py:state:628): Loading option 'Access-Control-Allow-Methods' from section [Service Info]...
2026-04-30,16:51:11 [DEBUG] (state.py:state:650): Returning value ''
2026-04-30,16:51:11 [DEBUG] (base_handler.py:base_handler:115): Processing POST request...
2026-04-30,16:51:11 [INFO] (base_handler.py:base_handler:115): function to evaluate=def _user_script(tabpy, _arg1):
 import pandas as pd
 def get_output_schema():
 	return '88bcc9a0-3d33-4796-9f5e-c6ac01f67442'
 def prep_string():
 	return ['prep_string_type']
 def prep_bool():
 	return ['prep_bool_type']
 def prep_int():
 	return ['prep_int_type']
 def prep_decimal():
     return ['prep_decimal_type']
 def prep_date():
 	return ['prep_date_type']
 def prep_datetime():
 	return ['prep_datetime_type']
 #!/usr/bin/env python
 # coding: utf-8
 
 # import libraries
 
 import pandas as pd
 import matplotlib.pyplot as plt
 
 from sklearn.preprocessing import StandardScaler
 from sklearn.svm import OneClassSVM
 
 # Function
 def detect_outliers(input_df, outliers_fraction=0.05):
     
     # Sorting it by the Date Column
     df = input_df.sort_values('date')
 
     # Taking Sum of the Amounts on a given day (Remove if unique 'amount' on a given day)
     df = pd.pivot_table(df, index='date', values='amount', aggfunc='sum')
     df = df.reset_index()
 
     # Scaling the Data
     scaler = StandardScaler()
     scaled_data = scaler.fit_transform(pd.DataFrame(df['amount']))
     data = pd.DataFrame(scaled_data)
 
     # Training the OneClassSVM
     model = OneClassSVM(nu=outliers_fraction, kernel="rbf", gamma=0.1)
     model.fit(data)
 
     # Getting the Predicted Outliers
     df['anomaly'] = pd.Series(model.predict(data))
 
     # Setting the 'anomaly' column as boolean
     df['anomaly'] = [True if x == -1 else False for x in df['anomaly']]
 
     output_df = input_df
     
     return df
 
 def get_output_schema():
   return pd.DataFrame({
     'date' : prep_date(),
     'amount' : prep_decimal(), 
     'anomaly' : prep_bool()
 })
 def get_output_schema_3cfde641d679414e813c01d3eabe92c8(df = pd.DataFrame()):
     import inspect
     if len(inspect.getfullargspec(get_output_schema).args) == 0:
         return get_output_schema()
     else:
         return get_output_schema(df)
 result_schema_output = get_output_schema_3cfde641d679414e813c01d3eabe92c8(pd.DataFrame(_arg1))
 return result_schema_output.to_dict(orient='split') if isinstance(result_schema_output, pd.DataFrame) else result_schema_output

2026-04-30,16:51:11 [DEBUG] (__init__.py:__init__:342): matplotlib data path: C:\Users\yuvra\Desktop\UNI\Data management\Tabpy\.venv\Lib\site-packages\matplotlib\mpl-data
2026-04-30,16:51:11 [DEBUG] (__init__.py:__init__:342): CONFIGDIR=C:\Users\yuvra\.matplotlib
2026-04-30,16:51:11 [DEBUG] (__init__.py:__init__:1560): interactive is False
2026-04-30,16:51:11 [DEBUG] (__init__.py:__init__:1561): platform is win32
2026-04-30,16:51:11 [DEBUG] (__init__.py:__init__:342): CACHEDIR=C:\Users\yuvra\.matplotlib
2026-04-30,16:51:11 [DEBUG] (font_manager.py:font_manager:1635): Using fontManager instance from C:\Users\yuvra\.matplotlib\fontlist-v390.json
2026-04-30,16:51:14 [INFO] (web.py:web:2439): 200 POST /evaluate (127.0.0.1) 3119.79ms
2026-04-30,16:51:14 [DEBUG] (base_handler.py:base_handler:115): Checking if need to handle authentication
2026-04-30,16:51:14 [DEBUG] (base_handler.py:base_handler:115): Handling authentication
2026-04-30,16:51:14 [INFO] (base_handler.py:base_handler:115): Authentication is not a required feature for API "v1"
2026-04-30,16:51:14 [DEBUG] (base_handler.py:base_handler:115): Checking request headers for authentication data
2026-04-30,16:51:14 [INFO] (base_handler.py:base_handler:115): Authorization header not found
2026-04-30,16:51:14 [DEBUG] (base_handler.py:base_handler:115): authentication not required, username and password are none
2026-04-30,16:51:14 [DEBUG] (state.py:state:526): Collecting Access-Control-Allow-Origin from state file ...
2026-04-30,16:51:14 [DEBUG] (state.py:state:628): Loading option 'Access-Control-Allow-Origin' from section [Service Info]...
2026-04-30,16:51:14 [DEBUG] (state.py:state:650): Returning value ''
2026-04-30,16:51:14 [DEBUG] (state.py:state:628): Loading option 'Access-Control-Allow-Headers' from section [Service Info]...
2026-04-30,16:51:14 [DEBUG] (state.py:state:650): Returning value ''
2026-04-30,16:51:14 [DEBUG] (state.py:state:628): Loading option 'Access-Control-Allow-Methods' from section [Service Info]...
2026-04-30,16:51:14 [DEBUG] (state.py:state:650): Returning value ''
2026-04-30,16:51:14 [DEBUG] (base_handler.py:base_handler:115): Processing POST request...
2026-04-30,16:51:14 [INFO] (base_handler.py:base_handler:115): function to evaluate=def _user_script(tabpy, _arg1):
 import pandas as pd
 def get_output_schema():
 	return '88bcc9a0-3d33-4796-9f5e-c6ac01f67442'
 def prep_string():
 	return ['prep_string_type']
 def prep_bool():
 	return ['prep_bool_type']
 def prep_int():
 	return ['prep_int_type']
 def prep_decimal():
     return ['prep_decimal_type']
 def prep_date():
 	return ['prep_date_type']
 def prep_datetime():
 	return ['prep_datetime_type']
 #!/usr/bin/env python
 # coding: utf-8
 
 # import libraries
 
 import pandas as pd
 import matplotlib.pyplot as plt
 
 from sklearn.preprocessing import StandardScaler
 from sklearn.svm import OneClassSVM
 
 # Function
 def detect_outliers(input_df, outliers_fraction=0.05):
     
     # Sorting it by the Date Column
     df = input_df.sort_values('date')
 
     # Taking Sum of the Amounts on a given day (Remove if unique 'amount' on a given day)
     df = pd.pivot_table(df, index='date', values='amount', aggfunc='sum')
     df = df.reset_index()
 
     # Scaling the Data
     scaler = StandardScaler()
     scaled_data = scaler.fit_transform(pd.DataFrame(df['amount']))
     data = pd.DataFrame(scaled_data)
 
     # Training the OneClassSVM
     model = OneClassSVM(nu=outliers_fraction, kernel="rbf", gamma=0.1)
     model.fit(data)
 
     # Getting the Predicted Outliers
     df['anomaly'] = pd.Series(model.predict(data))
 
     # Setting the 'anomaly' column as boolean
     df['anomaly'] = [True if x == -1 else False for x in df['anomaly']]
 
     output_df = input_df
     
     return df
 
 def get_output_schema():
   return pd.DataFrame({
     'date' : prep_date(),
     'amount' : prep_decimal(), 
     'anomaly' : prep_bool()
 })
 def get_output_schema_3cfde641d679414e813c01d3eabe92c8(df = pd.DataFrame()):
     import inspect
     if len(inspect.getfullargspec(get_output_schema).args) == 0:
         return get_output_schema()
     else:
         return get_output_schema(df)
 result_schema_output = get_output_schema_3cfde641d679414e813c01d3eabe92c8(pd.DataFrame(_arg1))
 return result_schema_output.to_dict(orient='split') if isinstance(result_schema_output, pd.DataFrame) else result_schema_output

2026-04-30,16:51:14 [INFO] (web.py:web:2439): 200 POST /evaluate (127.0.0.1) 24.24ms
2026-04-30,16:51:15 [DEBUG] (base_handler.py:base_handler:115): Checking if need to handle authentication
2026-04-30,16:51:15 [DEBUG] (base_handler.py:base_handler:115): Handling authentication
2026-04-30,16:51:15 [INFO] (base_handler.py:base_handler:115): Authentication is not a required feature for API "v1"
2026-04-30,16:51:15 [DEBUG] (base_handler.py:base_handler:115): Checking request headers for authentication data
2026-04-30,16:51:15 [INFO] (base_handler.py:base_handler:115): Authorization header not found
2026-04-30,16:51:15 [DEBUG] (base_handler.py:base_handler:115): authentication not required, username and password are none
2026-04-30,16:51:15 [DEBUG] (state.py:state:526): Collecting Access-Control-Allow-Origin from state file ...
2026-04-30,16:51:15 [DEBUG] (state.py:state:628): Loading option 'Access-Control-Allow-Origin' from section [Service Info]...
2026-04-30,16:51:15 [DEBUG] (state.py:state:650): Returning value ''
2026-04-30,16:51:15 [DEBUG] (state.py:state:628): Loading option 'Access-Control-Allow-Headers' from section [Service Info]...
2026-04-30,16:51:15 [DEBUG] (state.py:state:650): Returning value ''
2026-04-30,16:51:15 [DEBUG] (state.py:state:628): Loading option 'Access-Control-Allow-Methods' from section [Service Info]...
2026-04-30,16:51:15 [DEBUG] (state.py:state:650): Returning value ''
2026-04-30,16:51:15 [DEBUG] (base_handler.py:base_handler:115): Processing POST request...
2026-04-30,16:51:15 [INFO] (base_handler.py:base_handler:115): function to evaluate=def _user_script(tabpy, _arg1):
 import pandas as pd
 def get_output_schema():
 	return '88bcc9a0-3d33-4796-9f5e-c6ac01f67442'
 def prep_string():
 	return ['prep_string_type']
 def prep_bool():
 	return ['prep_bool_type']
 def prep_int():
 	return ['prep_int_type']
 def prep_decimal():
     return ['prep_decimal_type']
 def prep_date():
 	return ['prep_date_type']
 def prep_datetime():
 	return ['prep_datetime_type']
 #!/usr/bin/env python
 # coding: utf-8
 
 # import libraries
 
 import pandas as pd
 import matplotlib.pyplot as plt
 
 from sklearn.preprocessing import StandardScaler
 from sklearn.svm import OneClassSVM
 
 # Function
 def detect_outliers(input_df, outliers_fraction=0.05):
     
     # Sorting it by the Date Column
     df = input_df.sort_values('date')
 
     # Taking Sum of the Amounts on a given day (Remove if unique 'amount' on a given day)
     df = pd.pivot_table(df, index='date', values='amount', aggfunc='sum')
     df = df.reset_index()
 
     # Scaling the Data
     scaler = StandardScaler()
     scaled_data = scaler.fit_transform(pd.DataFrame(df['amount']))
     data = pd.DataFrame(scaled_data)
 
     # Training the OneClassSVM
     model = OneClassSVM(nu=outliers_fraction, kernel="rbf", gamma=0.1)
     model.fit(data)
 
     # Getting the Predicted Outliers
     df['anomaly'] = pd.Series(model.predict(data))
 
     # Setting the 'anomaly' column as boolean
     df['anomaly'] = [True if x == -1 else False for x in df['anomaly']]
 
     output_df = input_df
     
     return df
 
 def get_output_schema():
   return pd.DataFrame({
     'date' : prep_date(),
     'amount' : prep_decimal(), 
     'anomaly' : prep_bool()
 })
 def get_output_schema_3cfde641d679414e813c01d3eabe92c8(df = pd.DataFrame()):
     import inspect
     if len(inspect.getfullargspec(get_output_schema).args) == 0:
         return get_output_schema()
     else:
         return get_output_schema(df)
 result_schema_output = get_output_schema_3cfde641d679414e813c01d3eabe92c8(pd.DataFrame(_arg1))
 return result_schema_output.to_dict(orient='split') if isinstance(result_schema_output, pd.DataFrame) else result_schema_output

2026-04-30,16:51:15 [INFO] (web.py:web:2439): 200 POST /evaluate (127.0.0.1) 8.27ms
2026-04-30,16:51:15 [DEBUG] (base_handler.py:base_handler:115): Checking if need to handle authentication
2026-04-30,16:51:15 [DEBUG] (base_handler.py:base_handler:115): Handling authentication
2026-04-30,16:51:15 [INFO] (base_handler.py:base_handler:115): Authentication is not a required feature for API "v1"
2026-04-30,16:51:15 [DEBUG] (base_handler.py:base_handler:115): Checking request headers for authentication data
2026-04-30,16:51:15 [INFO] (base_handler.py:base_handler:115): Authorization header not found
2026-04-30,16:51:15 [DEBUG] (base_handler.py:base_handler:115): authentication not required, username and password are none
2026-04-30,16:51:15 [DEBUG] (state.py:state:526): Collecting Access-Control-Allow-Origin from state file ...
2026-04-30,16:51:15 [DEBUG] (state.py:state:628): Loading option 'Access-Control-Allow-Origin' from section [Service Info]...
2026-04-30,16:51:15 [DEBUG] (state.py:state:650): Returning value ''
2026-04-30,16:51:15 [DEBUG] (state.py:state:628): Loading option 'Access-Control-Allow-Headers' from section [Service Info]...
2026-04-30,16:51:15 [DEBUG] (state.py:state:650): Returning value ''
2026-04-30,16:51:15 [DEBUG] (state.py:state:628): Loading option 'Access-Control-Allow-Methods' from section [Service Info]...
2026-04-30,16:51:15 [DEBUG] (state.py:state:650): Returning value ''
2026-04-30,16:51:15 [DEBUG] (base_handler.py:base_handler:115): Processing POST request...
2026-04-30,16:51:15 [INFO] (base_handler.py:base_handler:115): function to evaluate=def _user_script(tabpy, _arg1):
 import pandas as pd
 def get_output_schema():
 	return '88bcc9a0-3d33-4796-9f5e-c6ac01f67442'
 def prep_string():
 	return ['prep_string_type']
 def prep_bool():
 	return ['prep_bool_type']
 def prep_int():
 	return ['prep_int_type']
 def prep_decimal():
     return ['prep_decimal_type']
 def prep_date():
 	return ['prep_date_type']
 def prep_datetime():
 	return ['prep_datetime_type']
 #!/usr/bin/env python
 # coding: utf-8
 
 # import libraries
 
 import pandas as pd
 import matplotlib.pyplot as plt
 
 from sklearn.preprocessing import StandardScaler
 from sklearn.svm import OneClassSVM
 
 # Function
 def detect_outliers(input_df, outliers_fraction=0.05):
     
     # Sorting it by the Date Column
     df = input_df.sort_values('date')
 
     # Taking Sum of the Amounts on a given day (Remove if unique 'amount' on a given day)
     df = pd.pivot_table(df, index='date', values='amount', aggfunc='sum')
     df = df.reset_index()
 
     # Scaling the Data
     scaler = StandardScaler()
     scaled_data = scaler.fit_transform(pd.DataFrame(df['amount']))
     data = pd.DataFrame(scaled_data)
 
     # Training the OneClassSVM
     model = OneClassSVM(nu=outliers_fraction, kernel="rbf", gamma=0.1)
     model.fit(data)
 
     # Getting the Predicted Outliers
     df['anomaly'] = pd.Series(model.predict(data))
 
     # Setting the 'anomaly' column as boolean
     df['anomaly'] = [True if x == -1 else False for x in df['anomaly']]
 
     output_df = input_df
     
     return df
 
 def get_output_schema():
   return pd.DataFrame({
     'date' : prep_date(),
     'amount' : prep_decimal(), 
     'anomaly' : prep_bool()
 })
 def get_output_schema_3cfde641d679414e813c01d3eabe92c8(df = pd.DataFrame()):
     import inspect
     if len(inspect.getfullargspec(get_output_schema).args) == 0:
         return get_output_schema()
     else:
         return get_output_schema(df)
 result_schema_output = get_output_schema_3cfde641d679414e813c01d3eabe92c8(pd.DataFrame(_arg1))
 return result_schema_output.to_dict(orient='split') if isinstance(result_schema_output, pd.DataFrame) else result_schema_output

2026-04-30,16:51:15 [INFO] (web.py:web:2439): 200 POST /evaluate (127.0.0.1) 10.39ms
2026-04-30,16:51:17 [DEBUG] (base_handler.py:base_handler:115): Checking if need to handle authentication
2026-04-30,16:51:17 [DEBUG] (base_handler.py:base_handler:115): Handling authentication
2026-04-30,16:51:17 [INFO] (base_handler.py:base_handler:115): Authentication is not a required feature for API "v1"
2026-04-30,16:51:17 [DEBUG] (base_handler.py:base_handler:115): Checking request headers for authentication data
2026-04-30,16:51:17 [INFO] (base_handler.py:base_handler:115): Authorization header not found
2026-04-30,16:51:17 [DEBUG] (base_handler.py:base_handler:115): authentication not required, username and password are none
2026-04-30,16:51:17 [DEBUG] (state.py:state:526): Collecting Access-Control-Allow-Origin from state file ...
2026-04-30,16:51:17 [DEBUG] (state.py:state:628): Loading option 'Access-Control-Allow-Origin' from section [Service Info]...
2026-04-30,16:51:17 [DEBUG] (state.py:state:650): Returning value ''
2026-04-30,16:51:17 [DEBUG] (state.py:state:628): Loading option 'Access-Control-Allow-Headers' from section [Service Info]...
2026-04-30,16:51:17 [DEBUG] (state.py:state:650): Returning value ''
2026-04-30,16:51:17 [DEBUG] (state.py:state:628): Loading option 'Access-Control-Allow-Methods' from section [Service Info]...
2026-04-30,16:51:17 [DEBUG] (state.py:state:650): Returning value ''
2026-04-30,16:51:17 [DEBUG] (base_handler.py:base_handler:115): Processing POST request...
2026-04-30,16:51:17 [INFO] (base_handler.py:base_handler:115): function to evaluate=def _user_script(tabpy, _arg1):
 import pandas as pd
 def get_output_schema():
 	return '88bcc9a0-3d33-4796-9f5e-c6ac01f67442'
 def prep_string():
 	return ['prep_string_type']
 def prep_bool():
 	return ['prep_bool_type']
 def prep_int():
 	return ['prep_int_type']
 def prep_decimal():
     return ['prep_decimal_type']
 def prep_date():
 	return ['prep_date_type']
 def prep_datetime():
 	return ['prep_datetime_type']
 #!/usr/bin/env python
 # coding: utf-8
 
 # import libraries
 
 import pandas as pd
 import matplotlib.pyplot as plt
 
 from sklearn.preprocessing import StandardScaler
 from sklearn.svm import OneClassSVM
 
 # Function
 def detect_outliers(input_df, outliers_fraction=0.05):
     
     # Sorting it by the Date Column
     df = input_df.sort_values('date')
 
     # Taking Sum of the Amounts on a given day (Remove if unique 'amount' on a given day)
     df = pd.pivot_table(df, index='date', values='amount', aggfunc='sum')
     df = df.reset_index()
 
     # Scaling the Data
     scaler = StandardScaler()
     scaled_data = scaler.fit_transform(pd.DataFrame(df['amount']))
     data = pd.DataFrame(scaled_data)
 
     # Training the OneClassSVM
     model = OneClassSVM(nu=outliers_fraction, kernel="rbf", gamma=0.1)
     model.fit(data)
 
     # Getting the Predicted Outliers
     df['anomaly'] = pd.Series(model.predict(data))
 
     # Setting the 'anomaly' column as boolean
     df['anomaly'] = [True if x == -1 else False for x in df['anomaly']]
 
     output_df = input_df
     
     return df
 
 def get_output_schema():
   return pd.DataFrame({
     'date' : prep_date(),
     'amount' : prep_decimal(), 
     'anomaly' : prep_bool()
 })
 def get_output_schema_3cfde641d679414e813c01d3eabe92c8(df = pd.DataFrame()):
     import inspect
     if len(inspect.getfullargspec(get_output_schema).args) == 0:
         return get_output_schema()
     else:
         return get_output_schema(df)
 result_schema_output = get_output_schema_3cfde641d679414e813c01d3eabe92c8(pd.DataFrame(_arg1))
 return result_schema_output.to_dict(orient='split') if isinstance(result_schema_output, pd.DataFrame) else result_schema_output

2026-04-30,16:51:17 [INFO] (web.py:web:2439): 200 POST /evaluate (127.0.0.1) 10.25ms
2026-04-30,16:51:17 [DEBUG] (base_handler.py:base_handler:115): Checking if need to handle authentication
2026-04-30,16:51:17 [DEBUG] (base_handler.py:base_handler:115): Handling authentication
2026-04-30,16:51:17 [INFO] (base_handler.py:base_handler:115): Authentication is not a required feature for API "v1"
2026-04-30,16:51:17 [DEBUG] (base_handler.py:base_handler:115): Checking request headers for authentication data
2026-04-30,16:51:17 [INFO] (base_handler.py:base_handler:115): Authorization header not found
2026-04-30,16:51:17 [DEBUG] (base_handler.py:base_handler:115): authentication not required, username and password are none
2026-04-30,16:51:17 [DEBUG] (state.py:state:526): Collecting Access-Control-Allow-Origin from state file ...
2026-04-30,16:51:17 [DEBUG] (state.py:state:628): Loading option 'Access-Control-Allow-Origin' from section [Service Info]...
2026-04-30,16:51:17 [DEBUG] (state.py:state:650): Returning value ''
2026-04-30,16:51:17 [DEBUG] (state.py:state:628): Loading option 'Access-Control-Allow-Headers' from section [Service Info]...
2026-04-30,16:51:17 [DEBUG] (state.py:state:650): Returning value ''
2026-04-30,16:51:17 [DEBUG] (state.py:state:628): Loading option 'Access-Control-Allow-Methods' from section [Service Info]...
2026-04-30,16:51:17 [DEBUG] (state.py:state:650): Returning value ''
2026-04-30,16:51:17 [DEBUG] (base_handler.py:base_handler:115): Processing POST request...
2026-04-30,16:51:17 [INFO] (base_handler.py:base_handler:115): function to evaluate=def _user_script(tabpy, _arg1):
 import pandas as pd
 def get_output_schema():
 	return '88bcc9a0-3d33-4796-9f5e-c6ac01f67442'
 def prep_string():
 	return ['prep_string_type']
 def prep_bool():
 	return ['prep_bool_type']
 def prep_int():
 	return ['prep_int_type']
 def prep_decimal():
     return ['prep_decimal_type']
 def prep_date():
 	return ['prep_date_type']
 def prep_datetime():
 	return ['prep_datetime_type']
 #!/usr/bin/env python
 # coding: utf-8
 
 # import libraries
 
 import pandas as pd
 import matplotlib.pyplot as plt
 
 from sklearn.preprocessing import StandardScaler
 from sklearn.svm import OneClassSVM
 
 # Function
 def detect_outliers(input_df, outliers_fraction=0.05):
     
     # Sorting it by the Date Column
     df = input_df.sort_values('date')
 
     # Taking Sum of the Amounts on a given day (Remove if unique 'amount' on a given day)
     df = pd.pivot_table(df, index='date', values='amount', aggfunc='sum')
     df = df.reset_index()
 
     # Scaling the Data
     scaler = StandardScaler()
     scaled_data = scaler.fit_transform(pd.DataFrame(df['amount']))
     data = pd.DataFrame(scaled_data)
 
     # Training the OneClassSVM
     model = OneClassSVM(nu=outliers_fraction, kernel="rbf", gamma=0.1)
     model.fit(data)
 
     # Getting the Predicted Outliers
     df['anomaly'] = pd.Series(model.predict(data))
 
     # Setting the 'anomaly' column as boolean
     df['anomaly'] = [True if x == -1 else False for x in df['anomaly']]
 
     output_df = input_df
     
     return df
 
 def get_output_schema():
   return pd.DataFrame({
     'date' : prep_date(),
     'amount' : prep_decimal(), 
     'anomaly' : prep_bool()
 })
 def get_output_schema_3cfde641d679414e813c01d3eabe92c8(df = pd.DataFrame()):
     import inspect
     if len(inspect.getfullargspec(get_output_schema).args) == 0:
         return get_output_schema()
     else:
         return get_output_schema(df)
 result_schema_output = get_output_schema_3cfde641d679414e813c01d3eabe92c8(pd.DataFrame(_arg1))
 return result_schema_output.to_dict(orient='split') if isinstance(result_schema_output, pd.DataFrame) else result_schema_output

2026-04-30,16:51:17 [INFO] (web.py:web:2439): 200 POST /evaluate (127.0.0.1) 8.91ms
2026-04-30,16:51:31 [DEBUG] (base_handler.py:base_handler:115): Checking if need to handle authentication
2026-04-30,16:51:31 [DEBUG] (base_handler.py:base_handler:115): Handling authentication
2026-04-30,16:51:31 [INFO] (base_handler.py:base_handler:115): Authentication is not a required feature for API "v1"
2026-04-30,16:51:31 [DEBUG] (base_handler.py:base_handler:115): Checking request headers for authentication data
2026-04-30,16:51:31 [INFO] (base_handler.py:base_handler:115): Authorization header not found
2026-04-30,16:51:31 [DEBUG] (base_handler.py:base_handler:115): authentication not required, username and password are none
2026-04-30,16:51:31 [DEBUG] (state.py:state:526): Collecting Access-Control-Allow-Origin from state file ...
2026-04-30,16:51:31 [DEBUG] (state.py:state:628): Loading option 'Access-Control-Allow-Origin' from section [Service Info]...
2026-04-30,16:51:31 [DEBUG] (state.py:state:650): Returning value ''
2026-04-30,16:51:31 [DEBUG] (state.py:state:628): Loading option 'Access-Control-Allow-Headers' from section [Service Info]...
2026-04-30,16:51:31 [DEBUG] (state.py:state:650): Returning value ''
2026-04-30,16:51:31 [DEBUG] (state.py:state:628): Loading option 'Access-Control-Allow-Methods' from section [Service Info]...
2026-04-30,16:51:31 [DEBUG] (state.py:state:650): Returning value ''
2026-04-30,16:51:31 [DEBUG] (base_handler.py:base_handler:115): Processing POST request...
2026-04-30,16:51:31 [INFO] (base_handler.py:base_handler:115): function to evaluate=def _user_script(tabpy, _arg1):
 import pandas as pd
 def get_output_schema():
 	return '88bcc9a0-3d33-4796-9f5e-c6ac01f67442'
 def prep_string():
 	return ['prep_string_type']
 def prep_bool():
 	return ['prep_bool_type']
 def prep_int():
 	return ['prep_int_type']
 def prep_decimal():
     return ['prep_decimal_type']
 def prep_date():
 	return ['prep_date_type']
 def prep_datetime():
 	return ['prep_datetime_type']
 #!/usr/bin/env python
 # coding: utf-8
 
 # import libraries
 
 import pandas as pd
 import matplotlib.pyplot as plt
 
 from sklearn.preprocessing import StandardScaler
 from sklearn.svm import OneClassSVM
 
 # Function
 def detect_outliers(input_df, outliers_fraction=0.05):
     
     # Sorting it by the Date Column
     df = input_df.sort_values('date')
 
     # Taking Sum of the Amounts on a given day (Remove if unique 'amount' on a given day)
     df = pd.pivot_table(df, index='date', values='amount', aggfunc='sum')
     df = df.reset_index()
 
     # Scaling the Data
     scaler = StandardScaler()
     scaled_data = scaler.fit_transform(pd.DataFrame(df['amount']))
     data = pd.DataFrame(scaled_data)
 
     # Training the OneClassSVM
     model = OneClassSVM(nu=outliers_fraction, kernel="rbf", gamma=0.1)
     model.fit(data)
 
     # Getting the Predicted Outliers
     df['anomaly'] = pd.Series(model.predict(data))
 
     # Setting the 'anomaly' column as boolean
     df['anomaly'] = [True if x == -1 else False for x in df['anomaly']]
 
     output_df = input_df
     
     return df
 
 def get_output_schema():
   return pd.DataFrame({
     'date' : prep_date(),
     'amount' : prep_decimal(), 
     'anomaly' : prep_bool()
 })
 def get_output_schema_3cfde641d679414e813c01d3eabe92c8(df = pd.DataFrame()):
     import inspect
     if len(inspect.getfullargspec(get_output_schema).args) == 0:
         return get_output_schema()
     else:
         return get_output_schema(df)
 result_schema_output = get_output_schema_3cfde641d679414e813c01d3eabe92c8(pd.DataFrame(_arg1))
 return result_schema_output.to_dict(orient='split') if isinstance(result_schema_output, pd.DataFrame) else result_schema_output

2026-04-30,16:51:31 [INFO] (web.py:web:2439): 200 POST /evaluate (127.0.0.1) 9.58ms
2026-04-30,16:51:32 [DEBUG] (base_handler.py:base_handler:115): Checking if need to handle authentication
2026-04-30,16:51:32 [DEBUG] (base_handler.py:base_handler:115): Handling authentication
2026-04-30,16:51:32 [INFO] (base_handler.py:base_handler:115): Authentication is not a required feature for API "v1"
2026-04-30,16:51:32 [DEBUG] (base_handler.py:base_handler:115): Checking request headers for authentication data
2026-04-30,16:51:32 [INFO] (base_handler.py:base_handler:115): Authorization header not found
2026-04-30,16:51:32 [DEBUG] (base_handler.py:base_handler:115): authentication not required, username and password are none
2026-04-30,16:51:32 [DEBUG] (state.py:state:526): Collecting Access-Control-Allow-Origin from state file ...
2026-04-30,16:51:32 [DEBUG] (state.py:state:628): Loading option 'Access-Control-Allow-Origin' from section [Service Info]...
2026-04-30,16:51:32 [DEBUG] (state.py:state:650): Returning value ''
2026-04-30,16:51:32 [DEBUG] (state.py:state:628): Loading option 'Access-Control-Allow-Headers' from section [Service Info]...
2026-04-30,16:51:32 [DEBUG] (state.py:state:650): Returning value ''
2026-04-30,16:51:32 [DEBUG] (state.py:state:628): Loading option 'Access-Control-Allow-Methods' from section [Service Info]...
2026-04-30,16:51:32 [DEBUG] (state.py:state:650): Returning value ''
2026-04-30,16:51:32 [DEBUG] (base_handler.py:base_handler:115): Processing POST request...
2026-04-30,16:51:32 [INFO] (base_handler.py:base_handler:115): function to evaluate=def _user_script(tabpy, _arg1):
 import pandas as pd
 def get_output_schema():
 	return '88bcc9a0-3d33-4796-9f5e-c6ac01f67442'
 def prep_string():
 	return ['prep_string_type']
 def prep_bool():
 	return ['prep_bool_type']
 def prep_int():
 	return ['prep_int_type']
 def prep_decimal():
     return ['prep_decimal_type']
 def prep_date():
 	return ['prep_date_type']
 def prep_datetime():
 	return ['prep_datetime_type']
 #!/usr/bin/env python
 # coding: utf-8
 
 # import libraries
 
 import pandas as pd
 import matplotlib.pyplot as plt
 
 from sklearn.preprocessing import StandardScaler
 from sklearn.svm import OneClassSVM
 
 # Function
 def detect_outliers(input_df, outliers_fraction=0.05):
     
     # Sorting it by the Date Column
     df = input_df.sort_values('date')
 
     # Taking Sum of the Amounts on a given day (Remove if unique 'amount' on a given day)
     df = pd.pivot_table(df, index='date', values='amount', aggfunc='sum')
     df = df.reset_index()
 
     # Scaling the Data
     scaler = StandardScaler()
     scaled_data = scaler.fit_transform(pd.DataFrame(df['amount']))
     data = pd.DataFrame(scaled_data)
 
     # Training the OneClassSVM
     model = OneClassSVM(nu=outliers_fraction, kernel="rbf", gamma=0.1)
     model.fit(data)
 
     # Getting the Predicted Outliers
     df['anomaly'] = pd.Series(model.predict(data))
 
     # Setting the 'anomaly' column as boolean
     df['anomaly'] = [True if x == -1 else False for x in df['anomaly']]
 
     output_df = input_df
     
     return df
 
 def get_output_schema():
   return pd.DataFrame({
     'date' : prep_date(),
     'amount' : prep_decimal(), 
     'anomaly' : prep_bool()
 })
 def get_output_schema_3cfde641d679414e813c01d3eabe92c8(df = pd.DataFrame()):
     import inspect
     if len(inspect.getfullargspec(get_output_schema).args) == 0:
         return get_output_schema()
     else:
         return get_output_schema(df)
 result_schema_output = get_output_schema_3cfde641d679414e813c01d3eabe92c8(pd.DataFrame(_arg1))
 return result_schema_output.to_dict(orient='split') if isinstance(result_schema_output, pd.DataFrame) else result_schema_output

2026-04-30,16:51:32 [DEBUG] (base_handler.py:base_handler:115): Checking if need to handle authentication
2026-04-30,16:51:32 [DEBUG] (base_handler.py:base_handler:115): Handling authentication
2026-04-30,16:51:32 [INFO] (base_handler.py:base_handler:115): Authentication is not a required feature for API "v1"
2026-04-30,16:51:32 [DEBUG] (base_handler.py:base_handler:115): Checking request headers for authentication data
2026-04-30,16:51:32 [INFO] (base_handler.py:base_handler:115): Authorization header not found
2026-04-30,16:51:32 [DEBUG] (base_handler.py:base_handler:115): authentication not required, username and password are none
2026-04-30,16:51:32 [DEBUG] (state.py:state:526): Collecting Access-Control-Allow-Origin from state file ...
2026-04-30,16:51:32 [DEBUG] (state.py:state:628): Loading option 'Access-Control-Allow-Origin' from section [Service Info]...
2026-04-30,16:51:32 [DEBUG] (state.py:state:650): Returning value ''
2026-04-30,16:51:32 [DEBUG] (state.py:state:628): Loading option 'Access-Control-Allow-Headers' from section [Service Info]...
2026-04-30,16:51:32 [DEBUG] (state.py:state:650): Returning value ''
2026-04-30,16:51:32 [DEBUG] (state.py:state:628): Loading option 'Access-Control-Allow-Methods' from section [Service Info]...
2026-04-30,16:51:32 [DEBUG] (state.py:state:650): Returning value ''
2026-04-30,16:51:32 [DEBUG] (base_handler.py:base_handler:115): Processing POST request...
2026-04-30,16:51:32 [INFO] (base_handler.py:base_handler:115): function to evaluate=def _user_script(tabpy, _arg1):
 import pandas as pd
 def get_output_schema():
 	return '88bcc9a0-3d33-4796-9f5e-c6ac01f67442'
 def prep_string():
 	return ['prep_string_type']
 def prep_bool():
 	return ['prep_bool_type']
 def prep_int():
 	return ['prep_int_type']
 def prep_decimal():
     return ['prep_decimal_type']
 def prep_date():
 	return ['prep_date_type']
 def prep_datetime():
 	return ['prep_datetime_type']
 #!/usr/bin/env python
 # coding: utf-8
 
 # import libraries
 
 import pandas as pd
 import matplotlib.pyplot as plt
 
 from sklearn.preprocessing import StandardScaler
 from sklearn.svm import OneClassSVM
 
 # Function
 def detect_outliers(input_df, outliers_fraction=0.05):
     
     # Sorting it by the Date Column
     df = input_df.sort_values('date')
 
     # Taking Sum of the Amounts on a given day (Remove if unique 'amount' on a given day)
     df = pd.pivot_table(df, index='date', values='amount', aggfunc='sum')
     df = df.reset_index()
 
     # Scaling the Data
     scaler = StandardScaler()
     scaled_data = scaler.fit_transform(pd.DataFrame(df['amount']))
     data = pd.DataFrame(scaled_data)
 
     # Training the OneClassSVM
     model = OneClassSVM(nu=outliers_fraction, kernel="rbf", gamma=0.1)
     model.fit(data)
 
     # Getting the Predicted Outliers
     df['anomaly'] = pd.Series(model.predict(data))
 
     # Setting the 'anomaly' column as boolean
     df['anomaly'] = [True if x == -1 else False for x in df['anomaly']]
 
     output_df = input_df
     
     return df
 
 def get_output_schema():
   return pd.DataFrame({
     'date' : prep_date(),
     'amount' : prep_decimal(), 
     'anomaly' : prep_bool()
 })
 def get_output_schema_3cfde641d679414e813c01d3eabe92c8(df = pd.DataFrame()):
     import inspect
     if len(inspect.getfullargspec(get_output_schema).args) == 0:
         return get_output_schema()
     else:
         return get_output_schema(df)
 result_schema_output = get_output_schema_3cfde641d679414e813c01d3eabe92c8(pd.DataFrame(_arg1))
 return result_schema_output.to_dict(orient='split') if isinstance(result_schema_output, pd.DataFrame) else result_schema_output

2026-04-30,16:51:32 [INFO] (web.py:web:2439): 200 POST /evaluate (127.0.0.1) 22.04ms
2026-04-30,16:51:32 [INFO] (web.py:web:2439): 200 POST /evaluate (127.0.0.1) 14.39ms
2026-04-30,16:51:32 [DEBUG] (base_handler.py:base_handler:115): Checking if need to handle authentication
2026-04-30,16:51:32 [DEBUG] (base_handler.py:base_handler:115): Handling authentication
2026-04-30,16:51:32 [INFO] (base_handler.py:base_handler:115): Authentication is not a required feature for API "v1"
2026-04-30,16:51:32 [DEBUG] (base_handler.py:base_handler:115): Checking request headers for authentication data
2026-04-30,16:51:32 [INFO] (base_handler.py:base_handler:115): Authorization header not found
2026-04-30,16:51:32 [DEBUG] (base_handler.py:base_handler:115): authentication not required, username and password are none
2026-04-30,16:51:32 [DEBUG] (state.py:state:526): Collecting Access-Control-Allow-Origin from state file ...
2026-04-30,16:51:32 [DEBUG] (state.py:state:628): Loading option 'Access-Control-Allow-Origin' from section [Service Info]...
2026-04-30,16:51:32 [DEBUG] (state.py:state:650): Returning value ''
2026-04-30,16:51:32 [DEBUG] (state.py:state:628): Loading option 'Access-Control-Allow-Headers' from section [Service Info]...
2026-04-30,16:51:32 [DEBUG] (state.py:state:650): Returning value ''
2026-04-30,16:51:32 [DEBUG] (state.py:state:628): Loading option 'Access-Control-Allow-Methods' from section [Service Info]...
2026-04-30,16:51:32 [DEBUG] (state.py:state:650): Returning value ''
2026-04-30,16:51:32 [DEBUG] (base_handler.py:base_handler:115): Processing POST request...
2026-04-30,16:51:32 [INFO] (base_handler.py:base_handler:115): function to evaluate=def _user_script(tabpy, _arg1):
 import pandas as pd
 def get_output_schema():
 	return '88bcc9a0-3d33-4796-9f5e-c6ac01f67442'
 def prep_string():
 	return ['prep_string_type']
 def prep_bool():
 	return ['prep_bool_type']
 def prep_int():
 	return ['prep_int_type']
 def prep_decimal():
     return ['prep_decimal_type']
 def prep_date():
 	return ['prep_date_type']
 def prep_datetime():
 	return ['prep_datetime_type']
 #!/usr/bin/env python
 # coding: utf-8
 
 # import libraries
 
 import pandas as pd
 import matplotlib.pyplot as plt
 
 from sklearn.preprocessing import StandardScaler
 from sklearn.svm import OneClassSVM
 
 # Function
 def detect_outliers(input_df, outliers_fraction=0.05):
     
     # Sorting it by the Date Column
     df = input_df.sort_values('date')
 
     # Taking Sum of the Amounts on a given day (Remove if unique 'amount' on a given day)
     df = pd.pivot_table(df, index='date', values='amount', aggfunc='sum')
     df = df.reset_index()
 
     # Scaling the Data
     scaler = StandardScaler()
     scaled_data = scaler.fit_transform(pd.DataFrame(df['amount']))
     data = pd.DataFrame(scaled_data)
 
     # Training the OneClassSVM
     model = OneClassSVM(nu=outliers_fraction, kernel="rbf", gamma=0.1)
     model.fit(data)
 
     # Getting the Predicted Outliers
     df['anomaly'] = pd.Series(model.predict(data))
 
     # Setting the 'anomaly' column as boolean
     df['anomaly'] = [True if x == -1 else False for x in df['anomaly']]
 
     output_df = input_df
     
     return df
 
 def get_output_schema():
   return pd.DataFrame({
     'date' : prep_date(),
     'amount' : prep_decimal(), 
     'anomaly' : prep_bool()
 })
 def get_output_schema_3cfde641d679414e813c01d3eabe92c8(df = pd.DataFrame()):
     import inspect
     if len(inspect.getfullargspec(get_output_schema).args) == 0:
         return get_output_schema()
     else:
         return get_output_schema(df)
 result_schema_output = get_output_schema_3cfde641d679414e813c01d3eabe92c8(pd.DataFrame(_arg1))
 return result_schema_output.to_dict(orient='split') if isinstance(result_schema_output, pd.DataFrame) else result_schema_output

2026-04-30,16:51:32 [INFO] (web.py:web:2439): 200 POST /evaluate (127.0.0.1) 10.43ms
2026-04-30,16:51:32 [DEBUG] (base_handler.py:base_handler:115): Checking if need to handle authentication
2026-04-30,16:51:32 [DEBUG] (base_handler.py:base_handler:115): Handling authentication
2026-04-30,16:51:32 [INFO] (base_handler.py:base_handler:115): Authentication is not a required feature for API "v1"
2026-04-30,16:51:32 [DEBUG] (base_handler.py:base_handler:115): Checking request headers for authentication data
2026-04-30,16:51:32 [INFO] (base_handler.py:base_handler:115): Authorization header not found
2026-04-30,16:51:32 [DEBUG] (base_handler.py:base_handler:115): authentication not required, username and password are none
2026-04-30,16:51:32 [DEBUG] (state.py:state:526): Collecting Access-Control-Allow-Origin from state file ...
2026-04-30,16:51:32 [DEBUG] (state.py:state:628): Loading option 'Access-Control-Allow-Origin' from section [Service Info]...
2026-04-30,16:51:32 [DEBUG] (state.py:state:650): Returning value ''
2026-04-30,16:51:32 [DEBUG] (state.py:state:628): Loading option 'Access-Control-Allow-Headers' from section [Service Info]...
2026-04-30,16:51:32 [DEBUG] (state.py:state:650): Returning value ''
2026-04-30,16:51:32 [DEBUG] (state.py:state:628): Loading option 'Access-Control-Allow-Methods' from section [Service Info]...
2026-04-30,16:51:32 [DEBUG] (state.py:state:650): Returning value ''
2026-04-30,16:51:32 [DEBUG] (base_handler.py:base_handler:115): Processing POST request...
2026-04-30,16:51:32 [INFO] (base_handler.py:base_handler:115): function to evaluate=def _user_script(tabpy, _arg1):
 import pandas as pd
 #!/usr/bin/env python
 # coding: utf-8
 
 # import libraries
 
 import pandas as pd
 import matplotlib.pyplot as plt
 
 from sklearn.preprocessing import StandardScaler
 from sklearn.svm import OneClassSVM
 
 # Function
 def detect_outliers(input_df, outliers_fraction=0.05):
     
     # Sorting it by the Date Column
     df = input_df.sort_values('date')
 
     # Taking Sum of the Amounts on a given day (Remove if unique 'amount' on a given day)
     df = pd.pivot_table(df, index='date', values='amount', aggfunc='sum')
     df = df.reset_index()
 
     # Scaling the Data
     scaler = StandardScaler()
     scaled_data = scaler.fit_transform(pd.DataFrame(df['amount']))
     data = pd.DataFrame(scaled_data)
 
     # Training the OneClassSVM
     model = OneClassSVM(nu=outliers_fraction, kernel="rbf", gamma=0.1)
     model.fit(data)
 
     # Getting the Predicted Outliers
     df['anomaly'] = pd.Series(model.predict(data))
 
     # Setting the 'anomaly' column as boolean
     df['anomaly'] = [True if x == -1 else False for x in df['anomaly']]
 
     output_df = input_df
     
     return df
 
 def get_output_schema():
   return pd.DataFrame({
     'date' : prep_date(),
     'amount' : prep_decimal(), 
     'anomaly' : prep_bool()
 })
 execution_result = detect_outliers(pd.DataFrame(_arg1))
 return execution_result.to_dict(orient='list') if isinstance(execution_result, pd.DataFrame) else execution_result

2026-04-30,16:51:32 [INFO] (web.py:web:2439): 200 POST /evaluate (127.0.0.1) 53.37ms
2026-04-30,16:51:34 [DEBUG] (base_handler.py:base_handler:115): Checking if need to handle authentication
2026-04-30,16:51:34 [DEBUG] (base_handler.py:base_handler:115): Handling authentication
2026-04-30,16:51:34 [INFO] (base_handler.py:base_handler:115): Authentication is not a required feature for API "v1"
2026-04-30,16:51:34 [DEBUG] (base_handler.py:base_handler:115): Checking request headers for authentication data
2026-04-30,16:51:34 [INFO] (base_handler.py:base_handler:115): Authorization header not found
2026-04-30,16:51:34 [DEBUG] (base_handler.py:base_handler:115): authentication not required, username and password are none
2026-04-30,16:51:34 [DEBUG] (state.py:state:526): Collecting Access-Control-Allow-Origin from state file ...
2026-04-30,16:51:34 [DEBUG] (state.py:state:628): Loading option 'Access-Control-Allow-Origin' from section [Service Info]...
2026-04-30,16:51:34 [DEBUG] (state.py:state:650): Returning value ''
2026-04-30,16:51:34 [DEBUG] (state.py:state:628): Loading option 'Access-Control-Allow-Headers' from section [Service Info]...
2026-04-30,16:51:34 [DEBUG] (state.py:state:650): Returning value ''
2026-04-30,16:51:34 [DEBUG] (state.py:state:628): Loading option 'Access-Control-Allow-Methods' from section [Service Info]...
2026-04-30,16:51:34 [DEBUG] (state.py:state:650): Returning value ''
2026-04-30,16:51:34 [DEBUG] (base_handler.py:base_handler:115): Processing POST request...
2026-04-30,16:51:34 [INFO] (base_handler.py:base_handler:115): function to evaluate=def _user_script(tabpy, _arg1):
 import pandas as pd
 def get_output_schema():
 	return '88bcc9a0-3d33-4796-9f5e-c6ac01f67442'
 def prep_string():
 	return ['prep_string_type']
 def prep_bool():
 	return ['prep_bool_type']
 def prep_int():
 	return ['prep_int_type']
 def prep_decimal():
     return ['prep_decimal_type']
 def prep_date():
 	return ['prep_date_type']
 def prep_datetime():
 	return ['prep_datetime_type']
 #!/usr/bin/env python
 # coding: utf-8
 
 # import libraries
 
 import pandas as pd
 import matplotlib.pyplot as plt
 
 from sklearn.preprocessing import StandardScaler
 from sklearn.svm import OneClassSVM
 
 # Function
 def detect_outliers(input_df, outliers_fraction=0.05):
     
     # Sorting it by the Date Column
     df = input_df.sort_values('date')
 
     # Taking Sum of the Amounts on a given day (Remove if unique 'amount' on a given day)
     df = pd.pivot_table(df, index='date', values='amount', aggfunc='sum')
     df = df.reset_index()
 
     # Scaling the Data
     scaler = StandardScaler()
     scaled_data = scaler.fit_transform(pd.DataFrame(df['amount']))
     data = pd.DataFrame(scaled_data)
 
     # Training the OneClassSVM
     model = OneClassSVM(nu=outliers_fraction, kernel="rbf", gamma=0.1)
     model.fit(data)
 
     # Getting the Predicted Outliers
     df['anomaly'] = pd.Series(model.predict(data))
 
     # Setting the 'anomaly' column as boolean
     df['anomaly'] = [True if x == -1 else False for x in df['anomaly']]
 
     output_df = input_df
     
     return df
 
 def get_output_schema():
   return pd.DataFrame({
     'date' : prep_date(),
     'amount' : prep_decimal(), 
     'anomaly' : prep_bool()
 })
 def get_output_schema_3cfde641d679414e813c01d3eabe92c8(df = pd.DataFrame()):
     import inspect
     if len(inspect.getfullargspec(get_output_schema).args) == 0:
         return get_output_schema()
     else:
         return get_output_schema(df)
 result_schema_output = get_output_schema_3cfde641d679414e813c01d3eabe92c8(pd.DataFrame(_arg1))
 return result_schema_output.to_dict(orient='split') if isinstance(result_schema_output, pd.DataFrame) else result_schema_output

2026-04-30,16:51:34 [INFO] (web.py:web:2439): 200 POST /evaluate (127.0.0.1) 9.80ms
2026-04-30,16:51:34 [DEBUG] (base_handler.py:base_handler:115): Checking if need to handle authentication
2026-04-30,16:51:34 [DEBUG] (base_handler.py:base_handler:115): Handling authentication
2026-04-30,16:51:34 [INFO] (base_handler.py:base_handler:115): Authentication is not a required feature for API "v1"
2026-04-30,16:51:34 [DEBUG] (base_handler.py:base_handler:115): Checking request headers for authentication data
2026-04-30,16:51:34 [INFO] (base_handler.py:base_handler:115): Authorization header not found
2026-04-30,16:51:34 [DEBUG] (base_handler.py:base_handler:115): authentication not required, username and password are none
2026-04-30,16:51:34 [DEBUG] (state.py:state:526): Collecting Access-Control-Allow-Origin from state file ...
2026-04-30,16:51:34 [DEBUG] (state.py:state:628): Loading option 'Access-Control-Allow-Origin' from section [Service Info]...
2026-04-30,16:51:34 [DEBUG] (state.py:state:650): Returning value ''
2026-04-30,16:51:34 [DEBUG] (state.py:state:628): Loading option 'Access-Control-Allow-Headers' from section [Service Info]...
2026-04-30,16:51:34 [DEBUG] (state.py:state:650): Returning value ''
2026-04-30,16:51:34 [DEBUG] (state.py:state:628): Loading option 'Access-Control-Allow-Methods' from section [Service Info]...
2026-04-30,16:51:34 [DEBUG] (state.py:state:650): Returning value ''
2026-04-30,16:51:34 [DEBUG] (base_handler.py:base_handler:115): Processing POST request...
2026-04-30,16:51:34 [INFO] (base_handler.py:base_handler:115): function to evaluate=def _user_script(tabpy, _arg1):
 import pandas as pd
 def get_output_schema():
 	return '88bcc9a0-3d33-4796-9f5e-c6ac01f67442'
 def prep_string():
 	return ['prep_string_type']
 def prep_bool():
 	return ['prep_bool_type']
 def prep_int():
 	return ['prep_int_type']
 def prep_decimal():
     return ['prep_decimal_type']
 def prep_date():
 	return ['prep_date_type']
 def prep_datetime():
 	return ['prep_datetime_type']
 #!/usr/bin/env python
 # coding: utf-8
 
 # import libraries
 
 import pandas as pd
 import matplotlib.pyplot as plt
 
 from sklearn.preprocessing import StandardScaler
 from sklearn.svm import OneClassSVM
 
 # Function
 def detect_outliers(input_df, outliers_fraction=0.05):
     
     # Sorting it by the Date Column
     df = input_df.sort_values('date')
 
     # Taking Sum of the Amounts on a given day (Remove if unique 'amount' on a given day)
     df = pd.pivot_table(df, index='date', values='amount', aggfunc='sum')
     df = df.reset_index()
 
     # Scaling the Data
     scaler = StandardScaler()
     scaled_data = scaler.fit_transform(pd.DataFrame(df['amount']))
     data = pd.DataFrame(scaled_data)
 
     # Training the OneClassSVM
     model = OneClassSVM(nu=outliers_fraction, kernel="rbf", gamma=0.1)
     model.fit(data)
 
     # Getting the Predicted Outliers
     df['anomaly'] = pd.Series(model.predict(data))
 
     # Setting the 'anomaly' column as boolean
     df['anomaly'] = [True if x == -1 else False for x in df['anomaly']]
 
     output_df = input_df
     
     return df
 
 def get_output_schema():
   return pd.DataFrame({
     'date' : prep_date(),
     'amount' : prep_decimal(), 
     'anomaly' : prep_bool()
 })
 def get_output_schema_3cfde641d679414e813c01d3eabe92c8(df = pd.DataFrame()):
     import inspect
     if len(inspect.getfullargspec(get_output_schema).args) == 0:
         return get_output_schema()
     else:
         return get_output_schema(df)
 result_schema_output = get_output_schema_3cfde641d679414e813c01d3eabe92c8(pd.DataFrame(_arg1))
 return result_schema_output.to_dict(orient='split') if isinstance(result_schema_output, pd.DataFrame) else result_schema_output

2026-04-30,16:51:34 [INFO] (web.py:web:2439): 200 POST /evaluate (127.0.0.1) 10.46ms
2026-04-30,16:51:37 [DEBUG] (base_handler.py:base_handler:115): Checking if need to handle authentication
2026-04-30,16:51:37 [DEBUG] (base_handler.py:base_handler:115): Handling authentication
2026-04-30,16:51:37 [INFO] (base_handler.py:base_handler:115): Authentication is not a required feature for API "v1"
2026-04-30,16:51:37 [DEBUG] (base_handler.py:base_handler:115): Checking request headers for authentication data
2026-04-30,16:51:37 [INFO] (base_handler.py:base_handler:115): Authorization header not found
2026-04-30,16:51:37 [DEBUG] (base_handler.py:base_handler:115): authentication not required, username and password are none
2026-04-30,16:51:37 [DEBUG] (state.py:state:526): Collecting Access-Control-Allow-Origin from state file ...
2026-04-30,16:51:37 [DEBUG] (state.py:state:628): Loading option 'Access-Control-Allow-Origin' from section [Service Info]...
2026-04-30,16:51:37 [DEBUG] (state.py:state:650): Returning value ''
2026-04-30,16:51:37 [DEBUG] (state.py:state:628): Loading option 'Access-Control-Allow-Headers' from section [Service Info]...
2026-04-30,16:51:37 [DEBUG] (state.py:state:650): Returning value ''
2026-04-30,16:51:37 [DEBUG] (state.py:state:628): Loading option 'Access-Control-Allow-Methods' from section [Service Info]...
2026-04-30,16:51:37 [DEBUG] (state.py:state:650): Returning value ''
2026-04-30,16:51:37 [DEBUG] (base_handler.py:base_handler:115): Processing POST request...
2026-04-30,16:51:37 [INFO] (base_handler.py:base_handler:115): function to evaluate=def _user_script(tabpy, _arg1):
 import pandas as pd
 def get_output_schema():
 	return '88bcc9a0-3d33-4796-9f5e-c6ac01f67442'
 def prep_string():
 	return ['prep_string_type']
 def prep_bool():
 	return ['prep_bool_type']
 def prep_int():
 	return ['prep_int_type']
 def prep_decimal():
     return ['prep_decimal_type']
 def prep_date():
 	return ['prep_date_type']
 def prep_datetime():
 	return ['prep_datetime_type']
 #!/usr/bin/env python
 # coding: utf-8
 
 # import libraries
 
 import pandas as pd
 import matplotlib.pyplot as plt
 
 from sklearn.preprocessing import StandardScaler
 from sklearn.svm import OneClassSVM
 
 # Function
 def detect_outliers(input_df, outliers_fraction=0.05):
     
     # Sorting it by the Date Column
     df = input_df.sort_values('date')
 
     # Taking Sum of the Amounts on a given day (Remove if unique 'amount' on a given day)
     df = pd.pivot_table(df, index='date', values='amount', aggfunc='sum')
     df = df.reset_index()
 
     # Scaling the Data
     scaler = StandardScaler()
     scaled_data = scaler.fit_transform(pd.DataFrame(df['amount']))
     data = pd.DataFrame(scaled_data)
 
     # Training the OneClassSVM
     model = OneClassSVM(nu=outliers_fraction, kernel="rbf", gamma=0.1)
     model.fit(data)
 
     # Getting the Predicted Outliers
     df['anomaly'] = pd.Series(model.predict(data))
 
     # Setting the 'anomaly' column as boolean
     df['anomaly'] = [True if x == -1 else False for x in df['anomaly']]
 
     output_df = input_df
     
     return df
 
 def get_output_schema():
   return pd.DataFrame({
     'date' : prep_date(),
     'amount' : prep_decimal(), 
     'anomaly' : prep_bool()
 })
 def get_output_schema_3cfde641d679414e813c01d3eabe92c8(df = pd.DataFrame()):
     import inspect
     if len(inspect.getfullargspec(get_output_schema).args) == 0:
         return get_output_schema()
     else:
         return get_output_schema(df)
 result_schema_output = get_output_schema_3cfde641d679414e813c01d3eabe92c8(pd.DataFrame(_arg1))
 return result_schema_output.to_dict(orient='split') if isinstance(result_schema_output, pd.DataFrame) else result_schema_output

2026-04-30,16:51:37 [INFO] (web.py:web:2439): 200 POST /evaluate (127.0.0.1) 9.26ms
2026-04-30,16:51:37 [DEBUG] (base_handler.py:base_handler:115): Checking if need to handle authentication
2026-04-30,16:51:37 [DEBUG] (base_handler.py:base_handler:115): Handling authentication
2026-04-30,16:51:37 [INFO] (base_handler.py:base_handler:115): Authentication is not a required feature for API "v1"
2026-04-30,16:51:37 [DEBUG] (base_handler.py:base_handler:115): Checking request headers for authentication data
2026-04-30,16:51:37 [INFO] (base_handler.py:base_handler:115): Authorization header not found
2026-04-30,16:51:37 [DEBUG] (base_handler.py:base_handler:115): authentication not required, username and password are none
2026-04-30,16:51:37 [DEBUG] (state.py:state:526): Collecting Access-Control-Allow-Origin from state file ...
2026-04-30,16:51:37 [DEBUG] (state.py:state:628): Loading option 'Access-Control-Allow-Origin' from section [Service Info]...
2026-04-30,16:51:37 [DEBUG] (state.py:state:650): Returning value ''
2026-04-30,16:51:37 [DEBUG] (state.py:state:628): Loading option 'Access-Control-Allow-Headers' from section [Service Info]...
2026-04-30,16:51:37 [DEBUG] (state.py:state:650): Returning value ''
2026-04-30,16:51:37 [DEBUG] (state.py:state:628): Loading option 'Access-Control-Allow-Methods' from section [Service Info]...
2026-04-30,16:51:37 [DEBUG] (state.py:state:650): Returning value ''
2026-04-30,16:51:37 [DEBUG] (base_handler.py:base_handler:115): Processing POST request...
2026-04-30,16:51:37 [INFO] (base_handler.py:base_handler:115): function to evaluate=def _user_script(tabpy, _arg1):
 import pandas as pd
 def get_output_schema():
 	return '88bcc9a0-3d33-4796-9f5e-c6ac01f67442'
 def prep_string():
 	return ['prep_string_type']
 def prep_bool():
 	return ['prep_bool_type']
 def prep_int():
 	return ['prep_int_type']
 def prep_decimal():
     return ['prep_decimal_type']
 def prep_date():
 	return ['prep_date_type']
 def prep_datetime():
 	return ['prep_datetime_type']
 #!/usr/bin/env python
 # coding: utf-8
 
 # import libraries
 
 import pandas as pd
 import matplotlib.pyplot as plt
 
 from sklearn.preprocessing import StandardScaler
 from sklearn.svm import OneClassSVM
 
 # Function
 def detect_outliers(input_df, outliers_fraction=0.05):
     
     # Sorting it by the Date Column
     df = input_df.sort_values('date')
 
     # Taking Sum of the Amounts on a given day (Remove if unique 'amount' on a given day)
     df = pd.pivot_table(df, index='date', values='amount', aggfunc='sum')
     df = df.reset_index()
 
     # Scaling the Data
     scaler = StandardScaler()
     scaled_data = scaler.fit_transform(pd.DataFrame(df['amount']))
     data = pd.DataFrame(scaled_data)
 
     # Training the OneClassSVM
     model = OneClassSVM(nu=outliers_fraction, kernel="rbf", gamma=0.1)
     model.fit(data)
 
     # Getting the Predicted Outliers
     df['anomaly'] = pd.Series(model.predict(data))
 
     # Setting the 'anomaly' column as boolean
     df['anomaly'] = [True if x == -1 else False for x in df['anomaly']]
 
     output_df = input_df
     
     return df
 
 def get_output_schema():
   return pd.DataFrame({
     'date' : prep_date(),
     'amount' : prep_decimal(), 
     'anomaly' : prep_bool()
 })
 def get_output_schema_3cfde641d679414e813c01d3eabe92c8(df = pd.DataFrame()):
     import inspect
     if len(inspect.getfullargspec(get_output_schema).args) == 0:
         return get_output_schema()
     else:
         return get_output_schema(df)
 result_schema_output = get_output_schema_3cfde641d679414e813c01d3eabe92c8(pd.DataFrame(_arg1))
 return result_schema_output.to_dict(orient='split') if isinstance(result_schema_output, pd.DataFrame) else result_schema_output

2026-04-30,16:51:37 [INFO] (web.py:web:2439): 200 POST /evaluate (127.0.0.1) 9.14ms
2026-04-30,16:51:37 [DEBUG] (base_handler.py:base_handler:115): Checking if need to handle authentication
2026-04-30,16:51:37 [DEBUG] (base_handler.py:base_handler:115): Handling authentication
2026-04-30,16:51:37 [INFO] (base_handler.py:base_handler:115): Authentication is not a required feature for API "v1"
2026-04-30,16:51:37 [DEBUG] (base_handler.py:base_handler:115): Checking request headers for authentication data
2026-04-30,16:51:37 [INFO] (base_handler.py:base_handler:115): Authorization header not found
2026-04-30,16:51:37 [DEBUG] (base_handler.py:base_handler:115): authentication not required, username and password are none
2026-04-30,16:51:37 [DEBUG] (state.py:state:526): Collecting Access-Control-Allow-Origin from state file ...
2026-04-30,16:51:37 [DEBUG] (state.py:state:628): Loading option 'Access-Control-Allow-Origin' from section [Service Info]...
2026-04-30,16:51:37 [DEBUG] (state.py:state:650): Returning value ''
2026-04-30,16:51:37 [DEBUG] (state.py:state:628): Loading option 'Access-Control-Allow-Headers' from section [Service Info]...
2026-04-30,16:51:37 [DEBUG] (state.py:state:650): Returning value ''
2026-04-30,16:51:37 [DEBUG] (state.py:state:628): Loading option 'Access-Control-Allow-Methods' from section [Service Info]...
2026-04-30,16:51:37 [DEBUG] (state.py:state:650): Returning value ''
2026-04-30,16:51:37 [DEBUG] (base_handler.py:base_handler:115): Processing POST request...
2026-04-30,16:51:37 [INFO] (base_handler.py:base_handler:115): function to evaluate=def _user_script(tabpy, _arg1):
 import pandas as pd
 def get_output_schema():
 	return '88bcc9a0-3d33-4796-9f5e-c6ac01f67442'
 def prep_string():
 	return ['prep_string_type']
 def prep_bool():
 	return ['prep_bool_type']
 def prep_int():
 	return ['prep_int_type']
 def prep_decimal():
     return ['prep_decimal_type']
 def prep_date():
 	return ['prep_date_type']
 def prep_datetime():
 	return ['prep_datetime_type']
 #!/usr/bin/env python
 # coding: utf-8
 
 # import libraries
 
 import pandas as pd
 import matplotlib.pyplot as plt
 
 from sklearn.preprocessing import StandardScaler
 from sklearn.svm import OneClassSVM
 
 # Function
 def detect_outliers(input_df, outliers_fraction=0.05):
     
     # Sorting it by the Date Column
     df = input_df.sort_values('date')
 
     # Taking Sum of the Amounts on a given day (Remove if unique 'amount' on a given day)
     df = pd.pivot_table(df, index='date', values='amount', aggfunc='sum')
     df = df.reset_index()
 
     # Scaling the Data
     scaler = StandardScaler()
     scaled_data = scaler.fit_transform(pd.DataFrame(df['amount']))
     data = pd.DataFrame(scaled_data)
 
     # Training the OneClassSVM
     model = OneClassSVM(nu=outliers_fraction, kernel="rbf", gamma=0.1)
     model.fit(data)
 
     # Getting the Predicted Outliers
     df['anomaly'] = pd.Series(model.predict(data))
 
     # Setting the 'anomaly' column as boolean
     df['anomaly'] = [True if x == -1 else False for x in df['anomaly']]
 
     output_df = input_df
     
     return df
 
 def get_output_schema():
   return pd.DataFrame({
     'date' : prep_date(),
     'amount' : prep_decimal(), 
     'anomaly' : prep_bool()
 })
 def get_output_schema_3cfde641d679414e813c01d3eabe92c8(df = pd.DataFrame()):
     import inspect
     if len(inspect.getfullargspec(get_output_schema).args) == 0:
         return get_output_schema()
     else:
         return get_output_schema(df)
 result_schema_output = get_output_schema_3cfde641d679414e813c01d3eabe92c8(pd.DataFrame(_arg1))
 return result_schema_output.to_dict(orient='split') if isinstance(result_schema_output, pd.DataFrame) else result_schema_output

2026-04-30,16:51:37 [INFO] (web.py:web:2439): 200 POST /evaluate (127.0.0.1) 9.02ms
2026-04-30,16:51:37 [DEBUG] (base_handler.py:base_handler:115): Checking if need to handle authentication
2026-04-30,16:51:37 [DEBUG] (base_handler.py:base_handler:115): Handling authentication
2026-04-30,16:51:37 [INFO] (base_handler.py:base_handler:115): Authentication is not a required feature for API "v1"
2026-04-30,16:51:37 [DEBUG] (base_handler.py:base_handler:115): Checking request headers for authentication data
2026-04-30,16:51:37 [INFO] (base_handler.py:base_handler:115): Authorization header not found
2026-04-30,16:51:37 [DEBUG] (base_handler.py:base_handler:115): authentication not required, username and password are none
2026-04-30,16:51:37 [DEBUG] (state.py:state:526): Collecting Access-Control-Allow-Origin from state file ...
2026-04-30,16:51:37 [DEBUG] (state.py:state:628): Loading option 'Access-Control-Allow-Origin' from section [Service Info]...
2026-04-30,16:51:37 [DEBUG] (state.py:state:650): Returning value ''
2026-04-30,16:51:37 [DEBUG] (state.py:state:628): Loading option 'Access-Control-Allow-Headers' from section [Service Info]...
2026-04-30,16:51:37 [DEBUG] (state.py:state:650): Returning value ''
2026-04-30,16:51:37 [DEBUG] (state.py:state:628): Loading option 'Access-Control-Allow-Methods' from section [Service Info]...
2026-04-30,16:51:37 [DEBUG] (state.py:state:650): Returning value ''
2026-04-30,16:51:37 [DEBUG] (base_handler.py:base_handler:115): Processing POST request...
2026-04-30,16:51:37 [INFO] (base_handler.py:base_handler:115): function to evaluate=def _user_script(tabpy, _arg1):
 import pandas as pd
 def get_output_schema():
 	return '88bcc9a0-3d33-4796-9f5e-c6ac01f67442'
 def prep_string():
 	return ['prep_string_type']
 def prep_bool():
 	return ['prep_bool_type']
 def prep_int():
 	return ['prep_int_type']
 def prep_decimal():
     return ['prep_decimal_type']
 def prep_date():
 	return ['prep_date_type']
 def prep_datetime():
 	return ['prep_datetime_type']
 #!/usr/bin/env python
 # coding: utf-8
 
 # import libraries
 
 import pandas as pd
 import matplotlib.pyplot as plt
 
 from sklearn.preprocessing import StandardScaler
 from sklearn.svm import OneClassSVM
 
 # Function
 def detect_outliers(input_df, outliers_fraction=0.05):
     
     # Sorting it by the Date Column
     df = input_df.sort_values('date')
 
     # Taking Sum of the Amounts on a given day (Remove if unique 'amount' on a given day)
     df = pd.pivot_table(df, index='date', values='amount', aggfunc='sum')
     df = df.reset_index()
 
     # Scaling the Data
     scaler = StandardScaler()
     scaled_data = scaler.fit_transform(pd.DataFrame(df['amount']))
     data = pd.DataFrame(scaled_data)
 
     # Training the OneClassSVM
     model = OneClassSVM(nu=outliers_fraction, kernel="rbf", gamma=0.1)
     model.fit(data)
 
     # Getting the Predicted Outliers
     df['anomaly'] = pd.Series(model.predict(data))
 
     # Setting the 'anomaly' column as boolean
     df['anomaly'] = [True if x == -1 else False for x in df['anomaly']]
 
     output_df = input_df
     
     return df
 
 def get_output_schema():
   return pd.DataFrame({
     'date' : prep_date(),
     'amount' : prep_decimal(), 
     'anomaly' : prep_bool()
 })
 def get_output_schema_3cfde641d679414e813c01d3eabe92c8(df = pd.DataFrame()):
     import inspect
     if len(inspect.getfullargspec(get_output_schema).args) == 0:
         return get_output_schema()
     else:
         return get_output_schema(df)
 result_schema_output = get_output_schema_3cfde641d679414e813c01d3eabe92c8(pd.DataFrame(_arg1))
 return result_schema_output.to_dict(orient='split') if isinstance(result_schema_output, pd.DataFrame) else result_schema_output

2026-04-30,16:51:37 [INFO] (web.py:web:2439): 200 POST /evaluate (127.0.0.1) 9.93ms
2026-04-30,16:51:37 [DEBUG] (base_handler.py:base_handler:115): Checking if need to handle authentication
2026-04-30,16:51:37 [DEBUG] (base_handler.py:base_handler:115): Handling authentication
2026-04-30,16:51:37 [INFO] (base_handler.py:base_handler:115): Authentication is not a required feature for API "v1"
2026-04-30,16:51:37 [DEBUG] (base_handler.py:base_handler:115): Checking request headers for authentication data
2026-04-30,16:51:37 [INFO] (base_handler.py:base_handler:115): Authorization header not found
2026-04-30,16:51:37 [DEBUG] (base_handler.py:base_handler:115): authentication not required, username and password are none
2026-04-30,16:51:37 [DEBUG] (state.py:state:526): Collecting Access-Control-Allow-Origin from state file ...
2026-04-30,16:51:37 [DEBUG] (state.py:state:628): Loading option 'Access-Control-Allow-Origin' from section [Service Info]...
2026-04-30,16:51:37 [DEBUG] (state.py:state:650): Returning value ''
2026-04-30,16:51:37 [DEBUG] (state.py:state:628): Loading option 'Access-Control-Allow-Headers' from section [Service Info]...
2026-04-30,16:51:37 [DEBUG] (state.py:state:650): Returning value ''
2026-04-30,16:51:37 [DEBUG] (state.py:state:628): Loading option 'Access-Control-Allow-Methods' from section [Service Info]...
2026-04-30,16:51:37 [DEBUG] (state.py:state:650): Returning value ''
2026-04-30,16:51:37 [DEBUG] (base_handler.py:base_handler:115): Processing POST request...
2026-04-30,16:51:37 [INFO] (base_handler.py:base_handler:115): function to evaluate=def _user_script(tabpy, _arg1):
 import pandas as pd
 #!/usr/bin/env python
 # coding: utf-8
 
 # import libraries
 
 import pandas as pd
 import matplotlib.pyplot as plt
 
 from sklearn.preprocessing import StandardScaler
 from sklearn.svm import OneClassSVM
 
 # Function
 def detect_outliers(input_df, outliers_fraction=0.05):
     
     # Sorting it by the Date Column
     df = input_df.sort_values('date')
 
     # Taking Sum of the Amounts on a given day (Remove if unique 'amount' on a given day)
     df = pd.pivot_table(df, index='date', values='amount', aggfunc='sum')
     df = df.reset_index()
 
     # Scaling the Data
     scaler = StandardScaler()
     scaled_data = scaler.fit_transform(pd.DataFrame(df['amount']))
     data = pd.DataFrame(scaled_data)
 
     # Training the OneClassSVM
     model = OneClassSVM(nu=outliers_fraction, kernel="rbf", gamma=0.1)
     model.fit(data)
 
     # Getting the Predicted Outliers
     df['anomaly'] = pd.Series(model.predict(data))
 
     # Setting the 'anomaly' column as boolean
     df['anomaly'] = [True if x == -1 else False for x in df['anomaly']]
 
     output_df = input_df
     
     return df
 
 def get_output_schema():
   return pd.DataFrame({
     'date' : prep_date(),
     'amount' : prep_decimal(), 
     'anomaly' : prep_bool()
 })
 execution_result = detect_outliers(pd.DataFrame(_arg1))
 return execution_result.to_dict(orient='list') if isinstance(execution_result, pd.DataFrame) else execution_result

2026-04-30,16:51:37 [INFO] (web.py:web:2439): 200 POST /evaluate (127.0.0.1) 40.24ms
2026-04-30,16:51:46 [DEBUG] (base_handler.py:base_handler:115): Checking if need to handle authentication
2026-04-30,16:51:46 [DEBUG] (base_handler.py:base_handler:115): Handling authentication
2026-04-30,16:51:46 [INFO] (base_handler.py:base_handler:115): Authentication is not a required feature for API "v1"
2026-04-30,16:51:46 [DEBUG] (base_handler.py:base_handler:115): Checking request headers for authentication data
2026-04-30,16:51:46 [INFO] (base_handler.py:base_handler:115): Authorization header not found
2026-04-30,16:51:46 [DEBUG] (base_handler.py:base_handler:115): authentication not required, username and password are none
2026-04-30,16:51:46 [DEBUG] (state.py:state:526): Collecting Access-Control-Allow-Origin from state file ...
2026-04-30,16:51:46 [DEBUG] (state.py:state:628): Loading option 'Access-Control-Allow-Origin' from section [Service Info]...
2026-04-30,16:51:46 [DEBUG] (state.py:state:650): Returning value ''
2026-04-30,16:51:46 [DEBUG] (state.py:state:628): Loading option 'Access-Control-Allow-Headers' from section [Service Info]...
2026-04-30,16:51:46 [DEBUG] (state.py:state:650): Returning value ''
2026-04-30,16:51:46 [DEBUG] (state.py:state:628): Loading option 'Access-Control-Allow-Methods' from section [Service Info]...
2026-04-30,16:51:46 [DEBUG] (state.py:state:650): Returning value ''
2026-04-30,16:51:46 [DEBUG] (base_handler.py:base_handler:115): Processing POST request...
2026-04-30,16:51:46 [INFO] (base_handler.py:base_handler:115): function to evaluate=def _user_script(tabpy, _arg1):
 import pandas as pd
 def get_output_schema():
 	return '88bcc9a0-3d33-4796-9f5e-c6ac01f67442'
 def prep_string():
 	return ['prep_string_type']
 def prep_bool():
 	return ['prep_bool_type']
 def prep_int():
 	return ['prep_int_type']
 def prep_decimal():
     return ['prep_decimal_type']
 def prep_date():
 	return ['prep_date_type']
 def prep_datetime():
 	return ['prep_datetime_type']
 #!/usr/bin/env python
 # coding: utf-8
 
 # import libraries
 
 import pandas as pd
 import matplotlib.pyplot as plt
 
 from sklearn.preprocessing import StandardScaler
 from sklearn.svm import OneClassSVM
 
 # Function
 def detect_outliers(input_df, outliers_fraction=0.05):
     
     # Sorting it by the Date Column
     df = input_df.sort_values('date')
 
     # Taking Sum of the Amounts on a given day (Remove if unique 'amount' on a given day)
     df = pd.pivot_table(df, index='date', values='amount', aggfunc='sum')
     df = df.reset_index()
 
     # Scaling the Data
     scaler = StandardScaler()
     scaled_data = scaler.fit_transform(pd.DataFrame(df['amount']))
     data = pd.DataFrame(scaled_data)
 
     # Training the OneClassSVM
     model = OneClassSVM(nu=outliers_fraction, kernel="rbf", gamma=0.1)
     model.fit(data)
 
     # Getting the Predicted Outliers
     df['anomaly'] = pd.Series(model.predict(data))
 
     # Setting the 'anomaly' column as boolean
     df['anomaly'] = [True if x == -1 else False for x in df['anomaly']]
 
     output_df = input_df
     
     return df
 
 def get_output_schema():
   return pd.DataFrame({
     'date' : prep_date(),
     'amount' : prep_decimal(), 
     'anomaly' : prep_bool()
 })
 def get_output_schema_3cfde641d679414e813c01d3eabe92c8(df = pd.DataFrame()):
     import inspect
     if len(inspect.getfullargspec(get_output_schema).args) == 0:
         return get_output_schema()
     else:
         return get_output_schema(df)
 result_schema_output = get_output_schema_3cfde641d679414e813c01d3eabe92c8(pd.DataFrame(_arg1))
 return result_schema_output.to_dict(orient='split') if isinstance(result_schema_output, pd.DataFrame) else result_schema_output

2026-04-30,16:51:46 [INFO] (web.py:web:2439): 200 POST /evaluate (127.0.0.1) 10.83ms
2026-04-30,16:51:46 [DEBUG] (base_handler.py:base_handler:115): Checking if need to handle authentication
2026-04-30,16:51:46 [DEBUG] (base_handler.py:base_handler:115): Handling authentication
2026-04-30,16:51:46 [INFO] (base_handler.py:base_handler:115): Authentication is not a required feature for API "v1"
2026-04-30,16:51:46 [DEBUG] (base_handler.py:base_handler:115): Checking request headers for authentication data
2026-04-30,16:51:46 [INFO] (base_handler.py:base_handler:115): Authorization header not found
2026-04-30,16:51:46 [DEBUG] (base_handler.py:base_handler:115): authentication not required, username and password are none
2026-04-30,16:51:46 [DEBUG] (state.py:state:526): Collecting Access-Control-Allow-Origin from state file ...
2026-04-30,16:51:46 [DEBUG] (state.py:state:628): Loading option 'Access-Control-Allow-Origin' from section [Service Info]...
2026-04-30,16:51:46 [DEBUG] (state.py:state:650): Returning value ''
2026-04-30,16:51:46 [DEBUG] (state.py:state:628): Loading option 'Access-Control-Allow-Headers' from section [Service Info]...
2026-04-30,16:51:46 [DEBUG] (state.py:state:650): Returning value ''
2026-04-30,16:51:46 [DEBUG] (state.py:state:628): Loading option 'Access-Control-Allow-Methods' from section [Service Info]...
2026-04-30,16:51:46 [DEBUG] (state.py:state:650): Returning value ''
2026-04-30,16:51:46 [DEBUG] (base_handler.py:base_handler:115): Processing POST request...
2026-04-30,16:51:46 [INFO] (base_handler.py:base_handler:115): function to evaluate=def _user_script(tabpy, _arg1):
 import pandas as pd
 def get_output_schema():
 	return '88bcc9a0-3d33-4796-9f5e-c6ac01f67442'
 def prep_string():
 	return ['prep_string_type']
 def prep_bool():
 	return ['prep_bool_type']
 def prep_int():
 	return ['prep_int_type']
 def prep_decimal():
     return ['prep_decimal_type']
 def prep_date():
 	return ['prep_date_type']
 def prep_datetime():
 	return ['prep_datetime_type']
 #!/usr/bin/env python
 # coding: utf-8
 
 # import libraries
 
 import pandas as pd
 import matplotlib.pyplot as plt
 
 from sklearn.preprocessing import StandardScaler
 from sklearn.svm import OneClassSVM
 
 # Function
 def detect_outliers(input_df, outliers_fraction=0.05):
     
     # Sorting it by the Date Column
     df = input_df.sort_values('date')
 
     # Taking Sum of the Amounts on a given day (Remove if unique 'amount' on a given day)
     df = pd.pivot_table(df, index='date', values='amount', aggfunc='sum')
     df = df.reset_index()
 
     # Scaling the Data
     scaler = StandardScaler()
     scaled_data = scaler.fit_transform(pd.DataFrame(df['amount']))
     data = pd.DataFrame(scaled_data)
 
     # Training the OneClassSVM
     model = OneClassSVM(nu=outliers_fraction, kernel="rbf", gamma=0.1)
     model.fit(data)
 
     # Getting the Predicted Outliers
     df['anomaly'] = pd.Series(model.predict(data))
 
     # Setting the 'anomaly' column as boolean
     df['anomaly'] = [True if x == -1 else False for x in df['anomaly']]
 
     output_df = input_df
     
     return df
 
 def get_output_schema():
   return pd.DataFrame({
     'date' : prep_date(),
     'amount' : prep_decimal(), 
     'anomaly' : prep_bool()
 })
 def get_output_schema_3cfde641d679414e813c01d3eabe92c8(df = pd.DataFrame()):
     import inspect
     if len(inspect.getfullargspec(get_output_schema).args) == 0:
         return get_output_schema()
     else:
         return get_output_schema(df)
 result_schema_output = get_output_schema_3cfde641d679414e813c01d3eabe92c8(pd.DataFrame(_arg1))
 return result_schema_output.to_dict(orient='split') if isinstance(result_schema_output, pd.DataFrame) else result_schema_output

2026-04-30,16:51:46 [INFO] (web.py:web:2439): 200 POST /evaluate (127.0.0.1) 11.08ms
2026-04-30,16:51:54 [DEBUG] (base_handler.py:base_handler:115): Checking if need to handle authentication
2026-04-30,16:51:54 [DEBUG] (base_handler.py:base_handler:115): Handling authentication
2026-04-30,16:51:54 [INFO] (base_handler.py:base_handler:115): Authentication is not a required feature for API "v1"
2026-04-30,16:51:54 [DEBUG] (base_handler.py:base_handler:115): Checking request headers for authentication data
2026-04-30,16:51:54 [INFO] (base_handler.py:base_handler:115): Authorization header not found
2026-04-30,16:51:54 [DEBUG] (base_handler.py:base_handler:115): authentication not required, username and password are none
2026-04-30,16:51:54 [DEBUG] (state.py:state:526): Collecting Access-Control-Allow-Origin from state file ...
2026-04-30,16:51:54 [DEBUG] (state.py:state:628): Loading option 'Access-Control-Allow-Origin' from section [Service Info]...
2026-04-30,16:51:54 [DEBUG] (state.py:state:650): Returning value ''
2026-04-30,16:51:54 [DEBUG] (state.py:state:628): Loading option 'Access-Control-Allow-Headers' from section [Service Info]...
2026-04-30,16:51:54 [DEBUG] (state.py:state:650): Returning value ''
2026-04-30,16:51:54 [DEBUG] (state.py:state:628): Loading option 'Access-Control-Allow-Methods' from section [Service Info]...
2026-04-30,16:51:54 [DEBUG] (state.py:state:650): Returning value ''
2026-04-30,16:51:54 [DEBUG] (base_handler.py:base_handler:115): Processing POST request...
2026-04-30,16:51:54 [INFO] (base_handler.py:base_handler:115): function to evaluate=def _user_script(tabpy, _arg1):
 import pandas as pd
 def get_output_schema():
 	return '88bcc9a0-3d33-4796-9f5e-c6ac01f67442'
 def prep_string():
 	return ['prep_string_type']
 def prep_bool():
 	return ['prep_bool_type']
 def prep_int():
 	return ['prep_int_type']
 def prep_decimal():
     return ['prep_decimal_type']
 def prep_date():
 	return ['prep_date_type']
 def prep_datetime():
 	return ['prep_datetime_type']
 #!/usr/bin/env python
 # coding: utf-8
 
 # import libraries
 
 import pandas as pd
 import matplotlib.pyplot as plt
 
 from sklearn.preprocessing import StandardScaler
 from sklearn.svm import OneClassSVM
 
 # Function
 def detect_outliers(input_df, outliers_fraction=0.05):
     
     # Sorting it by the Date Column
     df = input_df.sort_values('date')
 
     # Taking Sum of the Amounts on a given day (Remove if unique 'amount' on a given day)
     df = pd.pivot_table(df, index='date', values='amount', aggfunc='sum')
     df = df.reset_index()
 
     # Scaling the Data
     scaler = StandardScaler()
     scaled_data = scaler.fit_transform(pd.DataFrame(df['amount']))
     data = pd.DataFrame(scaled_data)
 
     # Training the OneClassSVM
     model = OneClassSVM(nu=outliers_fraction, kernel="rbf", gamma=0.1)
     model.fit(data)
 
     # Getting the Predicted Outliers
     df['anomaly'] = pd.Series(model.predict(data))
 
     # Setting the 'anomaly' column as boolean
     df['anomaly'] = [True if x == -1 else False for x in df['anomaly']]
 
     output_df = input_df
     
     return df
 
 def get_output_schema():
   return pd.DataFrame({
     'date' : prep_date(),
     'amount' : prep_decimal(), 
     'anomaly' : prep_bool()
 })
 def get_output_schema_3cfde641d679414e813c01d3eabe92c8(df = pd.DataFrame()):
     import inspect
     if len(inspect.getfullargspec(get_output_schema).args) == 0:
         return get_output_schema()
     else:
         return get_output_schema(df)
 result_schema_output = get_output_schema_3cfde641d679414e813c01d3eabe92c8(pd.DataFrame(_arg1))
 return result_schema_output.to_dict(orient='split') if isinstance(result_schema_output, pd.DataFrame) else result_schema_output

2026-04-30,16:51:54 [INFO] (web.py:web:2439): 200 POST /evaluate (127.0.0.1) 10.68ms
2026-04-30,16:51:54 [DEBUG] (base_handler.py:base_handler:115): Checking if need to handle authentication
2026-04-30,16:51:54 [DEBUG] (base_handler.py:base_handler:115): Handling authentication
2026-04-30,16:51:54 [INFO] (base_handler.py:base_handler:115): Authentication is not a required feature for API "v1"
2026-04-30,16:51:54 [DEBUG] (base_handler.py:base_handler:115): Checking request headers for authentication data
2026-04-30,16:51:54 [INFO] (base_handler.py:base_handler:115): Authorization header not found
2026-04-30,16:51:54 [DEBUG] (base_handler.py:base_handler:115): authentication not required, username and password are none
2026-04-30,16:51:54 [DEBUG] (state.py:state:526): Collecting Access-Control-Allow-Origin from state file ...
2026-04-30,16:51:54 [DEBUG] (state.py:state:628): Loading option 'Access-Control-Allow-Origin' from section [Service Info]...
2026-04-30,16:51:54 [DEBUG] (state.py:state:650): Returning value ''
2026-04-30,16:51:54 [DEBUG] (state.py:state:628): Loading option 'Access-Control-Allow-Headers' from section [Service Info]...
2026-04-30,16:51:54 [DEBUG] (state.py:state:650): Returning value ''
2026-04-30,16:51:54 [DEBUG] (state.py:state:628): Loading option 'Access-Control-Allow-Methods' from section [Service Info]...
2026-04-30,16:51:54 [DEBUG] (state.py:state:650): Returning value ''
2026-04-30,16:51:54 [DEBUG] (base_handler.py:base_handler:115): Processing POST request...
2026-04-30,16:51:54 [INFO] (base_handler.py:base_handler:115): function to evaluate=def _user_script(tabpy, _arg1):
 import pandas as pd
 def get_output_schema():
 	return '88bcc9a0-3d33-4796-9f5e-c6ac01f67442'
 def prep_string():
 	return ['prep_string_type']
 def prep_bool():
 	return ['prep_bool_type']
 def prep_int():
 	return ['prep_int_type']
 def prep_decimal():
     return ['prep_decimal_type']
 def prep_date():
 	return ['prep_date_type']
 def prep_datetime():
 	return ['prep_datetime_type']
 #!/usr/bin/env python
 # coding: utf-8
 
 # import libraries
 
 import pandas as pd
 import matplotlib.pyplot as plt
 
 from sklearn.preprocessing import StandardScaler
 from sklearn.svm import OneClassSVM
 
 # Function
 def detect_outliers(input_df, outliers_fraction=0.05):
     
     # Sorting it by the Date Column
     df = input_df.sort_values('date')
 
     # Taking Sum of the Amounts on a given day (Remove if unique 'amount' on a given day)
     df = pd.pivot_table(df, index='date', values='amount', aggfunc='sum')
     df = df.reset_index()
 
     # Scaling the Data
     scaler = StandardScaler()
     scaled_data = scaler.fit_transform(pd.DataFrame(df['amount']))
     data = pd.DataFrame(scaled_data)
 
     # Training the OneClassSVM
     model = OneClassSVM(nu=outliers_fraction, kernel="rbf", gamma=0.1)
     model.fit(data)
 
     # Getting the Predicted Outliers
     df['anomaly'] = pd.Series(model.predict(data))
 
     # Setting the 'anomaly' column as boolean
     df['anomaly'] = [True if x == -1 else False for x in df['anomaly']]
 
     output_df = input_df
     
     return df
 
 def get_output_schema():
   return pd.DataFrame({
     'date' : prep_date(),
     'amount' : prep_decimal(), 
     'anomaly' : prep_bool()
 })
 def get_output_schema_3cfde641d679414e813c01d3eabe92c8(df = pd.DataFrame()):
     import inspect
     if len(inspect.getfullargspec(get_output_schema).args) == 0:
         return get_output_schema()
     else:
         return get_output_schema(df)
 result_schema_output = get_output_schema_3cfde641d679414e813c01d3eabe92c8(pd.DataFrame(_arg1))
 return result_schema_output.to_dict(orient='split') if isinstance(result_schema_output, pd.DataFrame) else result_schema_output

2026-04-30,16:51:54 [INFO] (web.py:web:2439): 200 POST /evaluate (127.0.0.1) 10.33ms
2026-04-30,16:52:25 [DEBUG] (base_handler.py:base_handler:115): Checking if need to handle authentication
2026-04-30,16:52:25 [DEBUG] (base_handler.py:base_handler:115): Handling authentication
2026-04-30,16:52:25 [INFO] (base_handler.py:base_handler:115): Authentication is not a required feature for API "v1"
2026-04-30,16:52:25 [DEBUG] (base_handler.py:base_handler:115): Checking request headers for authentication data
2026-04-30,16:52:25 [INFO] (base_handler.py:base_handler:115): Authorization header not found
2026-04-30,16:52:25 [DEBUG] (base_handler.py:base_handler:115): authentication not required, username and password are none
2026-04-30,16:52:25 [DEBUG] (state.py:state:526): Collecting Access-Control-Allow-Origin from state file ...
2026-04-30,16:52:25 [DEBUG] (state.py:state:628): Loading option 'Access-Control-Allow-Origin' from section [Service Info]...
2026-04-30,16:52:25 [DEBUG] (state.py:state:650): Returning value ''
2026-04-30,16:52:25 [DEBUG] (state.py:state:628): Loading option 'Access-Control-Allow-Headers' from section [Service Info]...
2026-04-30,16:52:25 [DEBUG] (state.py:state:650): Returning value ''
2026-04-30,16:52:25 [DEBUG] (state.py:state:628): Loading option 'Access-Control-Allow-Methods' from section [Service Info]...
2026-04-30,16:52:25 [DEBUG] (state.py:state:650): Returning value ''
2026-04-30,16:52:25 [DEBUG] (base_handler.py:base_handler:115): Processing POST request...
2026-04-30,16:52:25 [INFO] (base_handler.py:base_handler:115): function to evaluate=def _user_script(tabpy, _arg1):
 import pandas as pd
 def get_output_schema():
 	return '88bcc9a0-3d33-4796-9f5e-c6ac01f67442'
 def prep_string():
 	return ['prep_string_type']
 def prep_bool():
 	return ['prep_bool_type']
 def prep_int():
 	return ['prep_int_type']
 def prep_decimal():
     return ['prep_decimal_type']
 def prep_date():
 	return ['prep_date_type']
 def prep_datetime():
 	return ['prep_datetime_type']
 #!/usr/bin/env python
 # coding: utf-8
 
 # import libraries
 
 import pandas as pd
 import matplotlib.pyplot as plt
 
 from sklearn.preprocessing import StandardScaler
 from sklearn.svm import OneClassSVM
 
 # Function
 def detect_outliers(input_df, outliers_fraction=0.05):
     
     # Sorting it by the Date Column
     df = input_df.sort_values('date')
 
     # Taking Sum of the Amounts on a given day (Remove if unique 'amount' on a given day)
     df = pd.pivot_table(df, index='date', values='amount', aggfunc='sum')
     df = df.reset_index()
 
     # Scaling the Data
     scaler = StandardScaler()
     scaled_data = scaler.fit_transform(pd.DataFrame(df['amount']))
     data = pd.DataFrame(scaled_data)
 
     # Training the OneClassSVM
     model = OneClassSVM(nu=outliers_fraction, kernel="rbf", gamma=0.1)
     model.fit(data)
 
     # Getting the Predicted Outliers
     df['anomaly'] = pd.Series(model.predict(data))
 
     # Setting the 'anomaly' column as boolean
     df['anomaly'] = [True if x == -1 else False for x in df['anomaly']]
 
     output_df = input_df
     
     return df
 
 def get_output_schema():
   return pd.DataFrame({
     'date' : prep_date(),
     'amount' : prep_decimal(), 
     'anomaly' : prep_bool()
 })
 def get_output_schema_3cfde641d679414e813c01d3eabe92c8(df = pd.DataFrame()):
     import inspect
     if len(inspect.getfullargspec(get_output_schema).args) == 0:
         return get_output_schema()
     else:
         return get_output_schema(df)
 result_schema_output = get_output_schema_3cfde641d679414e813c01d3eabe92c8(pd.DataFrame(_arg1))
 return result_schema_output.to_dict(orient='split') if isinstance(result_schema_output, pd.DataFrame) else result_schema_output

2026-04-30,16:52:25 [INFO] (web.py:web:2439): 200 POST /evaluate (127.0.0.1) 11.66ms
2026-04-30,16:52:25 [DEBUG] (base_handler.py:base_handler:115): Checking if need to handle authentication
2026-04-30,16:52:25 [DEBUG] (base_handler.py:base_handler:115): Handling authentication
2026-04-30,16:52:25 [INFO] (base_handler.py:base_handler:115): Authentication is not a required feature for API "v1"
2026-04-30,16:52:25 [DEBUG] (base_handler.py:base_handler:115): Checking request headers for authentication data
2026-04-30,16:52:25 [INFO] (base_handler.py:base_handler:115): Authorization header not found
2026-04-30,16:52:25 [DEBUG] (base_handler.py:base_handler:115): authentication not required, username and password are none
2026-04-30,16:52:25 [DEBUG] (state.py:state:526): Collecting Access-Control-Allow-Origin from state file ...
2026-04-30,16:52:25 [DEBUG] (state.py:state:628): Loading option 'Access-Control-Allow-Origin' from section [Service Info]...
2026-04-30,16:52:25 [DEBUG] (state.py:state:650): Returning value ''
2026-04-30,16:52:25 [DEBUG] (state.py:state:628): Loading option 'Access-Control-Allow-Headers' from section [Service Info]...
2026-04-30,16:52:25 [DEBUG] (state.py:state:650): Returning value ''
2026-04-30,16:52:25 [DEBUG] (state.py:state:628): Loading option 'Access-Control-Allow-Methods' from section [Service Info]...
2026-04-30,16:52:25 [DEBUG] (state.py:state:650): Returning value ''
2026-04-30,16:52:25 [DEBUG] (base_handler.py:base_handler:115): Processing POST request...
2026-04-30,16:52:25 [INFO] (base_handler.py:base_handler:115): function to evaluate=def _user_script(tabpy, _arg1):
 import pandas as pd
 def get_output_schema():
 	return '88bcc9a0-3d33-4796-9f5e-c6ac01f67442'
 def prep_string():
 	return ['prep_string_type']
 def prep_bool():
 	return ['prep_bool_type']
 def prep_int():
 	return ['prep_int_type']
 def prep_decimal():
     return ['prep_decimal_type']
 def prep_date():
 	return ['prep_date_type']
 def prep_datetime():
 	return ['prep_datetime_type']
 #!/usr/bin/env python
 # coding: utf-8
 
 # import libraries
 
 import pandas as pd
 import matplotlib.pyplot as plt
 
 from sklearn.preprocessing import StandardScaler
 from sklearn.svm import OneClassSVM
 
 # Function
 def detect_outliers(input_df, outliers_fraction=0.05):
     
     # Sorting it by the Date Column
     df = input_df.sort_values('date')
 
     # Taking Sum of the Amounts on a given day (Remove if unique 'amount' on a given day)
     df = pd.pivot_table(df, index='date', values='amount', aggfunc='sum')
     df = df.reset_index()
 
     # Scaling the Data
     scaler = StandardScaler()
     scaled_data = scaler.fit_transform(pd.DataFrame(df['amount']))
     data = pd.DataFrame(scaled_data)
 
     # Training the OneClassSVM
     model = OneClassSVM(nu=outliers_fraction, kernel="rbf", gamma=0.1)
     model.fit(data)
 
     # Getting the Predicted Outliers
     df['anomaly'] = pd.Series(model.predict(data))
 
     # Setting the 'anomaly' column as boolean
     df['anomaly'] = [True if x == -1 else False for x in df['anomaly']]
 
     output_df = input_df
     
     return df
 
 def get_output_schema():
   return pd.DataFrame({
     'date' : prep_date(),
     'amount' : prep_decimal(), 
     'anomaly' : prep_bool()
 })
 def get_output_schema_3cfde641d679414e813c01d3eabe92c8(df = pd.DataFrame()):
     import inspect
     if len(inspect.getfullargspec(get_output_schema).args) == 0:
         return get_output_schema()
     else:
         return get_output_schema(df)
 result_schema_output = get_output_schema_3cfde641d679414e813c01d3eabe92c8(pd.DataFrame(_arg1))
 return result_schema_output.to_dict(orient='split') if isinstance(result_schema_output, pd.DataFrame) else result_schema_output

2026-04-30,16:52:25 [INFO] (web.py:web:2439): 200 POST /evaluate (127.0.0.1) 9.85ms
2026-04-30,16:52:27 [DEBUG] (base_handler.py:base_handler:115): Checking if need to handle authentication
2026-04-30,16:52:27 [DEBUG] (base_handler.py:base_handler:115): Handling authentication
2026-04-30,16:52:27 [INFO] (base_handler.py:base_handler:115): Authentication is not a required feature for API "v1"
2026-04-30,16:52:27 [DEBUG] (base_handler.py:base_handler:115): Checking request headers for authentication data
2026-04-30,16:52:27 [INFO] (base_handler.py:base_handler:115): Authorization header not found
2026-04-30,16:52:27 [DEBUG] (base_handler.py:base_handler:115): authentication not required, username and password are none
2026-04-30,16:52:27 [DEBUG] (state.py:state:526): Collecting Access-Control-Allow-Origin from state file ...
2026-04-30,16:52:27 [DEBUG] (state.py:state:628): Loading option 'Access-Control-Allow-Origin' from section [Service Info]...
2026-04-30,16:52:27 [DEBUG] (state.py:state:650): Returning value ''
2026-04-30,16:52:27 [DEBUG] (state.py:state:628): Loading option 'Access-Control-Allow-Headers' from section [Service Info]...
2026-04-30,16:52:27 [DEBUG] (state.py:state:650): Returning value ''
2026-04-30,16:52:27 [DEBUG] (state.py:state:628): Loading option 'Access-Control-Allow-Methods' from section [Service Info]...
2026-04-30,16:52:27 [DEBUG] (state.py:state:650): Returning value ''
2026-04-30,16:52:27 [DEBUG] (base_handler.py:base_handler:115): Processing POST request...
2026-04-30,16:52:27 [INFO] (base_handler.py:base_handler:115): function to evaluate=def _user_script(tabpy, _arg1):
 import pandas as pd
 def get_output_schema():
 	return '88bcc9a0-3d33-4796-9f5e-c6ac01f67442'
 def prep_string():
 	return ['prep_string_type']
 def prep_bool():
 	return ['prep_bool_type']
 def prep_int():
 	return ['prep_int_type']
 def prep_decimal():
     return ['prep_decimal_type']
 def prep_date():
 	return ['prep_date_type']
 def prep_datetime():
 	return ['prep_datetime_type']
 #!/usr/bin/env python
 # coding: utf-8
 
 # import libraries
 
 import pandas as pd
 import matplotlib.pyplot as plt
 
 from sklearn.preprocessing import StandardScaler
 from sklearn.svm import OneClassSVM
 
 # Function
 def detect_outliers(input_df, outliers_fraction=0.05):
     
     # Sorting it by the Date Column
     df = input_df.sort_values('date')
 
     # Taking Sum of the Amounts on a given day (Remove if unique 'amount' on a given day)
     df = pd.pivot_table(df, index='date', values='amount', aggfunc='sum')
     df = df.reset_index()
 
     # Scaling the Data
     scaler = StandardScaler()
     scaled_data = scaler.fit_transform(pd.DataFrame(df['amount']))
     data = pd.DataFrame(scaled_data)
 
     # Training the OneClassSVM
     model = OneClassSVM(nu=outliers_fraction, kernel="rbf", gamma=0.1)
     model.fit(data)
 
     # Getting the Predicted Outliers
     df['anomaly'] = pd.Series(model.predict(data))
 
     # Setting the 'anomaly' column as boolean
     df['anomaly'] = [True if x == -1 else False for x in df['anomaly']]
 
     output_df = input_df
     
     return df
 
 def get_output_schema():
   return pd.DataFrame({
     'date' : prep_date(),
     'amount' : prep_decimal(), 
     'anomaly' : prep_bool()
 })
 def get_output_schema_3cfde641d679414e813c01d3eabe92c8(df = pd.DataFrame()):
     import inspect
     if len(inspect.getfullargspec(get_output_schema).args) == 0:
         return get_output_schema()
     else:
         return get_output_schema(df)
 result_schema_output = get_output_schema_3cfde641d679414e813c01d3eabe92c8(pd.DataFrame(_arg1))
 return result_schema_output.to_dict(orient='split') if isinstance(result_schema_output, pd.DataFrame) else result_schema_output

2026-04-30,16:52:27 [INFO] (web.py:web:2439): 200 POST /evaluate (127.0.0.1) 11.15ms
2026-04-30,16:52:27 [DEBUG] (base_handler.py:base_handler:115): Checking if need to handle authentication
2026-04-30,16:52:27 [DEBUG] (base_handler.py:base_handler:115): Handling authentication
2026-04-30,16:52:27 [INFO] (base_handler.py:base_handler:115): Authentication is not a required feature for API "v1"
2026-04-30,16:52:27 [DEBUG] (base_handler.py:base_handler:115): Checking request headers for authentication data
2026-04-30,16:52:27 [INFO] (base_handler.py:base_handler:115): Authorization header not found
2026-04-30,16:52:27 [DEBUG] (base_handler.py:base_handler:115): authentication not required, username and password are none
2026-04-30,16:52:27 [DEBUG] (state.py:state:526): Collecting Access-Control-Allow-Origin from state file ...
2026-04-30,16:52:27 [DEBUG] (state.py:state:628): Loading option 'Access-Control-Allow-Origin' from section [Service Info]...
2026-04-30,16:52:27 [DEBUG] (state.py:state:650): Returning value ''
2026-04-30,16:52:27 [DEBUG] (state.py:state:628): Loading option 'Access-Control-Allow-Headers' from section [Service Info]...
2026-04-30,16:52:27 [DEBUG] (state.py:state:650): Returning value ''
2026-04-30,16:52:27 [DEBUG] (state.py:state:628): Loading option 'Access-Control-Allow-Methods' from section [Service Info]...
2026-04-30,16:52:27 [DEBUG] (state.py:state:650): Returning value ''
2026-04-30,16:52:27 [DEBUG] (base_handler.py:base_handler:115): Processing POST request...
2026-04-30,16:52:27 [INFO] (base_handler.py:base_handler:115): function to evaluate=def _user_script(tabpy, _arg1):
 import pandas as pd
 def get_output_schema():
 	return '88bcc9a0-3d33-4796-9f5e-c6ac01f67442'
 def prep_string():
 	return ['prep_string_type']
 def prep_bool():
 	return ['prep_bool_type']
 def prep_int():
 	return ['prep_int_type']
 def prep_decimal():
     return ['prep_decimal_type']
 def prep_date():
 	return ['prep_date_type']
 def prep_datetime():
 	return ['prep_datetime_type']
 #!/usr/bin/env python
 # coding: utf-8
 
 # import libraries
 
 import pandas as pd
 import matplotlib.pyplot as plt
 
 from sklearn.preprocessing import StandardScaler
 from sklearn.svm import OneClassSVM
 
 # Function
 def detect_outliers(input_df, outliers_fraction=0.05):
     
     # Sorting it by the Date Column
     df = input_df.sort_values('date')
 
     # Taking Sum of the Amounts on a given day (Remove if unique 'amount' on a given day)
     df = pd.pivot_table(df, index='date', values='amount', aggfunc='sum')
     df = df.reset_index()
 
     # Scaling the Data
     scaler = StandardScaler()
     scaled_data = scaler.fit_transform(pd.DataFrame(df['amount']))
     data = pd.DataFrame(scaled_data)
 
     # Training the OneClassSVM
     model = OneClassSVM(nu=outliers_fraction, kernel="rbf", gamma=0.1)
     model.fit(data)
 
     # Getting the Predicted Outliers
     df['anomaly'] = pd.Series(model.predict(data))
 
     # Setting the 'anomaly' column as boolean
     df['anomaly'] = [True if x == -1 else False for x in df['anomaly']]
 
     output_df = input_df
     
     return df
 
 def get_output_schema():
   return pd.DataFrame({
     'date' : prep_date(),
     'amount' : prep_decimal(), 
     'anomaly' : prep_bool()
 })
 def get_output_schema_3cfde641d679414e813c01d3eabe92c8(df = pd.DataFrame()):
     import inspect
     if len(inspect.getfullargspec(get_output_schema).args) == 0:
         return get_output_schema()
     else:
         return get_output_schema(df)
 result_schema_output = get_output_schema_3cfde641d679414e813c01d3eabe92c8(pd.DataFrame(_arg1))
 return result_schema_output.to_dict(orient='split') if isinstance(result_schema_output, pd.DataFrame) else result_schema_output

2026-04-30,16:52:27 [INFO] (web.py:web:2439): 200 POST /evaluate (127.0.0.1) 9.62ms
2026-04-30,16:53:51 [DEBUG] (base_handler.py:base_handler:115): Checking if need to handle authentication
2026-04-30,16:53:51 [DEBUG] (base_handler.py:base_handler:115): Handling authentication
2026-04-30,16:53:51 [INFO] (base_handler.py:base_handler:115): Authentication is not a required feature for API "v1"
2026-04-30,16:53:51 [DEBUG] (base_handler.py:base_handler:115): Checking request headers for authentication data
2026-04-30,16:53:51 [INFO] (base_handler.py:base_handler:115): Authorization header not found
2026-04-30,16:53:51 [DEBUG] (base_handler.py:base_handler:115): authentication not required, username and password are none
2026-04-30,16:53:51 [DEBUG] (state.py:state:526): Collecting Access-Control-Allow-Origin from state file ...
2026-04-30,16:53:51 [DEBUG] (state.py:state:628): Loading option 'Access-Control-Allow-Origin' from section [Service Info]...
2026-04-30,16:53:51 [DEBUG] (state.py:state:650): Returning value ''
2026-04-30,16:53:51 [DEBUG] (state.py:state:628): Loading option 'Access-Control-Allow-Headers' from section [Service Info]...
2026-04-30,16:53:51 [DEBUG] (state.py:state:650): Returning value ''
2026-04-30,16:53:51 [DEBUG] (state.py:state:628): Loading option 'Access-Control-Allow-Methods' from section [Service Info]...
2026-04-30,16:53:51 [DEBUG] (state.py:state:650): Returning value ''
2026-04-30,16:53:51 [DEBUG] (base_handler.py:base_handler:115): Processing POST request...
2026-04-30,16:53:51 [INFO] (base_handler.py:base_handler:115): function to evaluate=def _user_script(tabpy, _arg1):
 import pandas as pd
 def get_output_schema():
 	return '88bcc9a0-3d33-4796-9f5e-c6ac01f67442'
 def prep_string():
 	return ['prep_string_type']
 def prep_bool():
 	return ['prep_bool_type']
 def prep_int():
 	return ['prep_int_type']
 def prep_decimal():
     return ['prep_decimal_type']
 def prep_date():
 	return ['prep_date_type']
 def prep_datetime():
 	return ['prep_datetime_type']
 #!/usr/bin/env python
 # coding: utf-8
 
 # import libraries
 
 import pandas as pd
 import matplotlib.pyplot as plt
 
 from sklearn.preprocessing import StandardScaler
 from sklearn.svm import OneClassSVM
 
 # Function
 def detect_outliers(input_df, outliers_fraction=0.05):
     
     # Sorting it by the Date Column
     df = input_df.sort_values('date')
 
     # Taking Sum of the Amounts on a given day (Remove if unique 'amount' on a given day)
     df = pd.pivot_table(df, index='date', values='amount', aggfunc='sum')
     df = df.reset_index()
 
     # Scaling the Data
     scaler = StandardScaler()
     scaled_data = scaler.fit_transform(pd.DataFrame(df['amount']))
     data = pd.DataFrame(scaled_data)
 
     # Training the OneClassSVM
     model = OneClassSVM(nu=outliers_fraction, kernel="rbf", gamma=0.1)
     model.fit(data)
 
     # Getting the Predicted Outliers
     df['anomaly'] = pd.Series(model.predict(data))
 
     # Setting the 'anomaly' column as boolean
     df['anomaly'] = [True if x == -1 else False for x in df['anomaly']]
 
     output_df = input_df
     
     return df
 
 def get_output_schema():
   return pd.DataFrame({
     'date' : prep_date(),
     'amount' : prep_decimal(), 
     'anomaly' : prep_bool()
 })
 def get_output_schema_3cfde641d679414e813c01d3eabe92c8(df = pd.DataFrame()):
     import inspect
     if len(inspect.getfullargspec(get_output_schema).args) == 0:
         return get_output_schema()
     else:
         return get_output_schema(df)
 result_schema_output = get_output_schema_3cfde641d679414e813c01d3eabe92c8(pd.DataFrame(_arg1))
 return result_schema_output.to_dict(orient='split') if isinstance(result_schema_output, pd.DataFrame) else result_schema_output

2026-04-30,16:53:51 [INFO] (web.py:web:2439): 200 POST /evaluate (127.0.0.1) 10.51ms
2026-04-30,16:53:51 [DEBUG] (base_handler.py:base_handler:115): Checking if need to handle authentication
2026-04-30,16:53:51 [DEBUG] (base_handler.py:base_handler:115): Handling authentication
2026-04-30,16:53:51 [INFO] (base_handler.py:base_handler:115): Authentication is not a required feature for API "v1"
2026-04-30,16:53:51 [DEBUG] (base_handler.py:base_handler:115): Checking request headers for authentication data
2026-04-30,16:53:51 [INFO] (base_handler.py:base_handler:115): Authorization header not found
2026-04-30,16:53:51 [DEBUG] (base_handler.py:base_handler:115): authentication not required, username and password are none
2026-04-30,16:53:51 [DEBUG] (state.py:state:526): Collecting Access-Control-Allow-Origin from state file ...
2026-04-30,16:53:51 [DEBUG] (state.py:state:628): Loading option 'Access-Control-Allow-Origin' from section [Service Info]...
2026-04-30,16:53:51 [DEBUG] (state.py:state:650): Returning value ''
2026-04-30,16:53:51 [DEBUG] (state.py:state:628): Loading option 'Access-Control-Allow-Headers' from section [Service Info]...
2026-04-30,16:53:51 [DEBUG] (state.py:state:650): Returning value ''
2026-04-30,16:53:51 [DEBUG] (state.py:state:628): Loading option 'Access-Control-Allow-Methods' from section [Service Info]...
2026-04-30,16:53:51 [DEBUG] (state.py:state:650): Returning value ''
2026-04-30,16:53:51 [DEBUG] (base_handler.py:base_handler:115): Processing POST request...
2026-04-30,16:53:51 [INFO] (base_handler.py:base_handler:115): function to evaluate=def _user_script(tabpy, _arg1):
 import pandas as pd
 def get_output_schema():
 	return '88bcc9a0-3d33-4796-9f5e-c6ac01f67442'
 def prep_string():
 	return ['prep_string_type']
 def prep_bool():
 	return ['prep_bool_type']
 def prep_int():
 	return ['prep_int_type']
 def prep_decimal():
     return ['prep_decimal_type']
 def prep_date():
 	return ['prep_date_type']
 def prep_datetime():
 	return ['prep_datetime_type']
 #!/usr/bin/env python
 # coding: utf-8
 
 # import libraries
 
 import pandas as pd
 import matplotlib.pyplot as plt
 
 from sklearn.preprocessing import StandardScaler
 from sklearn.svm import OneClassSVM
 
 # Function
 def detect_outliers(input_df, outliers_fraction=0.05):
     
     # Sorting it by the Date Column
     df = input_df.sort_values('date')
 
     # Taking Sum of the Amounts on a given day (Remove if unique 'amount' on a given day)
     df = pd.pivot_table(df, index='date', values='amount', aggfunc='sum')
     df = df.reset_index()
 
     # Scaling the Data
     scaler = StandardScaler()
     scaled_data = scaler.fit_transform(pd.DataFrame(df['amount']))
     data = pd.DataFrame(scaled_data)
 
     # Training the OneClassSVM
     model = OneClassSVM(nu=outliers_fraction, kernel="rbf", gamma=0.1)
     model.fit(data)
 
     # Getting the Predicted Outliers
     df['anomaly'] = pd.Series(model.predict(data))
 
     # Setting the 'anomaly' column as boolean
     df['anomaly'] = [True if x == -1 else False for x in df['anomaly']]
 
     output_df = input_df
     
     return df
 
 def get_output_schema():
   return pd.DataFrame({
     'date' : prep_date(),
     'amount' : prep_decimal(), 
     'anomaly' : prep_bool()
 })
 def get_output_schema_3cfde641d679414e813c01d3eabe92c8(df = pd.DataFrame()):
     import inspect
     if len(inspect.getfullargspec(get_output_schema).args) == 0:
         return get_output_schema()
     else:
         return get_output_schema(df)
 result_schema_output = get_output_schema_3cfde641d679414e813c01d3eabe92c8(pd.DataFrame(_arg1))
 return result_schema_output.to_dict(orient='split') if isinstance(result_schema_output, pd.DataFrame) else result_schema_output

2026-04-30,16:53:51 [INFO] (web.py:web:2439): 200 POST /evaluate (127.0.0.1) 10.33ms
2026-04-30,16:54:00 [DEBUG] (base_handler.py:base_handler:115): Checking if need to handle authentication
2026-04-30,16:54:00 [DEBUG] (base_handler.py:base_handler:115): Handling authentication
2026-04-30,16:54:00 [INFO] (base_handler.py:base_handler:115): Authentication is not a required feature for API "v1"
2026-04-30,16:54:00 [DEBUG] (base_handler.py:base_handler:115): Checking request headers for authentication data
2026-04-30,16:54:00 [INFO] (base_handler.py:base_handler:115): Authorization header not found
2026-04-30,16:54:00 [DEBUG] (base_handler.py:base_handler:115): authentication not required, username and password are none
2026-04-30,16:54:00 [DEBUG] (state.py:state:526): Collecting Access-Control-Allow-Origin from state file ...
2026-04-30,16:54:00 [DEBUG] (state.py:state:628): Loading option 'Access-Control-Allow-Origin' from section [Service Info]...
2026-04-30,16:54:00 [DEBUG] (state.py:state:650): Returning value ''
2026-04-30,16:54:00 [DEBUG] (state.py:state:628): Loading option 'Access-Control-Allow-Headers' from section [Service Info]...
2026-04-30,16:54:00 [DEBUG] (state.py:state:650): Returning value ''
2026-04-30,16:54:00 [DEBUG] (state.py:state:628): Loading option 'Access-Control-Allow-Methods' from section [Service Info]...
2026-04-30,16:54:00 [DEBUG] (state.py:state:650): Returning value ''
2026-04-30,16:54:00 [DEBUG] (base_handler.py:base_handler:115): Processing POST request...
2026-04-30,16:54:00 [INFO] (base_handler.py:base_handler:115): function to evaluate=def _user_script(tabpy, _arg1):
 import pandas as pd
 def get_output_schema():
 	return '88bcc9a0-3d33-4796-9f5e-c6ac01f67442'
 def prep_string():
 	return ['prep_string_type']
 def prep_bool():
 	return ['prep_bool_type']
 def prep_int():
 	return ['prep_int_type']
 def prep_decimal():
     return ['prep_decimal_type']
 def prep_date():
 	return ['prep_date_type']
 def prep_datetime():
 	return ['prep_datetime_type']
 #!/usr/bin/env python
 # coding: utf-8
 
 # import libraries
 
 import pandas as pd
 import matplotlib.pyplot as plt
 
 from sklearn.preprocessing import StandardScaler
 from sklearn.svm import OneClassSVM
 
 # Function
 def detect_outliers(input_df, outliers_fraction=0.05):
     
     # Sorting it by the Date Column
     df = input_df.sort_values('date')
 
     # Taking Sum of the Amounts on a given day (Remove if unique 'amount' on a given day)
     df = pd.pivot_table(df, index='date', values='amount', aggfunc='sum')
     df = df.reset_index()
 
     # Scaling the Data
     scaler = StandardScaler()
     scaled_data = scaler.fit_transform(pd.DataFrame(df['amount']))
     data = pd.DataFrame(scaled_data)
 
     # Training the OneClassSVM
     model = OneClassSVM(nu=outliers_fraction, kernel="rbf", gamma=0.1)
     model.fit(data)
 
     # Getting the Predicted Outliers
     df['anomaly'] = pd.Series(model.predict(data))
 
     # Setting the 'anomaly' column as boolean
     df['anomaly'] = [True if x == -1 else False for x in df['anomaly']]
 
     output_df = input_df
     
     return df
 
 def get_output_schema():
   return pd.DataFrame({
     'date' : prep_date(),
     'amount' : prep_decimal(), 
     'anomaly' : prep_bool()
 })
 def get_output_schema_3cfde641d679414e813c01d3eabe92c8(df = pd.DataFrame()):
     import inspect
     if len(inspect.getfullargspec(get_output_schema).args) == 0:
         return get_output_schema()
     else:
         return get_output_schema(df)
 result_schema_output = get_output_schema_3cfde641d679414e813c01d3eabe92c8(pd.DataFrame(_arg1))
 return result_schema_output.to_dict(orient='split') if isinstance(result_schema_output, pd.DataFrame) else result_schema_output

2026-04-30,16:54:00 [INFO] (web.py:web:2439): 200 POST /evaluate (127.0.0.1) 14.94ms
2026-04-30,16:54:00 [DEBUG] (base_handler.py:base_handler:115): Checking if need to handle authentication
2026-04-30,16:54:00 [DEBUG] (base_handler.py:base_handler:115): Handling authentication
2026-04-30,16:54:00 [INFO] (base_handler.py:base_handler:115): Authentication is not a required feature for API "v1"
2026-04-30,16:54:00 [DEBUG] (base_handler.py:base_handler:115): Checking request headers for authentication data
2026-04-30,16:54:00 [INFO] (base_handler.py:base_handler:115): Authorization header not found
2026-04-30,16:54:00 [DEBUG] (base_handler.py:base_handler:115): authentication not required, username and password are none
2026-04-30,16:54:00 [DEBUG] (state.py:state:526): Collecting Access-Control-Allow-Origin from state file ...
2026-04-30,16:54:00 [DEBUG] (state.py:state:628): Loading option 'Access-Control-Allow-Origin' from section [Service Info]...
2026-04-30,16:54:00 [DEBUG] (state.py:state:650): Returning value ''
2026-04-30,16:54:00 [DEBUG] (state.py:state:628): Loading option 'Access-Control-Allow-Headers' from section [Service Info]...
2026-04-30,16:54:00 [DEBUG] (state.py:state:650): Returning value ''
2026-04-30,16:54:00 [DEBUG] (state.py:state:628): Loading option 'Access-Control-Allow-Methods' from section [Service Info]...
2026-04-30,16:54:00 [DEBUG] (state.py:state:650): Returning value ''
2026-04-30,16:54:00 [DEBUG] (base_handler.py:base_handler:115): Processing POST request...
2026-04-30,16:54:00 [INFO] (base_handler.py:base_handler:115): function to evaluate=def _user_script(tabpy, _arg1):
 import pandas as pd
 def get_output_schema():
 	return '88bcc9a0-3d33-4796-9f5e-c6ac01f67442'
 def prep_string():
 	return ['prep_string_type']
 def prep_bool():
 	return ['prep_bool_type']
 def prep_int():
 	return ['prep_int_type']
 def prep_decimal():
     return ['prep_decimal_type']
 def prep_date():
 	return ['prep_date_type']
 def prep_datetime():
 	return ['prep_datetime_type']
 #!/usr/bin/env python
 # coding: utf-8
 
 # import libraries
 
 import pandas as pd
 import matplotlib.pyplot as plt
 
 from sklearn.preprocessing import StandardScaler
 from sklearn.svm import OneClassSVM
 
 # Function
 def detect_outliers(input_df, outliers_fraction=0.05):
     
     # Sorting it by the Date Column
     df = input_df.sort_values('date')
 
     # Taking Sum of the Amounts on a given day (Remove if unique 'amount' on a given day)
     df = pd.pivot_table(df, index='date', values='amount', aggfunc='sum')
     df = df.reset_index()
 
     # Scaling the Data
     scaler = StandardScaler()
     scaled_data = scaler.fit_transform(pd.DataFrame(df['amount']))
     data = pd.DataFrame(scaled_data)
 
     # Training the OneClassSVM
     model = OneClassSVM(nu=outliers_fraction, kernel="rbf", gamma=0.1)
     model.fit(data)
 
     # Getting the Predicted Outliers
     df['anomaly'] = pd.Series(model.predict(data))
 
     # Setting the 'anomaly' column as boolean
     df['anomaly'] = [True if x == -1 else False for x in df['anomaly']]
 
     output_df = input_df
     
     return df
 
 def get_output_schema():
   return pd.DataFrame({
     'date' : prep_date(),
     'amount' : prep_decimal(), 
     'anomaly' : prep_bool()
 })
 def get_output_schema_3cfde641d679414e813c01d3eabe92c8(df = pd.DataFrame()):
     import inspect
     if len(inspect.getfullargspec(get_output_schema).args) == 0:
         return get_output_schema()
     else:
         return get_output_schema(df)
 result_schema_output = get_output_schema_3cfde641d679414e813c01d3eabe92c8(pd.DataFrame(_arg1))
 return result_schema_output.to_dict(orient='split') if isinstance(result_schema_output, pd.DataFrame) else result_schema_output

2026-04-30,16:54:00 [INFO] (web.py:web:2439): 200 POST /evaluate (127.0.0.1) 13.27ms
2026-04-30,16:57:18 [DEBUG] (base_handler.py:base_handler:115): Checking if need to handle authentication
2026-04-30,16:57:18 [DEBUG] (base_handler.py:base_handler:115): Handling authentication
2026-04-30,16:57:18 [INFO] (base_handler.py:base_handler:115): Authentication is not a required feature for API "v1"
2026-04-30,16:57:18 [DEBUG] (base_handler.py:base_handler:115): Checking request headers for authentication data
2026-04-30,16:57:18 [INFO] (base_handler.py:base_handler:115): Authorization header not found
2026-04-30,16:57:18 [DEBUG] (base_handler.py:base_handler:115): authentication not required, username and password are none
2026-04-30,16:57:18 [DEBUG] (state.py:state:526): Collecting Access-Control-Allow-Origin from state file ...
2026-04-30,16:57:18 [DEBUG] (state.py:state:628): Loading option 'Access-Control-Allow-Origin' from section [Service Info]...
2026-04-30,16:57:18 [DEBUG] (state.py:state:650): Returning value ''
2026-04-30,16:57:18 [DEBUG] (state.py:state:628): Loading option 'Access-Control-Allow-Headers' from section [Service Info]...
2026-04-30,16:57:18 [DEBUG] (state.py:state:650): Returning value ''
2026-04-30,16:57:18 [DEBUG] (state.py:state:628): Loading option 'Access-Control-Allow-Methods' from section [Service Info]...
2026-04-30,16:57:18 [DEBUG] (state.py:state:650): Returning value ''
2026-04-30,16:57:18 [DEBUG] (base_handler.py:base_handler:115): Processing POST request...
2026-04-30,16:57:18 [INFO] (base_handler.py:base_handler:115): function to evaluate=def _user_script(tabpy, _arg1):
 import pandas as pd
 def get_output_schema():
 	return '88bcc9a0-3d33-4796-9f5e-c6ac01f67442'
 def prep_string():
 	return ['prep_string_type']
 def prep_bool():
 	return ['prep_bool_type']
 def prep_int():
 	return ['prep_int_type']
 def prep_decimal():
     return ['prep_decimal_type']
 def prep_date():
 	return ['prep_date_type']
 def prep_datetime():
 	return ['prep_datetime_type']
 #!/usr/bin/env python
 # coding: utf-8
 
 # import libraries
 
 import pandas as pd
 import matplotlib.pyplot as plt
 
 from sklearn.preprocessing import StandardScaler
 from sklearn.svm import OneClassSVM
 
 # Function
 def detect_outliers(input_df, outliers_fraction=0.05):
     
     # Sorting it by the Date Column
     df = input_df.sort_values('date')
 
     # Taking Sum of the Amounts on a given day (Remove if unique 'amount' on a given day)
     df = pd.pivot_table(df, index='date', values='amount', aggfunc='sum')
     df = df.reset_index()
 
     # Scaling the Data
     scaler = StandardScaler()
     scaled_data = scaler.fit_transform(pd.DataFrame(df['amount']))
     data = pd.DataFrame(scaled_data)
 
     # Training the OneClassSVM
     model = OneClassSVM(nu=outliers_fraction, kernel="rbf", gamma=0.1)
     model.fit(data)
 
     # Getting the Predicted Outliers
     df['anomaly'] = pd.Series(model.predict(data))
 
     # Setting the 'anomaly' column as boolean
     df['anomaly'] = [True if x == -1 else False for x in df['anomaly']]
 
     output_df = input_df
     
     return df
 
 def get_output_schema():
   return pd.DataFrame({
     'date' : prep_date(),
     'amount' : prep_decimal(), 
     'anomaly' : prep_bool()
 })
 def get_output_schema_3cfde641d679414e813c01d3eabe92c8(df = pd.DataFrame()):
     import inspect
     if len(inspect.getfullargspec(get_output_schema).args) == 0:
         return get_output_schema()
     else:
         return get_output_schema(df)
 result_schema_output = get_output_schema_3cfde641d679414e813c01d3eabe92c8(pd.DataFrame(_arg1))
 return result_schema_output.to_dict(orient='split') if isinstance(result_schema_output, pd.DataFrame) else result_schema_output

2026-04-30,16:57:18 [INFO] (web.py:web:2439): 200 POST /evaluate (127.0.0.1) 9.51ms
2026-04-30,16:57:18 [DEBUG] (base_handler.py:base_handler:115): Checking if need to handle authentication
2026-04-30,16:57:18 [DEBUG] (base_handler.py:base_handler:115): Handling authentication
2026-04-30,16:57:18 [INFO] (base_handler.py:base_handler:115): Authentication is not a required feature for API "v1"
2026-04-30,16:57:18 [DEBUG] (base_handler.py:base_handler:115): Checking request headers for authentication data
2026-04-30,16:57:18 [INFO] (base_handler.py:base_handler:115): Authorization header not found
2026-04-30,16:57:18 [DEBUG] (base_handler.py:base_handler:115): authentication not required, username and password are none
2026-04-30,16:57:18 [DEBUG] (state.py:state:526): Collecting Access-Control-Allow-Origin from state file ...
2026-04-30,16:57:18 [DEBUG] (state.py:state:628): Loading option 'Access-Control-Allow-Origin' from section [Service Info]...
2026-04-30,16:57:18 [DEBUG] (state.py:state:650): Returning value ''
2026-04-30,16:57:18 [DEBUG] (state.py:state:628): Loading option 'Access-Control-Allow-Headers' from section [Service Info]...
2026-04-30,16:57:18 [DEBUG] (state.py:state:650): Returning value ''
2026-04-30,16:57:18 [DEBUG] (state.py:state:628): Loading option 'Access-Control-Allow-Methods' from section [Service Info]...
2026-04-30,16:57:18 [DEBUG] (state.py:state:650): Returning value ''
2026-04-30,16:57:18 [DEBUG] (base_handler.py:base_handler:115): Processing POST request...
2026-04-30,16:57:18 [INFO] (base_handler.py:base_handler:115): function to evaluate=def _user_script(tabpy, _arg1):
 import pandas as pd
 def get_output_schema():
 	return '88bcc9a0-3d33-4796-9f5e-c6ac01f67442'
 def prep_string():
 	return ['prep_string_type']
 def prep_bool():
 	return ['prep_bool_type']
 def prep_int():
 	return ['prep_int_type']
 def prep_decimal():
     return ['prep_decimal_type']
 def prep_date():
 	return ['prep_date_type']
 def prep_datetime():
 	return ['prep_datetime_type']
 #!/usr/bin/env python
 # coding: utf-8
 
 # import libraries
 
 import pandas as pd
 import matplotlib.pyplot as plt
 
 from sklearn.preprocessing import StandardScaler
 from sklearn.svm import OneClassSVM
 
 # Function
 def detect_outliers(input_df, outliers_fraction=0.05):
     
     # Sorting it by the Date Column
     df = input_df.sort_values('date')
 
     # Taking Sum of the Amounts on a given day (Remove if unique 'amount' on a given day)
     df = pd.pivot_table(df, index='date', values='amount', aggfunc='sum')
     df = df.reset_index()
 
     # Scaling the Data
     scaler = StandardScaler()
     scaled_data = scaler.fit_transform(pd.DataFrame(df['amount']))
     data = pd.DataFrame(scaled_data)
 
     # Training the OneClassSVM
     model = OneClassSVM(nu=outliers_fraction, kernel="rbf", gamma=0.1)
     model.fit(data)
 
     # Getting the Predicted Outliers
     df['anomaly'] = pd.Series(model.predict(data))
 
     # Setting the 'anomaly' column as boolean
     df['anomaly'] = [True if x == -1 else False for x in df['anomaly']]
 
     output_df = input_df
     
     return df
 
 def get_output_schema():
   return pd.DataFrame({
     'date' : prep_date(),
     'amount' : prep_decimal(), 
     'anomaly' : prep_bool()
 })
 def get_output_schema_3cfde641d679414e813c01d3eabe92c8(df = pd.DataFrame()):
     import inspect
     if len(inspect.getfullargspec(get_output_schema).args) == 0:
         return get_output_schema()
     else:
         return get_output_schema(df)
 result_schema_output = get_output_schema_3cfde641d679414e813c01d3eabe92c8(pd.DataFrame(_arg1))
 return result_schema_output.to_dict(orient='split') if isinstance(result_schema_output, pd.DataFrame) else result_schema_output

2026-04-30,16:57:18 [INFO] (web.py:web:2439): 200 POST /evaluate (127.0.0.1) 10.50ms
2026-04-30,16:57:22 [DEBUG] (base_handler.py:base_handler:115): Checking if need to handle authentication
2026-04-30,16:57:22 [DEBUG] (base_handler.py:base_handler:115): Handling authentication
2026-04-30,16:57:22 [INFO] (base_handler.py:base_handler:115): Authentication is not a required feature for API "v1"
2026-04-30,16:57:23 [DEBUG] (base_handler.py:base_handler:115): Checking request headers for authentication data
2026-04-30,16:57:23 [INFO] (base_handler.py:base_handler:115): Authorization header not found
2026-04-30,16:57:23 [DEBUG] (base_handler.py:base_handler:115): authentication not required, username and password are none
2026-04-30,16:57:23 [DEBUG] (state.py:state:526): Collecting Access-Control-Allow-Origin from state file ...
2026-04-30,16:57:23 [DEBUG] (state.py:state:628): Loading option 'Access-Control-Allow-Origin' from section [Service Info]...
2026-04-30,16:57:23 [DEBUG] (state.py:state:650): Returning value ''
2026-04-30,16:57:23 [DEBUG] (state.py:state:628): Loading option 'Access-Control-Allow-Headers' from section [Service Info]...
2026-04-30,16:57:23 [DEBUG] (state.py:state:650): Returning value ''
2026-04-30,16:57:23 [DEBUG] (state.py:state:628): Loading option 'Access-Control-Allow-Methods' from section [Service Info]...
2026-04-30,16:57:23 [DEBUG] (state.py:state:650): Returning value ''
2026-04-30,16:57:23 [DEBUG] (base_handler.py:base_handler:115): Processing POST request...
2026-04-30,16:57:23 [INFO] (base_handler.py:base_handler:115): function to evaluate=def _user_script(tabpy, _arg1):
 import pandas as pd
 def get_output_schema():
 	return '88bcc9a0-3d33-4796-9f5e-c6ac01f67442'
 def prep_string():
 	return ['prep_string_type']
 def prep_bool():
 	return ['prep_bool_type']
 def prep_int():
 	return ['prep_int_type']
 def prep_decimal():
     return ['prep_decimal_type']
 def prep_date():
 	return ['prep_date_type']
 def prep_datetime():
 	return ['prep_datetime_type']
 #!/usr/bin/env python
 # coding: utf-8
 
 # import libraries
 
 import pandas as pd
 import matplotlib.pyplot as plt
 
 from sklearn.preprocessing import StandardScaler
 from sklearn.svm import OneClassSVM
 
 # Function
 def detect_outliers(input_df, outliers_fraction=0.05):
     
     # Sorting it by the Date Column
     df = input_df.sort_values('date')
 
     # Taking Sum of the Amounts on a given day (Remove if unique 'amount' on a given day)
     df = pd.pivot_table(df, index='date', values='amount', aggfunc='sum')
     df = df.reset_index()
 
     # Scaling the Data
     scaler = StandardScaler()
     scaled_data = scaler.fit_transform(pd.DataFrame(df['amount']))
     data = pd.DataFrame(scaled_data)
 
     # Training the OneClassSVM
     model = OneClassSVM(nu=outliers_fraction, kernel="rbf", gamma=0.1)
     model.fit(data)
 
     # Getting the Predicted Outliers
     df['anomaly'] = pd.Series(model.predict(data))
 
     # Setting the 'anomaly' column as boolean
     df['anomaly'] = [True if x == -1 else False for x in df['anomaly']]
 
     output_df = input_df
     
     return df
 
 def get_output_schema():
   return pd.DataFrame({
     'date' : prep_date(),
     'amount' : prep_decimal(), 
     'anomaly' : prep_bool()
 })
 def get_output_schema_3cfde641d679414e813c01d3eabe92c8(df = pd.DataFrame()):
     import inspect
     if len(inspect.getfullargspec(get_output_schema).args) == 0:
         return get_output_schema()
     else:
         return get_output_schema(df)
 result_schema_output = get_output_schema_3cfde641d679414e813c01d3eabe92c8(pd.DataFrame(_arg1))
 return result_schema_output.to_dict(orient='split') if isinstance(result_schema_output, pd.DataFrame) else result_schema_output

2026-04-30,16:57:23 [INFO] (web.py:web:2439): 200 POST /evaluate (127.0.0.1) 25.47ms
2026-04-30,16:57:23 [DEBUG] (base_handler.py:base_handler:115): Checking if need to handle authentication
2026-04-30,16:57:23 [DEBUG] (base_handler.py:base_handler:115): Handling authentication
2026-04-30,16:57:23 [INFO] (base_handler.py:base_handler:115): Authentication is not a required feature for API "v1"
2026-04-30,16:57:23 [DEBUG] (base_handler.py:base_handler:115): Checking request headers for authentication data
2026-04-30,16:57:23 [INFO] (base_handler.py:base_handler:115): Authorization header not found
2026-04-30,16:57:23 [DEBUG] (base_handler.py:base_handler:115): authentication not required, username and password are none
2026-04-30,16:57:23 [DEBUG] (state.py:state:526): Collecting Access-Control-Allow-Origin from state file ...
2026-04-30,16:57:23 [DEBUG] (state.py:state:628): Loading option 'Access-Control-Allow-Origin' from section [Service Info]...
2026-04-30,16:57:23 [DEBUG] (state.py:state:650): Returning value ''
2026-04-30,16:57:23 [DEBUG] (state.py:state:628): Loading option 'Access-Control-Allow-Headers' from section [Service Info]...
2026-04-30,16:57:23 [DEBUG] (state.py:state:650): Returning value ''
2026-04-30,16:57:23 [DEBUG] (state.py:state:628): Loading option 'Access-Control-Allow-Methods' from section [Service Info]...
2026-04-30,16:57:23 [DEBUG] (state.py:state:650): Returning value ''
2026-04-30,16:57:23 [DEBUG] (base_handler.py:base_handler:115): Processing POST request...
2026-04-30,16:57:23 [INFO] (base_handler.py:base_handler:115): function to evaluate=def _user_script(tabpy, _arg1):
 import pandas as pd
 def get_output_schema():
 	return '88bcc9a0-3d33-4796-9f5e-c6ac01f67442'
 def prep_string():
 	return ['prep_string_type']
 def prep_bool():
 	return ['prep_bool_type']
 def prep_int():
 	return ['prep_int_type']
 def prep_decimal():
     return ['prep_decimal_type']
 def prep_date():
 	return ['prep_date_type']
 def prep_datetime():
 	return ['prep_datetime_type']
 #!/usr/bin/env python
 # coding: utf-8
 
 # import libraries
 
 import pandas as pd
 import matplotlib.pyplot as plt
 
 from sklearn.preprocessing import StandardScaler
 from sklearn.svm import OneClassSVM
 
 # Function
 def detect_outliers(input_df, outliers_fraction=0.05):
     
     # Sorting it by the Date Column
     df = input_df.sort_values('date')
 
     # Taking Sum of the Amounts on a given day (Remove if unique 'amount' on a given day)
     df = pd.pivot_table(df, index='date', values='amount', aggfunc='sum')
     df = df.reset_index()
 
     # Scaling the Data
     scaler = StandardScaler()
     scaled_data = scaler.fit_transform(pd.DataFrame(df['amount']))
     data = pd.DataFrame(scaled_data)
 
     # Training the OneClassSVM
     model = OneClassSVM(nu=outliers_fraction, kernel="rbf", gamma=0.1)
     model.fit(data)
 
     # Getting the Predicted Outliers
     df['anomaly'] = pd.Series(model.predict(data))
 
     # Setting the 'anomaly' column as boolean
     df['anomaly'] = [True if x == -1 else False for x in df['anomaly']]
 
     output_df = input_df
     
     return df
 
 def get_output_schema():
   return pd.DataFrame({
     'date' : prep_date(),
     'amount' : prep_decimal(), 
     'anomaly' : prep_bool()
 })
 def get_output_schema_3cfde641d679414e813c01d3eabe92c8(df = pd.DataFrame()):
     import inspect
     if len(inspect.getfullargspec(get_output_schema).args) == 0:
         return get_output_schema()
     else:
         return get_output_schema(df)
 result_schema_output = get_output_schema_3cfde641d679414e813c01d3eabe92c8(pd.DataFrame(_arg1))
 return result_schema_output.to_dict(orient='split') if isinstance(result_schema_output, pd.DataFrame) else result_schema_output

2026-04-30,16:57:23 [INFO] (web.py:web:2439): 200 POST /evaluate (127.0.0.1) 11.82ms
2026-04-30,16:57:25 [DEBUG] (base_handler.py:base_handler:115): Checking if need to handle authentication
2026-04-30,16:57:25 [DEBUG] (base_handler.py:base_handler:115): Handling authentication
2026-04-30,16:57:25 [INFO] (base_handler.py:base_handler:115): Authentication is not a required feature for API "v1"
2026-04-30,16:57:25 [DEBUG] (base_handler.py:base_handler:115): Checking request headers for authentication data
2026-04-30,16:57:25 [INFO] (base_handler.py:base_handler:115): Authorization header not found
2026-04-30,16:57:25 [DEBUG] (base_handler.py:base_handler:115): authentication not required, username and password are none
2026-04-30,16:57:25 [DEBUG] (state.py:state:526): Collecting Access-Control-Allow-Origin from state file ...
2026-04-30,16:57:25 [DEBUG] (state.py:state:628): Loading option 'Access-Control-Allow-Origin' from section [Service Info]...
2026-04-30,16:57:25 [DEBUG] (state.py:state:650): Returning value ''
2026-04-30,16:57:25 [DEBUG] (state.py:state:628): Loading option 'Access-Control-Allow-Headers' from section [Service Info]...
2026-04-30,16:57:25 [DEBUG] (state.py:state:650): Returning value ''
2026-04-30,16:57:25 [DEBUG] (state.py:state:628): Loading option 'Access-Control-Allow-Methods' from section [Service Info]...
2026-04-30,16:57:25 [DEBUG] (state.py:state:650): Returning value ''
2026-04-30,16:57:25 [DEBUG] (base_handler.py:base_handler:115): Processing POST request...
2026-04-30,16:57:25 [INFO] (base_handler.py:base_handler:115): function to evaluate=def _user_script(tabpy, _arg1):
 import pandas as pd
 def get_output_schema():
 	return '88bcc9a0-3d33-4796-9f5e-c6ac01f67442'
 def prep_string():
 	return ['prep_string_type']
 def prep_bool():
 	return ['prep_bool_type']
 def prep_int():
 	return ['prep_int_type']
 def prep_decimal():
     return ['prep_decimal_type']
 def prep_date():
 	return ['prep_date_type']
 def prep_datetime():
 	return ['prep_datetime_type']
 #!/usr/bin/env python
 # coding: utf-8
 
 # import libraries
 
 import pandas as pd
 import matplotlib.pyplot as plt
 
 from sklearn.preprocessing import StandardScaler
 from sklearn.svm import OneClassSVM
 
 # Function
 def detect_outliers(input_df, outliers_fraction=0.05):
     
     # Sorting it by the Date Column
     df = input_df.sort_values('date')
 
     # Taking Sum of the Amounts on a given day (Remove if unique 'amount' on a given day)
     df = pd.pivot_table(df, index='date', values='amount', aggfunc='sum')
     df = df.reset_index()
 
     # Scaling the Data
     scaler = StandardScaler()
     scaled_data = scaler.fit_transform(pd.DataFrame(df['amount']))
     data = pd.DataFrame(scaled_data)
 
     # Training the OneClassSVM
     model = OneClassSVM(nu=outliers_fraction, kernel="rbf", gamma=0.1)
     model.fit(data)
 
     # Getting the Predicted Outliers
     df['anomaly'] = pd.Series(model.predict(data))
 
     # Setting the 'anomaly' column as boolean
     df['anomaly'] = [True if x == -1 else False for x in df['anomaly']]
 
     output_df = input_df
     
     return df
 
 def get_output_schema():
   return pd.DataFrame({
     'date' : prep_date(),
     'amount' : prep_decimal(), 
     'anomaly' : prep_bool()
 })
 def get_output_schema_3cfde641d679414e813c01d3eabe92c8(df = pd.DataFrame()):
     import inspect
     if len(inspect.getfullargspec(get_output_schema).args) == 0:
         return get_output_schema()
     else:
         return get_output_schema(df)
 result_schema_output = get_output_schema_3cfde641d679414e813c01d3eabe92c8(pd.DataFrame(_arg1))
 return result_schema_output.to_dict(orient='split') if isinstance(result_schema_output, pd.DataFrame) else result_schema_output

2026-04-30,16:57:25 [INFO] (web.py:web:2439): 200 POST /evaluate (127.0.0.1) 8.65ms
2026-04-30,16:57:25 [DEBUG] (base_handler.py:base_handler:115): Checking if need to handle authentication
2026-04-30,16:57:25 [DEBUG] (base_handler.py:base_handler:115): Handling authentication
2026-04-30,16:57:25 [INFO] (base_handler.py:base_handler:115): Authentication is not a required feature for API "v1"
2026-04-30,16:57:25 [DEBUG] (base_handler.py:base_handler:115): Checking request headers for authentication data
2026-04-30,16:57:25 [INFO] (base_handler.py:base_handler:115): Authorization header not found
2026-04-30,16:57:25 [DEBUG] (base_handler.py:base_handler:115): authentication not required, username and password are none
2026-04-30,16:57:25 [DEBUG] (state.py:state:526): Collecting Access-Control-Allow-Origin from state file ...
2026-04-30,16:57:25 [DEBUG] (state.py:state:628): Loading option 'Access-Control-Allow-Origin' from section [Service Info]...
2026-04-30,16:57:25 [DEBUG] (state.py:state:650): Returning value ''
2026-04-30,16:57:25 [DEBUG] (state.py:state:628): Loading option 'Access-Control-Allow-Headers' from section [Service Info]...
2026-04-30,16:57:25 [DEBUG] (state.py:state:650): Returning value ''
2026-04-30,16:57:25 [DEBUG] (state.py:state:628): Loading option 'Access-Control-Allow-Methods' from section [Service Info]...
2026-04-30,16:57:25 [DEBUG] (state.py:state:650): Returning value ''
2026-04-30,16:57:25 [DEBUG] (base_handler.py:base_handler:115): Processing POST request...
2026-04-30,16:57:25 [INFO] (base_handler.py:base_handler:115): function to evaluate=def _user_script(tabpy, _arg1):
 import pandas as pd
 def get_output_schema():
 	return '88bcc9a0-3d33-4796-9f5e-c6ac01f67442'
 def prep_string():
 	return ['prep_string_type']
 def prep_bool():
 	return ['prep_bool_type']
 def prep_int():
 	return ['prep_int_type']
 def prep_decimal():
     return ['prep_decimal_type']
 def prep_date():
 	return ['prep_date_type']
 def prep_datetime():
 	return ['prep_datetime_type']
 #!/usr/bin/env python
 # coding: utf-8
 
 # import libraries
 
 import pandas as pd
 import matplotlib.pyplot as plt
 
 from sklearn.preprocessing import StandardScaler
 from sklearn.svm import OneClassSVM
 
 # Function
 def detect_outliers(input_df, outliers_fraction=0.05):
     
     # Sorting it by the Date Column
     df = input_df.sort_values('date')
 
     # Taking Sum of the Amounts on a given day (Remove if unique 'amount' on a given day)
     df = pd.pivot_table(df, index='date', values='amount', aggfunc='sum')
     df = df.reset_index()
 
     # Scaling the Data
     scaler = StandardScaler()
     scaled_data = scaler.fit_transform(pd.DataFrame(df['amount']))
     data = pd.DataFrame(scaled_data)
 
     # Training the OneClassSVM
     model = OneClassSVM(nu=outliers_fraction, kernel="rbf", gamma=0.1)
     model.fit(data)
 
     # Getting the Predicted Outliers
     df['anomaly'] = pd.Series(model.predict(data))
 
     # Setting the 'anomaly' column as boolean
     df['anomaly'] = [True if x == -1 else False for x in df['anomaly']]
 
     output_df = input_df
     
     return df
 
 def get_output_schema():
   return pd.DataFrame({
     'date' : prep_date(),
     'amount' : prep_decimal(), 
     'anomaly' : prep_bool()
 })
 def get_output_schema_3cfde641d679414e813c01d3eabe92c8(df = pd.DataFrame()):
     import inspect
     if len(inspect.getfullargspec(get_output_schema).args) == 0:
         return get_output_schema()
     else:
         return get_output_schema(df)
 result_schema_output = get_output_schema_3cfde641d679414e813c01d3eabe92c8(pd.DataFrame(_arg1))
 return result_schema_output.to_dict(orient='split') if isinstance(result_schema_output, pd.DataFrame) else result_schema_output

2026-04-30,16:57:25 [INFO] (web.py:web:2439): 200 POST /evaluate (127.0.0.1) 11.52ms
2026-04-30,16:57:29 [DEBUG] (base_handler.py:base_handler:115): Checking if need to handle authentication
2026-04-30,16:57:29 [DEBUG] (base_handler.py:base_handler:115): Handling authentication
2026-04-30,16:57:29 [INFO] (base_handler.py:base_handler:115): Authentication is not a required feature for API "v1"
2026-04-30,16:57:29 [DEBUG] (base_handler.py:base_handler:115): Checking request headers for authentication data
2026-04-30,16:57:29 [INFO] (base_handler.py:base_handler:115): Authorization header not found
2026-04-30,16:57:29 [DEBUG] (base_handler.py:base_handler:115): authentication not required, username and password are none
2026-04-30,16:57:29 [DEBUG] (state.py:state:526): Collecting Access-Control-Allow-Origin from state file ...
2026-04-30,16:57:29 [DEBUG] (state.py:state:628): Loading option 'Access-Control-Allow-Origin' from section [Service Info]...
2026-04-30,16:57:29 [DEBUG] (state.py:state:650): Returning value ''
2026-04-30,16:57:29 [DEBUG] (state.py:state:628): Loading option 'Access-Control-Allow-Headers' from section [Service Info]...
2026-04-30,16:57:29 [DEBUG] (state.py:state:650): Returning value ''
2026-04-30,16:57:29 [DEBUG] (state.py:state:628): Loading option 'Access-Control-Allow-Methods' from section [Service Info]...
2026-04-30,16:57:29 [DEBUG] (state.py:state:650): Returning value ''
2026-04-30,16:57:29 [DEBUG] (base_handler.py:base_handler:115): Processing POST request...
2026-04-30,16:57:29 [INFO] (base_handler.py:base_handler:115): function to evaluate=def _user_script(tabpy, _arg1):
 import pandas as pd
 def get_output_schema():
 	return '88bcc9a0-3d33-4796-9f5e-c6ac01f67442'
 def prep_string():
 	return ['prep_string_type']
 def prep_bool():
 	return ['prep_bool_type']
 def prep_int():
 	return ['prep_int_type']
 def prep_decimal():
     return ['prep_decimal_type']
 def prep_date():
 	return ['prep_date_type']
 def prep_datetime():
 	return ['prep_datetime_type']
 #!/usr/bin/env python
 # coding: utf-8
 
 # import libraries
 
 import pandas as pd
 import matplotlib.pyplot as plt
 
 from sklearn.preprocessing import StandardScaler
 from sklearn.svm import OneClassSVM
 
 # Function
 def detect_outliers(input_df, outliers_fraction=0.05):
     
     # Sorting it by the Date Column
     df = input_df.sort_values('date')
 
     # Taking Sum of the Amounts on a given day (Remove if unique 'amount' on a given day)
     df = pd.pivot_table(df, index='date', values='amount', aggfunc='sum')
     df = df.reset_index()
 
     # Scaling the Data
     scaler = StandardScaler()
     scaled_data = scaler.fit_transform(pd.DataFrame(df['amount']))
     data = pd.DataFrame(scaled_data)
 
     # Training the OneClassSVM
     model = OneClassSVM(nu=outliers_fraction, kernel="rbf", gamma=0.1)
     model.fit(data)
 
     # Getting the Predicted Outliers
     df['anomaly'] = pd.Series(model.predict(data))
 
     # Setting the 'anomaly' column as boolean
     df['anomaly'] = [True if x == -1 else False for x in df['anomaly']]
 
     output_df = input_df
     
     return df
 
 def get_output_schema():
   return pd.DataFrame({
     'date' : prep_date(),
     'amount' : prep_decimal(), 
     'anomaly' : prep_bool()
 })
 def get_output_schema_3cfde641d679414e813c01d3eabe92c8(df = pd.DataFrame()):
     import inspect
     if len(inspect.getfullargspec(get_output_schema).args) == 0:
         return get_output_schema()
     else:
         return get_output_schema(df)
 result_schema_output = get_output_schema_3cfde641d679414e813c01d3eabe92c8(pd.DataFrame(_arg1))
 return result_schema_output.to_dict(orient='split') if isinstance(result_schema_output, pd.DataFrame) else result_schema_output

2026-04-30,16:57:29 [INFO] (web.py:web:2439): 200 POST /evaluate (127.0.0.1) 14.83ms
2026-04-30,16:57:29 [DEBUG] (base_handler.py:base_handler:115): Checking if need to handle authentication
2026-04-30,16:57:29 [DEBUG] (base_handler.py:base_handler:115): Handling authentication
2026-04-30,16:57:29 [INFO] (base_handler.py:base_handler:115): Authentication is not a required feature for API "v1"
2026-04-30,16:57:29 [DEBUG] (base_handler.py:base_handler:115): Checking request headers for authentication data
2026-04-30,16:57:29 [INFO] (base_handler.py:base_handler:115): Authorization header not found
2026-04-30,16:57:29 [DEBUG] (base_handler.py:base_handler:115): authentication not required, username and password are none
2026-04-30,16:57:29 [DEBUG] (state.py:state:526): Collecting Access-Control-Allow-Origin from state file ...
2026-04-30,16:57:29 [DEBUG] (state.py:state:628): Loading option 'Access-Control-Allow-Origin' from section [Service Info]...
2026-04-30,16:57:29 [DEBUG] (state.py:state:650): Returning value ''
2026-04-30,16:57:29 [DEBUG] (state.py:state:628): Loading option 'Access-Control-Allow-Headers' from section [Service Info]...
2026-04-30,16:57:29 [DEBUG] (state.py:state:650): Returning value ''
2026-04-30,16:57:29 [DEBUG] (state.py:state:628): Loading option 'Access-Control-Allow-Methods' from section [Service Info]...
2026-04-30,16:57:29 [DEBUG] (state.py:state:650): Returning value ''
2026-04-30,16:57:29 [DEBUG] (base_handler.py:base_handler:115): Processing POST request...
2026-04-30,16:57:29 [INFO] (base_handler.py:base_handler:115): function to evaluate=def _user_script(tabpy, _arg1):
 import pandas as pd
 def get_output_schema():
 	return '88bcc9a0-3d33-4796-9f5e-c6ac01f67442'
 def prep_string():
 	return ['prep_string_type']
 def prep_bool():
 	return ['prep_bool_type']
 def prep_int():
 	return ['prep_int_type']
 def prep_decimal():
     return ['prep_decimal_type']
 def prep_date():
 	return ['prep_date_type']
 def prep_datetime():
 	return ['prep_datetime_type']
 #!/usr/bin/env python
 # coding: utf-8
 
 # import libraries
 
 import pandas as pd
 import matplotlib.pyplot as plt
 
 from sklearn.preprocessing import StandardScaler
 from sklearn.svm import OneClassSVM
 
 # Function
 def detect_outliers(input_df, outliers_fraction=0.05):
     
     # Sorting it by the Date Column
     df = input_df.sort_values('date')
 
     # Taking Sum of the Amounts on a given day (Remove if unique 'amount' on a given day)
     df = pd.pivot_table(df, index='date', values='amount', aggfunc='sum')
     df = df.reset_index()
 
     # Scaling the Data
     scaler = StandardScaler()
     scaled_data = scaler.fit_transform(pd.DataFrame(df['amount']))
     data = pd.DataFrame(scaled_data)
 
     # Training the OneClassSVM
     model = OneClassSVM(nu=outliers_fraction, kernel="rbf", gamma=0.1)
     model.fit(data)
 
     # Getting the Predicted Outliers
     df['anomaly'] = pd.Series(model.predict(data))
 
     # Setting the 'anomaly' column as boolean
     df['anomaly'] = [True if x == -1 else False for x in df['anomaly']]
 
     output_df = input_df
     
     return df
 
 def get_output_schema():
   return pd.DataFrame({
     'date' : prep_date(),
     'amount' : prep_decimal(), 
     'anomaly' : prep_bool()
 })
 def get_output_schema_3cfde641d679414e813c01d3eabe92c8(df = pd.DataFrame()):
     import inspect
     if len(inspect.getfullargspec(get_output_schema).args) == 0:
         return get_output_schema()
     else:
         return get_output_schema(df)
 result_schema_output = get_output_schema_3cfde641d679414e813c01d3eabe92c8(pd.DataFrame(_arg1))
 return result_schema_output.to_dict(orient='split') if isinstance(result_schema_output, pd.DataFrame) else result_schema_output

2026-04-30,16:57:29 [INFO] (web.py:web:2439): 200 POST /evaluate (127.0.0.1) 16.44ms
2026-04-30,16:57:35 [DEBUG] (base_handler.py:base_handler:115): Checking if need to handle authentication
2026-04-30,16:57:35 [DEBUG] (base_handler.py:base_handler:115): Handling authentication
2026-04-30,16:57:35 [INFO] (base_handler.py:base_handler:115): Authentication is not a required feature for API "v1"
2026-04-30,16:57:35 [DEBUG] (base_handler.py:base_handler:115): Checking request headers for authentication data
2026-04-30,16:57:35 [INFO] (base_handler.py:base_handler:115): Authorization header not found
2026-04-30,16:57:35 [DEBUG] (base_handler.py:base_handler:115): authentication not required, username and password are none
2026-04-30,16:57:35 [DEBUG] (state.py:state:526): Collecting Access-Control-Allow-Origin from state file ...
2026-04-30,16:57:35 [DEBUG] (state.py:state:628): Loading option 'Access-Control-Allow-Origin' from section [Service Info]...
2026-04-30,16:57:35 [DEBUG] (state.py:state:650): Returning value ''
2026-04-30,16:57:35 [DEBUG] (state.py:state:628): Loading option 'Access-Control-Allow-Headers' from section [Service Info]...
2026-04-30,16:57:35 [DEBUG] (state.py:state:650): Returning value ''
2026-04-30,16:57:35 [DEBUG] (state.py:state:628): Loading option 'Access-Control-Allow-Methods' from section [Service Info]...
2026-04-30,16:57:35 [DEBUG] (state.py:state:650): Returning value ''
2026-04-30,16:57:35 [DEBUG] (base_handler.py:base_handler:115): Processing POST request...
2026-04-30,16:57:35 [INFO] (base_handler.py:base_handler:115): function to evaluate=def _user_script(tabpy, _arg1):
 import pandas as pd
 def get_output_schema():
 	return '88bcc9a0-3d33-4796-9f5e-c6ac01f67442'
 def prep_string():
 	return ['prep_string_type']
 def prep_bool():
 	return ['prep_bool_type']
 def prep_int():
 	return ['prep_int_type']
 def prep_decimal():
     return ['prep_decimal_type']
 def prep_date():
 	return ['prep_date_type']
 def prep_datetime():
 	return ['prep_datetime_type']
 #!/usr/bin/env python
 # coding: utf-8
 
 # import libraries
 
 import pandas as pd
 import matplotlib.pyplot as plt
 
 from sklearn.preprocessing import StandardScaler
 from sklearn.svm import OneClassSVM
 
 # Function
 def detect_outliers(input_df, outliers_fraction=0.05):
     
     # Sorting it by the Date Column
     df = input_df.sort_values('date')
 
     # Taking Sum of the Amounts on a given day (Remove if unique 'amount' on a given day)
     df = pd.pivot_table(df, index='date', values='amount', aggfunc='sum')
     df = df.reset_index()
 
     # Scaling the Data
     scaler = StandardScaler()
     scaled_data = scaler.fit_transform(pd.DataFrame(df['amount']))
     data = pd.DataFrame(scaled_data)
 
     # Training the OneClassSVM
     model = OneClassSVM(nu=outliers_fraction, kernel="rbf", gamma=0.1)
     model.fit(data)
 
     # Getting the Predicted Outliers
     df['anomaly'] = pd.Series(model.predict(data))
 
     # Setting the 'anomaly' column as boolean
     df['anomaly'] = [True if x == -1 else False for x in df['anomaly']]
 
     output_df = input_df
     
     return df
 
 def get_output_schema():
   return pd.DataFrame({
     'date' : prep_date(),
     'amount' : prep_decimal(), 
     'anomaly' : prep_bool()
 })
 def get_output_schema_3cfde641d679414e813c01d3eabe92c8(df = pd.DataFrame()):
     import inspect
     if len(inspect.getfullargspec(get_output_schema).args) == 0:
         return get_output_schema()
     else:
         return get_output_schema(df)
 result_schema_output = get_output_schema_3cfde641d679414e813c01d3eabe92c8(pd.DataFrame(_arg1))
 return result_schema_output.to_dict(orient='split') if isinstance(result_schema_output, pd.DataFrame) else result_schema_output

2026-04-30,16:57:35 [INFO] (web.py:web:2439): 200 POST /evaluate (127.0.0.1) 10.75ms
2026-04-30,16:57:35 [DEBUG] (base_handler.py:base_handler:115): Checking if need to handle authentication
2026-04-30,16:57:35 [DEBUG] (base_handler.py:base_handler:115): Handling authentication
2026-04-30,16:57:35 [INFO] (base_handler.py:base_handler:115): Authentication is not a required feature for API "v1"
2026-04-30,16:57:35 [DEBUG] (base_handler.py:base_handler:115): Checking request headers for authentication data
2026-04-30,16:57:35 [INFO] (base_handler.py:base_handler:115): Authorization header not found
2026-04-30,16:57:35 [DEBUG] (base_handler.py:base_handler:115): authentication not required, username and password are none
2026-04-30,16:57:35 [DEBUG] (state.py:state:526): Collecting Access-Control-Allow-Origin from state file ...
2026-04-30,16:57:35 [DEBUG] (state.py:state:628): Loading option 'Access-Control-Allow-Origin' from section [Service Info]...
2026-04-30,16:57:35 [DEBUG] (state.py:state:650): Returning value ''
2026-04-30,16:57:35 [DEBUG] (state.py:state:628): Loading option 'Access-Control-Allow-Headers' from section [Service Info]...
2026-04-30,16:57:35 [DEBUG] (state.py:state:650): Returning value ''
2026-04-30,16:57:35 [DEBUG] (state.py:state:628): Loading option 'Access-Control-Allow-Methods' from section [Service Info]...
2026-04-30,16:57:35 [DEBUG] (state.py:state:650): Returning value ''
2026-04-30,16:57:35 [DEBUG] (base_handler.py:base_handler:115): Processing POST request...
2026-04-30,16:57:35 [INFO] (base_handler.py:base_handler:115): function to evaluate=def _user_script(tabpy, _arg1):
 import pandas as pd
 def get_output_schema():
 	return '88bcc9a0-3d33-4796-9f5e-c6ac01f67442'
 def prep_string():
 	return ['prep_string_type']
 def prep_bool():
 	return ['prep_bool_type']
 def prep_int():
 	return ['prep_int_type']
 def prep_decimal():
     return ['prep_decimal_type']
 def prep_date():
 	return ['prep_date_type']
 def prep_datetime():
 	return ['prep_datetime_type']
 #!/usr/bin/env python
 # coding: utf-8
 
 # import libraries
 
 import pandas as pd
 import matplotlib.pyplot as plt
 
 from sklearn.preprocessing import StandardScaler
 from sklearn.svm import OneClassSVM
 
 # Function
 def detect_outliers(input_df, outliers_fraction=0.05):
     
     # Sorting it by the Date Column
     df = input_df.sort_values('date')
 
     # Taking Sum of the Amounts on a given day (Remove if unique 'amount' on a given day)
     df = pd.pivot_table(df, index='date', values='amount', aggfunc='sum')
     df = df.reset_index()
 
     # Scaling the Data
     scaler = StandardScaler()
     scaled_data = scaler.fit_transform(pd.DataFrame(df['amount']))
     data = pd.DataFrame(scaled_data)
 
     # Training the OneClassSVM
     model = OneClassSVM(nu=outliers_fraction, kernel="rbf", gamma=0.1)
     model.fit(data)
 
     # Getting the Predicted Outliers
     df['anomaly'] = pd.Series(model.predict(data))
 
     # Setting the 'anomaly' column as boolean
     df['anomaly'] = [True if x == -1 else False for x in df['anomaly']]
 
     output_df = input_df
     
     return df
 
 def get_output_schema():
   return pd.DataFrame({
     'date' : prep_date(),
     'amount' : prep_decimal(), 
     'anomaly' : prep_bool()
 })
 def get_output_schema_3cfde641d679414e813c01d3eabe92c8(df = pd.DataFrame()):
     import inspect
     if len(inspect.getfullargspec(get_output_schema).args) == 0:
         return get_output_schema()
     else:
         return get_output_schema(df)
 result_schema_output = get_output_schema_3cfde641d679414e813c01d3eabe92c8(pd.DataFrame(_arg1))
 return result_schema_output.to_dict(orient='split') if isinstance(result_schema_output, pd.DataFrame) else result_schema_output

2026-04-30,16:57:35 [INFO] (web.py:web:2439): 200 POST /evaluate (127.0.0.1) 11.02ms
2026-04-30,16:57:35 [DEBUG] (base_handler.py:base_handler:115): Checking if need to handle authentication
2026-04-30,16:57:35 [DEBUG] (base_handler.py:base_handler:115): Handling authentication
2026-04-30,16:57:35 [INFO] (base_handler.py:base_handler:115): Authentication is not a required feature for API "v1"
2026-04-30,16:57:35 [DEBUG] (base_handler.py:base_handler:115): Checking request headers for authentication data
2026-04-30,16:57:35 [INFO] (base_handler.py:base_handler:115): Authorization header not found
2026-04-30,16:57:35 [DEBUG] (base_handler.py:base_handler:115): authentication not required, username and password are none
2026-04-30,16:57:35 [DEBUG] (state.py:state:526): Collecting Access-Control-Allow-Origin from state file ...
2026-04-30,16:57:35 [DEBUG] (state.py:state:628): Loading option 'Access-Control-Allow-Origin' from section [Service Info]...
2026-04-30,16:57:35 [DEBUG] (state.py:state:650): Returning value ''
2026-04-30,16:57:35 [DEBUG] (state.py:state:628): Loading option 'Access-Control-Allow-Headers' from section [Service Info]...
2026-04-30,16:57:35 [DEBUG] (state.py:state:650): Returning value ''
2026-04-30,16:57:35 [DEBUG] (state.py:state:628): Loading option 'Access-Control-Allow-Methods' from section [Service Info]...
2026-04-30,16:57:35 [DEBUG] (state.py:state:650): Returning value ''
2026-04-30,16:57:35 [DEBUG] (base_handler.py:base_handler:115): Processing POST request...
2026-04-30,16:57:35 [INFO] (base_handler.py:base_handler:115): function to evaluate=def _user_script(tabpy, _arg1):
 import pandas as pd
 def get_output_schema():
 	return '88bcc9a0-3d33-4796-9f5e-c6ac01f67442'
 def prep_string():
 	return ['prep_string_type']
 def prep_bool():
 	return ['prep_bool_type']
 def prep_int():
 	return ['prep_int_type']
 def prep_decimal():
     return ['prep_decimal_type']
 def prep_date():
 	return ['prep_date_type']
 def prep_datetime():
 	return ['prep_datetime_type']
 #!/usr/bin/env python
 # coding: utf-8
 
 # import libraries
 
 import pandas as pd
 import matplotlib.pyplot as plt
 
 from sklearn.preprocessing import StandardScaler
 from sklearn.svm import OneClassSVM
 
 # Function
 def detect_outliers(input_df, outliers_fraction=0.05):
     
     # Sorting it by the Date Column
     df = input_df.sort_values('date')
 
     # Taking Sum of the Amounts on a given day (Remove if unique 'amount' on a given day)
     df = pd.pivot_table(df, index='date', values='amount', aggfunc='sum')
     df = df.reset_index()
 
     # Scaling the Data
     scaler = StandardScaler()
     scaled_data = scaler.fit_transform(pd.DataFrame(df['amount']))
     data = pd.DataFrame(scaled_data)
 
     # Training the OneClassSVM
     model = OneClassSVM(nu=outliers_fraction, kernel="rbf", gamma=0.1)
     model.fit(data)
 
     # Getting the Predicted Outliers
     df['anomaly'] = pd.Series(model.predict(data))
 
     # Setting the 'anomaly' column as boolean
     df['anomaly'] = [True if x == -1 else False for x in df['anomaly']]
 
     output_df = input_df
     
     return df
 
 def get_output_schema():
   return pd.DataFrame({
     'date' : prep_date(),
     'amount' : prep_decimal(), 
     'anomaly' : prep_bool()
 })
 def get_output_schema_3cfde641d679414e813c01d3eabe92c8(df = pd.DataFrame()):
     import inspect
     if len(inspect.getfullargspec(get_output_schema).args) == 0:
         return get_output_schema()
     else:
         return get_output_schema(df)
 result_schema_output = get_output_schema_3cfde641d679414e813c01d3eabe92c8(pd.DataFrame(_arg1))
 return result_schema_output.to_dict(orient='split') if isinstance(result_schema_output, pd.DataFrame) else result_schema_output

2026-04-30,16:57:35 [INFO] (web.py:web:2439): 200 POST /evaluate (127.0.0.1) 13.31ms
2026-04-30,16:57:35 [DEBUG] (base_handler.py:base_handler:115): Checking if need to handle authentication
2026-04-30,16:57:35 [DEBUG] (base_handler.py:base_handler:115): Handling authentication
2026-04-30,16:57:35 [INFO] (base_handler.py:base_handler:115): Authentication is not a required feature for API "v1"
2026-04-30,16:57:35 [DEBUG] (base_handler.py:base_handler:115): Checking request headers for authentication data
2026-04-30,16:57:35 [INFO] (base_handler.py:base_handler:115): Authorization header not found
2026-04-30,16:57:35 [DEBUG] (base_handler.py:base_handler:115): authentication not required, username and password are none
2026-04-30,16:57:35 [DEBUG] (state.py:state:526): Collecting Access-Control-Allow-Origin from state file ...
2026-04-30,16:57:35 [DEBUG] (state.py:state:628): Loading option 'Access-Control-Allow-Origin' from section [Service Info]...
2026-04-30,16:57:35 [DEBUG] (state.py:state:650): Returning value ''
2026-04-30,16:57:35 [DEBUG] (state.py:state:628): Loading option 'Access-Control-Allow-Headers' from section [Service Info]...
2026-04-30,16:57:35 [DEBUG] (state.py:state:650): Returning value ''
2026-04-30,16:57:35 [DEBUG] (state.py:state:628): Loading option 'Access-Control-Allow-Methods' from section [Service Info]...
2026-04-30,16:57:35 [DEBUG] (state.py:state:650): Returning value ''
2026-04-30,16:57:35 [DEBUG] (base_handler.py:base_handler:115): Processing POST request...
2026-04-30,16:57:35 [INFO] (base_handler.py:base_handler:115): function to evaluate=def _user_script(tabpy, _arg1):
 import pandas as pd
 def get_output_schema():
 	return '88bcc9a0-3d33-4796-9f5e-c6ac01f67442'
 def prep_string():
 	return ['prep_string_type']
 def prep_bool():
 	return ['prep_bool_type']
 def prep_int():
 	return ['prep_int_type']
 def prep_decimal():
     return ['prep_decimal_type']
 def prep_date():
 	return ['prep_date_type']
 def prep_datetime():
 	return ['prep_datetime_type']
 #!/usr/bin/env python
 # coding: utf-8
 
 # import libraries
 
 import pandas as pd
 import matplotlib.pyplot as plt
 
 from sklearn.preprocessing import StandardScaler
 from sklearn.svm import OneClassSVM
 
 # Function
 def detect_outliers(input_df, outliers_fraction=0.05):
     
     # Sorting it by the Date Column
     df = input_df.sort_values('date')
 
     # Taking Sum of the Amounts on a given day (Remove if unique 'amount' on a given day)
     df = pd.pivot_table(df, index='date', values='amount', aggfunc='sum')
     df = df.reset_index()
 
     # Scaling the Data
     scaler = StandardScaler()
     scaled_data = scaler.fit_transform(pd.DataFrame(df['amount']))
     data = pd.DataFrame(scaled_data)
 
     # Training the OneClassSVM
     model = OneClassSVM(nu=outliers_fraction, kernel="rbf", gamma=0.1)
     model.fit(data)
 
     # Getting the Predicted Outliers
     df['anomaly'] = pd.Series(model.predict(data))
 
     # Setting the 'anomaly' column as boolean
     df['anomaly'] = [True if x == -1 else False for x in df['anomaly']]
 
     output_df = input_df
     
     return df
 
 def get_output_schema():
   return pd.DataFrame({
     'date' : prep_date(),
     'amount' : prep_decimal(), 
     'anomaly' : prep_bool()
 })
 def get_output_schema_3cfde641d679414e813c01d3eabe92c8(df = pd.DataFrame()):
     import inspect
     if len(inspect.getfullargspec(get_output_schema).args) == 0:
         return get_output_schema()
     else:
         return get_output_schema(df)
 result_schema_output = get_output_schema_3cfde641d679414e813c01d3eabe92c8(pd.DataFrame(_arg1))
 return result_schema_output.to_dict(orient='split') if isinstance(result_schema_output, pd.DataFrame) else result_schema_output

2026-04-30,16:57:35 [INFO] (web.py:web:2439): 200 POST /evaluate (127.0.0.1) 11.15ms
2026-04-30,16:57:40 [DEBUG] (base_handler.py:base_handler:115): Checking if need to handle authentication
2026-04-30,16:57:40 [DEBUG] (base_handler.py:base_handler:115): Handling authentication
2026-04-30,16:57:40 [INFO] (base_handler.py:base_handler:115): Authentication is not a required feature for API "v1"
2026-04-30,16:57:40 [DEBUG] (base_handler.py:base_handler:115): Checking request headers for authentication data
2026-04-30,16:57:40 [INFO] (base_handler.py:base_handler:115): Authorization header not found
2026-04-30,16:57:40 [DEBUG] (base_handler.py:base_handler:115): authentication not required, username and password are none
2026-04-30,16:57:40 [DEBUG] (state.py:state:526): Collecting Access-Control-Allow-Origin from state file ...
2026-04-30,16:57:40 [DEBUG] (state.py:state:628): Loading option 'Access-Control-Allow-Origin' from section [Service Info]...
2026-04-30,16:57:40 [DEBUG] (state.py:state:650): Returning value ''
2026-04-30,16:57:40 [DEBUG] (state.py:state:628): Loading option 'Access-Control-Allow-Headers' from section [Service Info]...
2026-04-30,16:57:40 [DEBUG] (state.py:state:650): Returning value ''
2026-04-30,16:57:40 [DEBUG] (state.py:state:628): Loading option 'Access-Control-Allow-Methods' from section [Service Info]...
2026-04-30,16:57:40 [DEBUG] (state.py:state:650): Returning value ''
2026-04-30,16:57:40 [DEBUG] (base_handler.py:base_handler:115): Processing POST request...
2026-04-30,16:57:40 [INFO] (base_handler.py:base_handler:115): function to evaluate=def _user_script(tabpy, _arg1):
 import pandas as pd
 def get_output_schema():
 	return '88bcc9a0-3d33-4796-9f5e-c6ac01f67442'
 def prep_string():
 	return ['prep_string_type']
 def prep_bool():
 	return ['prep_bool_type']
 def prep_int():
 	return ['prep_int_type']
 def prep_decimal():
     return ['prep_decimal_type']
 def prep_date():
 	return ['prep_date_type']
 def prep_datetime():
 	return ['prep_datetime_type']
 #!/usr/bin/env python
 # coding: utf-8
 
 # import libraries
 
 import pandas as pd
 import matplotlib.pyplot as plt
 
 from sklearn.preprocessing import StandardScaler
 from sklearn.svm import OneClassSVM
 
 # Function
 def detect_outliers(input_df, outliers_fraction=0.05):
     
     # Sorting it by the Date Column
     df = input_df.sort_values('date')
 
     # Taking Sum of the Amounts on a given day (Remove if unique 'amount' on a given day)
     df = pd.pivot_table(df, index='date', values='amount', aggfunc='sum')
     df = df.reset_index()
 
     # Scaling the Data
     scaler = StandardScaler()
     scaled_data = scaler.fit_transform(pd.DataFrame(df['amount']))
     data = pd.DataFrame(scaled_data)
 
     # Training the OneClassSVM
     model = OneClassSVM(nu=outliers_fraction, kernel="rbf", gamma=0.1)
     model.fit(data)
 
     # Getting the Predicted Outliers
     df['anomaly'] = pd.Series(model.predict(data))
 
     # Setting the 'anomaly' column as boolean
     df['anomaly'] = [True if x == -1 else False for x in df['anomaly']]
 
     output_df = input_df
     
     return df
 
 def get_output_schema():
   return pd.DataFrame({
     'date' : prep_date(),
     'amount' : prep_decimal(), 
     'anomaly' : prep_bool()
 })
 def get_output_schema_3cfde641d679414e813c01d3eabe92c8(df = pd.DataFrame()):
     import inspect
     if len(inspect.getfullargspec(get_output_schema).args) == 0:
         return get_output_schema()
     else:
         return get_output_schema(df)
 result_schema_output = get_output_schema_3cfde641d679414e813c01d3eabe92c8(pd.DataFrame(_arg1))
 return result_schema_output.to_dict(orient='split') if isinstance(result_schema_output, pd.DataFrame) else result_schema_output

2026-04-30,16:57:40 [INFO] (web.py:web:2439): 200 POST /evaluate (127.0.0.1) 9.31ms
2026-04-30,16:57:40 [DEBUG] (base_handler.py:base_handler:115): Checking if need to handle authentication
2026-04-30,16:57:40 [DEBUG] (base_handler.py:base_handler:115): Handling authentication
2026-04-30,16:57:40 [INFO] (base_handler.py:base_handler:115): Authentication is not a required feature for API "v1"
2026-04-30,16:57:40 [DEBUG] (base_handler.py:base_handler:115): Checking request headers for authentication data
2026-04-30,16:57:40 [INFO] (base_handler.py:base_handler:115): Authorization header not found
2026-04-30,16:57:40 [DEBUG] (base_handler.py:base_handler:115): authentication not required, username and password are none
2026-04-30,16:57:40 [DEBUG] (state.py:state:526): Collecting Access-Control-Allow-Origin from state file ...
2026-04-30,16:57:40 [DEBUG] (state.py:state:628): Loading option 'Access-Control-Allow-Origin' from section [Service Info]...
2026-04-30,16:57:40 [DEBUG] (state.py:state:650): Returning value ''
2026-04-30,16:57:40 [DEBUG] (state.py:state:628): Loading option 'Access-Control-Allow-Headers' from section [Service Info]...
2026-04-30,16:57:40 [DEBUG] (state.py:state:650): Returning value ''
2026-04-30,16:57:40 [DEBUG] (state.py:state:628): Loading option 'Access-Control-Allow-Methods' from section [Service Info]...
2026-04-30,16:57:40 [DEBUG] (state.py:state:650): Returning value ''
2026-04-30,16:57:40 [DEBUG] (base_handler.py:base_handler:115): Processing POST request...
2026-04-30,16:57:40 [INFO] (base_handler.py:base_handler:115): function to evaluate=def _user_script(tabpy, _arg1):
 import pandas as pd
 def get_output_schema():
 	return '88bcc9a0-3d33-4796-9f5e-c6ac01f67442'
 def prep_string():
 	return ['prep_string_type']
 def prep_bool():
 	return ['prep_bool_type']
 def prep_int():
 	return ['prep_int_type']
 def prep_decimal():
     return ['prep_decimal_type']
 def prep_date():
 	return ['prep_date_type']
 def prep_datetime():
 	return ['prep_datetime_type']
 #!/usr/bin/env python
 # coding: utf-8
 
 # import libraries
 
 import pandas as pd
 import matplotlib.pyplot as plt
 
 from sklearn.preprocessing import StandardScaler
 from sklearn.svm import OneClassSVM
 
 # Function
 def detect_outliers(input_df, outliers_fraction=0.05):
     
     # Sorting it by the Date Column
     df = input_df.sort_values('date')
 
     # Taking Sum of the Amounts on a given day (Remove if unique 'amount' on a given day)
     df = pd.pivot_table(df, index='date', values='amount', aggfunc='sum')
     df = df.reset_index()
 
     # Scaling the Data
     scaler = StandardScaler()
     scaled_data = scaler.fit_transform(pd.DataFrame(df['amount']))
     data = pd.DataFrame(scaled_data)
 
     # Training the OneClassSVM
     model = OneClassSVM(nu=outliers_fraction, kernel="rbf", gamma=0.1)
     model.fit(data)
 
     # Getting the Predicted Outliers
     df['anomaly'] = pd.Series(model.predict(data))
 
     # Setting the 'anomaly' column as boolean
     df['anomaly'] = [True if x == -1 else False for x in df['anomaly']]
 
     output_df = input_df
     
     return df
 
 def get_output_schema():
   return pd.DataFrame({
     'date' : prep_date(),
     'amount' : prep_decimal(), 
     'anomaly' : prep_bool()
 })
 def get_output_schema_3cfde641d679414e813c01d3eabe92c8(df = pd.DataFrame()):
     import inspect
     if len(inspect.getfullargspec(get_output_schema).args) == 0:
         return get_output_schema()
     else:
         return get_output_schema(df)
 result_schema_output = get_output_schema_3cfde641d679414e813c01d3eabe92c8(pd.DataFrame(_arg1))
 return result_schema_output.to_dict(orient='split') if isinstance(result_schema_output, pd.DataFrame) else result_schema_output

2026-04-30,16:57:40 [INFO] (web.py:web:2439): 200 POST /evaluate (127.0.0.1) 9.84ms
2026-04-30,16:57:47 [DEBUG] (base_handler.py:base_handler:115): Checking if need to handle authentication
2026-04-30,16:57:47 [DEBUG] (base_handler.py:base_handler:115): Handling authentication
2026-04-30,16:57:47 [INFO] (base_handler.py:base_handler:115): Authentication is not a required feature for API "v1"
2026-04-30,16:57:47 [DEBUG] (base_handler.py:base_handler:115): Checking request headers for authentication data
2026-04-30,16:57:47 [INFO] (base_handler.py:base_handler:115): Authorization header not found
2026-04-30,16:57:47 [DEBUG] (base_handler.py:base_handler:115): authentication not required, username and password are none
2026-04-30,16:57:47 [DEBUG] (state.py:state:526): Collecting Access-Control-Allow-Origin from state file ...
2026-04-30,16:57:47 [DEBUG] (state.py:state:628): Loading option 'Access-Control-Allow-Origin' from section [Service Info]...
2026-04-30,16:57:47 [DEBUG] (state.py:state:650): Returning value ''
2026-04-30,16:57:47 [DEBUG] (state.py:state:628): Loading option 'Access-Control-Allow-Headers' from section [Service Info]...
2026-04-30,16:57:47 [DEBUG] (state.py:state:650): Returning value ''
2026-04-30,16:57:47 [DEBUG] (state.py:state:628): Loading option 'Access-Control-Allow-Methods' from section [Service Info]...
2026-04-30,16:57:47 [DEBUG] (state.py:state:650): Returning value ''
2026-04-30,16:57:47 [DEBUG] (base_handler.py:base_handler:115): Processing POST request...
2026-04-30,16:57:47 [INFO] (base_handler.py:base_handler:115): function to evaluate=def _user_script(tabpy, _arg1):
 import pandas as pd
 def get_output_schema():
 	return '88bcc9a0-3d33-4796-9f5e-c6ac01f67442'
 def prep_string():
 	return ['prep_string_type']
 def prep_bool():
 	return ['prep_bool_type']
 def prep_int():
 	return ['prep_int_type']
 def prep_decimal():
     return ['prep_decimal_type']
 def prep_date():
 	return ['prep_date_type']
 def prep_datetime():
 	return ['prep_datetime_type']
 #!/usr/bin/env python
 # coding: utf-8
 
 # import libraries
 
 import pandas as pd
 import matplotlib.pyplot as plt
 
 from sklearn.preprocessing import StandardScaler
 from sklearn.svm import OneClassSVM
 
 # Function
 def detect_outliers(input_df, outliers_fraction=0.05):
     
     # Sorting it by the Date Column
     df = input_df.sort_values('date')
 
     # Taking Sum of the Amounts on a given day (Remove if unique 'amount' on a given day)
     df = pd.pivot_table(df, index='date', values='amount', aggfunc='sum')
     df = df.reset_index()
 
     # Scaling the Data
     scaler = StandardScaler()
     scaled_data = scaler.fit_transform(pd.DataFrame(df['amount']))
     data = pd.DataFrame(scaled_data)
 
     # Training the OneClassSVM
     model = OneClassSVM(nu=outliers_fraction, kernel="rbf", gamma=0.1)
     model.fit(data)
 
     # Getting the Predicted Outliers
     df['anomaly'] = pd.Series(model.predict(data))
 
     # Setting the 'anomaly' column as boolean
     df['anomaly'] = [True if x == -1 else False for x in df['anomaly']]
 
     output_df = input_df
     
     return df
 
 def get_output_schema():
   return pd.DataFrame({
     'date' : prep_date(),
     'amount' : prep_decimal(), 
     'anomaly' : prep_bool()
 })
 def get_output_schema_3cfde641d679414e813c01d3eabe92c8(df = pd.DataFrame()):
     import inspect
     if len(inspect.getfullargspec(get_output_schema).args) == 0:
         return get_output_schema()
     else:
         return get_output_schema(df)
 result_schema_output = get_output_schema_3cfde641d679414e813c01d3eabe92c8(pd.DataFrame(_arg1))
 return result_schema_output.to_dict(orient='split') if isinstance(result_schema_output, pd.DataFrame) else result_schema_output

2026-04-30,16:57:47 [INFO] (web.py:web:2439): 200 POST /evaluate (127.0.0.1) 12.39ms
2026-04-30,16:57:47 [DEBUG] (base_handler.py:base_handler:115): Checking if need to handle authentication
2026-04-30,16:57:47 [DEBUG] (base_handler.py:base_handler:115): Handling authentication
2026-04-30,16:57:47 [INFO] (base_handler.py:base_handler:115): Authentication is not a required feature for API "v1"
2026-04-30,16:57:47 [DEBUG] (base_handler.py:base_handler:115): Checking request headers for authentication data
2026-04-30,16:57:47 [INFO] (base_handler.py:base_handler:115): Authorization header not found
2026-04-30,16:57:47 [DEBUG] (base_handler.py:base_handler:115): authentication not required, username and password are none
2026-04-30,16:57:47 [DEBUG] (state.py:state:526): Collecting Access-Control-Allow-Origin from state file ...
2026-04-30,16:57:47 [DEBUG] (state.py:state:628): Loading option 'Access-Control-Allow-Origin' from section [Service Info]...
2026-04-30,16:57:47 [DEBUG] (state.py:state:650): Returning value ''
2026-04-30,16:57:47 [DEBUG] (state.py:state:628): Loading option 'Access-Control-Allow-Headers' from section [Service Info]...
2026-04-30,16:57:47 [DEBUG] (state.py:state:650): Returning value ''
2026-04-30,16:57:47 [DEBUG] (state.py:state:628): Loading option 'Access-Control-Allow-Methods' from section [Service Info]...
2026-04-30,16:57:47 [DEBUG] (state.py:state:650): Returning value ''
2026-04-30,16:57:47 [DEBUG] (base_handler.py:base_handler:115): Processing POST request...
2026-04-30,16:57:47 [INFO] (base_handler.py:base_handler:115): function to evaluate=def _user_script(tabpy, _arg1):
 import pandas as pd
 def get_output_schema():
 	return '88bcc9a0-3d33-4796-9f5e-c6ac01f67442'
 def prep_string():
 	return ['prep_string_type']
 def prep_bool():
 	return ['prep_bool_type']
 def prep_int():
 	return ['prep_int_type']
 def prep_decimal():
     return ['prep_decimal_type']
 def prep_date():
 	return ['prep_date_type']
 def prep_datetime():
 	return ['prep_datetime_type']
 #!/usr/bin/env python
 # coding: utf-8
 
 # import libraries
 
 import pandas as pd
 import matplotlib.pyplot as plt
 
 from sklearn.preprocessing import StandardScaler
 from sklearn.svm import OneClassSVM
 
 # Function
 def detect_outliers(input_df, outliers_fraction=0.05):
     
     # Sorting it by the Date Column
     df = input_df.sort_values('date')
 
     # Taking Sum of the Amounts on a given day (Remove if unique 'amount' on a given day)
     df = pd.pivot_table(df, index='date', values='amount', aggfunc='sum')
     df = df.reset_index()
 
     # Scaling the Data
     scaler = StandardScaler()
     scaled_data = scaler.fit_transform(pd.DataFrame(df['amount']))
     data = pd.DataFrame(scaled_data)
 
     # Training the OneClassSVM
     model = OneClassSVM(nu=outliers_fraction, kernel="rbf", gamma=0.1)
     model.fit(data)
 
     # Getting the Predicted Outliers
     df['anomaly'] = pd.Series(model.predict(data))
 
     # Setting the 'anomaly' column as boolean
     df['anomaly'] = [True if x == -1 else False for x in df['anomaly']]
 
     output_df = input_df
     
     return df
 
 def get_output_schema():
   return pd.DataFrame({
     'date' : prep_date(),
     'amount' : prep_decimal(), 
     'anomaly' : prep_bool()
 })
 def get_output_schema_3cfde641d679414e813c01d3eabe92c8(df = pd.DataFrame()):
     import inspect
     if len(inspect.getfullargspec(get_output_schema).args) == 0:
         return get_output_schema()
     else:
         return get_output_schema(df)
 result_schema_output = get_output_schema_3cfde641d679414e813c01d3eabe92c8(pd.DataFrame(_arg1))
 return result_schema_output.to_dict(orient='split') if isinstance(result_schema_output, pd.DataFrame) else result_schema_output

2026-04-30,16:57:47 [INFO] (web.py:web:2439): 200 POST /evaluate (127.0.0.1) 12.70ms
2026-04-30,16:57:49 [DEBUG] (base_handler.py:base_handler:115): Checking if need to handle authentication
2026-04-30,16:57:49 [DEBUG] (base_handler.py:base_handler:115): Handling authentication
2026-04-30,16:57:49 [INFO] (base_handler.py:base_handler:115): Authentication is not a required feature for API "v1"
2026-04-30,16:57:49 [DEBUG] (base_handler.py:base_handler:115): Checking request headers for authentication data
2026-04-30,16:57:49 [INFO] (base_handler.py:base_handler:115): Authorization header not found
2026-04-30,16:57:49 [DEBUG] (base_handler.py:base_handler:115): authentication not required, username and password are none
2026-04-30,16:57:49 [DEBUG] (state.py:state:526): Collecting Access-Control-Allow-Origin from state file ...
2026-04-30,16:57:49 [DEBUG] (state.py:state:628): Loading option 'Access-Control-Allow-Origin' from section [Service Info]...
2026-04-30,16:57:49 [DEBUG] (state.py:state:650): Returning value ''
2026-04-30,16:57:49 [DEBUG] (state.py:state:628): Loading option 'Access-Control-Allow-Headers' from section [Service Info]...
2026-04-30,16:57:49 [DEBUG] (state.py:state:650): Returning value ''
2026-04-30,16:57:49 [DEBUG] (state.py:state:628): Loading option 'Access-Control-Allow-Methods' from section [Service Info]...
2026-04-30,16:57:49 [DEBUG] (state.py:state:650): Returning value ''
2026-04-30,16:57:49 [DEBUG] (base_handler.py:base_handler:115): Processing POST request...
2026-04-30,16:57:49 [INFO] (base_handler.py:base_handler:115): function to evaluate=def _user_script(tabpy, _arg1):
 import pandas as pd
 def get_output_schema():
 	return '88bcc9a0-3d33-4796-9f5e-c6ac01f67442'
 def prep_string():
 	return ['prep_string_type']
 def prep_bool():
 	return ['prep_bool_type']
 def prep_int():
 	return ['prep_int_type']
 def prep_decimal():
     return ['prep_decimal_type']
 def prep_date():
 	return ['prep_date_type']
 def prep_datetime():
 	return ['prep_datetime_type']
 #!/usr/bin/env python
 # coding: utf-8
 
 # import libraries
 
 import pandas as pd
 import matplotlib.pyplot as plt
 
 from sklearn.preprocessing import StandardScaler
 from sklearn.svm import OneClassSVM
 
 # Function
 def detect_outliers(input_df, outliers_fraction=0.05):
     
     # Sorting it by the Date Column
     df = input_df.sort_values('date')
 
     # Taking Sum of the Amounts on a given day (Remove if unique 'amount' on a given day)
     df = pd.pivot_table(df, index='date', values='amount', aggfunc='sum')
     df = df.reset_index()
 
     # Scaling the Data
     scaler = StandardScaler()
     scaled_data = scaler.fit_transform(pd.DataFrame(df['amount']))
     data = pd.DataFrame(scaled_data)
 
     # Training the OneClassSVM
     model = OneClassSVM(nu=outliers_fraction, kernel="rbf", gamma=0.1)
     model.fit(data)
 
     # Getting the Predicted Outliers
     df['anomaly'] = pd.Series(model.predict(data))
 
     # Setting the 'anomaly' column as boolean
     df['anomaly'] = [True if x == -1 else False for x in df['anomaly']]
 
     output_df = input_df
     
     return df
 
 def get_output_schema():
   return pd.DataFrame({
     'date' : prep_date(),
     'amount' : prep_decimal(), 
     'anomaly' : prep_bool()
 })
 def get_output_schema_3cfde641d679414e813c01d3eabe92c8(df = pd.DataFrame()):
     import inspect
     if len(inspect.getfullargspec(get_output_schema).args) == 0:
         return get_output_schema()
     else:
         return get_output_schema(df)
 result_schema_output = get_output_schema_3cfde641d679414e813c01d3eabe92c8(pd.DataFrame(_arg1))
 return result_schema_output.to_dict(orient='split') if isinstance(result_schema_output, pd.DataFrame) else result_schema_output

2026-04-30,16:57:49 [INFO] (web.py:web:2439): 200 POST /evaluate (127.0.0.1) 10.46ms
2026-04-30,16:57:49 [DEBUG] (base_handler.py:base_handler:115): Checking if need to handle authentication
2026-04-30,16:57:49 [DEBUG] (base_handler.py:base_handler:115): Handling authentication
2026-04-30,16:57:49 [INFO] (base_handler.py:base_handler:115): Authentication is not a required feature for API "v1"
2026-04-30,16:57:49 [DEBUG] (base_handler.py:base_handler:115): Checking request headers for authentication data
2026-04-30,16:57:49 [INFO] (base_handler.py:base_handler:115): Authorization header not found
2026-04-30,16:57:49 [DEBUG] (base_handler.py:base_handler:115): authentication not required, username and password are none
2026-04-30,16:57:49 [DEBUG] (state.py:state:526): Collecting Access-Control-Allow-Origin from state file ...
2026-04-30,16:57:49 [DEBUG] (state.py:state:628): Loading option 'Access-Control-Allow-Origin' from section [Service Info]...
2026-04-30,16:57:49 [DEBUG] (state.py:state:650): Returning value ''
2026-04-30,16:57:49 [DEBUG] (state.py:state:628): Loading option 'Access-Control-Allow-Headers' from section [Service Info]...
2026-04-30,16:57:49 [DEBUG] (state.py:state:650): Returning value ''
2026-04-30,16:57:49 [DEBUG] (state.py:state:628): Loading option 'Access-Control-Allow-Methods' from section [Service Info]...
2026-04-30,16:57:49 [DEBUG] (state.py:state:650): Returning value ''
2026-04-30,16:57:49 [DEBUG] (base_handler.py:base_handler:115): Processing POST request...
2026-04-30,16:57:49 [INFO] (base_handler.py:base_handler:115): function to evaluate=def _user_script(tabpy, _arg1):
 import pandas as pd
 def get_output_schema():
 	return '88bcc9a0-3d33-4796-9f5e-c6ac01f67442'
 def prep_string():
 	return ['prep_string_type']
 def prep_bool():
 	return ['prep_bool_type']
 def prep_int():
 	return ['prep_int_type']
 def prep_decimal():
     return ['prep_decimal_type']
 def prep_date():
 	return ['prep_date_type']
 def prep_datetime():
 	return ['prep_datetime_type']
 #!/usr/bin/env python
 # coding: utf-8
 
 # import libraries
 
 import pandas as pd
 import matplotlib.pyplot as plt
 
 from sklearn.preprocessing import StandardScaler
 from sklearn.svm import OneClassSVM
 
 # Function
 def detect_outliers(input_df, outliers_fraction=0.05):
     
     # Sorting it by the Date Column
     df = input_df.sort_values('date')
 
     # Taking Sum of the Amounts on a given day (Remove if unique 'amount' on a given day)
     df = pd.pivot_table(df, index='date', values='amount', aggfunc='sum')
     df = df.reset_index()
 
     # Scaling the Data
     scaler = StandardScaler()
     scaled_data = scaler.fit_transform(pd.DataFrame(df['amount']))
     data = pd.DataFrame(scaled_data)
 
     # Training the OneClassSVM
     model = OneClassSVM(nu=outliers_fraction, kernel="rbf", gamma=0.1)
     model.fit(data)
 
     # Getting the Predicted Outliers
     df['anomaly'] = pd.Series(model.predict(data))
 
     # Setting the 'anomaly' column as boolean
     df['anomaly'] = [True if x == -1 else False for x in df['anomaly']]
 
     output_df = input_df
     
     return df
 
 def get_output_schema():
   return pd.DataFrame({
     'date' : prep_date(),
     'amount' : prep_decimal(), 
     'anomaly' : prep_bool()
 })
 def get_output_schema_3cfde641d679414e813c01d3eabe92c8(df = pd.DataFrame()):
     import inspect
     if len(inspect.getfullargspec(get_output_schema).args) == 0:
         return get_output_schema()
     else:
         return get_output_schema(df)
 result_schema_output = get_output_schema_3cfde641d679414e813c01d3eabe92c8(pd.DataFrame(_arg1))
 return result_schema_output.to_dict(orient='split') if isinstance(result_schema_output, pd.DataFrame) else result_schema_output

2026-04-30,16:57:49 [INFO] (web.py:web:2439): 200 POST /evaluate (127.0.0.1) 13.26ms
2026-04-30,16:58:33 [DEBUG] (base_handler.py:base_handler:115): Checking if need to handle authentication
2026-04-30,16:58:33 [DEBUG] (base_handler.py:base_handler:115): Handling authentication
2026-04-30,16:58:33 [INFO] (base_handler.py:base_handler:115): Authentication is not a required feature for API "v1"
2026-04-30,16:58:33 [DEBUG] (base_handler.py:base_handler:115): Checking request headers for authentication data
2026-04-30,16:58:33 [INFO] (base_handler.py:base_handler:115): Authorization header not found
2026-04-30,16:58:33 [DEBUG] (base_handler.py:base_handler:115): authentication not required, username and password are none
2026-04-30,16:58:33 [DEBUG] (state.py:state:526): Collecting Access-Control-Allow-Origin from state file ...
2026-04-30,16:58:33 [DEBUG] (state.py:state:628): Loading option 'Access-Control-Allow-Origin' from section [Service Info]...
2026-04-30,16:58:33 [DEBUG] (state.py:state:650): Returning value ''
2026-04-30,16:58:33 [DEBUG] (state.py:state:628): Loading option 'Access-Control-Allow-Headers' from section [Service Info]...
2026-04-30,16:58:33 [DEBUG] (state.py:state:650): Returning value ''
2026-04-30,16:58:33 [DEBUG] (state.py:state:628): Loading option 'Access-Control-Allow-Methods' from section [Service Info]...
2026-04-30,16:58:33 [DEBUG] (state.py:state:650): Returning value ''
2026-04-30,16:58:33 [DEBUG] (base_handler.py:base_handler:115): Processing POST request...
2026-04-30,16:58:33 [INFO] (base_handler.py:base_handler:115): function to evaluate=def _user_script(tabpy, _arg1):
 import pandas as pd
 def get_output_schema():
 	return '88bcc9a0-3d33-4796-9f5e-c6ac01f67442'
 def prep_string():
 	return ['prep_string_type']
 def prep_bool():
 	return ['prep_bool_type']
 def prep_int():
 	return ['prep_int_type']
 def prep_decimal():
     return ['prep_decimal_type']
 def prep_date():
 	return ['prep_date_type']
 def prep_datetime():
 	return ['prep_datetime_type']
 #!/usr/bin/env python
 # coding: utf-8
 
 # import libraries
 
 import pandas as pd
 import matplotlib.pyplot as plt
 
 from sklearn.preprocessing import StandardScaler
 from sklearn.svm import OneClassSVM
 
 # Function
 def detect_outliers(input_df, outliers_fraction=0.05):
     
     # Sorting it by the Date Column
     df = input_df.sort_values('date')
 
     # Taking Sum of the Amounts on a given day (Remove if unique 'amount' on a given day)
     df = pd.pivot_table(df, index='date', values='amount', aggfunc='sum')
     df = df.reset_index()
 
     # Scaling the Data
     scaler = StandardScaler()
     scaled_data = scaler.fit_transform(pd.DataFrame(df['amount']))
     data = pd.DataFrame(scaled_data)
 
     # Training the OneClassSVM
     model = OneClassSVM(nu=outliers_fraction, kernel="rbf", gamma=0.1)
     model.fit(data)
 
     # Getting the Predicted Outliers
     df['anomaly'] = pd.Series(model.predict(data))
 
     # Setting the 'anomaly' column as boolean
     df['anomaly'] = [True if x == -1 else False for x in df['anomaly']]
 
     output_df = input_df
     
     return df
 
 def get_output_schema():
   return pd.DataFrame({
     'date' : prep_date(),
     'amount' : prep_decimal(), 
     'anomaly' : prep_bool()
 })
 def get_output_schema_3cfde641d679414e813c01d3eabe92c8(df = pd.DataFrame()):
     import inspect
     if len(inspect.getfullargspec(get_output_schema).args) == 0:
         return get_output_schema()
     else:
         return get_output_schema(df)
 result_schema_output = get_output_schema_3cfde641d679414e813c01d3eabe92c8(pd.DataFrame(_arg1))
 return result_schema_output.to_dict(orient='split') if isinstance(result_schema_output, pd.DataFrame) else result_schema_output

2026-04-30,16:58:33 [INFO] (web.py:web:2439): 200 POST /evaluate (127.0.0.1) 9.70ms
2026-04-30,16:58:33 [DEBUG] (base_handler.py:base_handler:115): Checking if need to handle authentication
2026-04-30,16:58:33 [DEBUG] (base_handler.py:base_handler:115): Handling authentication
2026-04-30,16:58:33 [INFO] (base_handler.py:base_handler:115): Authentication is not a required feature for API "v1"
2026-04-30,16:58:33 [DEBUG] (base_handler.py:base_handler:115): Checking request headers for authentication data
2026-04-30,16:58:33 [INFO] (base_handler.py:base_handler:115): Authorization header not found
2026-04-30,16:58:33 [DEBUG] (base_handler.py:base_handler:115): authentication not required, username and password are none
2026-04-30,16:58:33 [DEBUG] (state.py:state:526): Collecting Access-Control-Allow-Origin from state file ...
2026-04-30,16:58:33 [DEBUG] (state.py:state:628): Loading option 'Access-Control-Allow-Origin' from section [Service Info]...
2026-04-30,16:58:33 [DEBUG] (state.py:state:650): Returning value ''
2026-04-30,16:58:33 [DEBUG] (state.py:state:628): Loading option 'Access-Control-Allow-Headers' from section [Service Info]...
2026-04-30,16:58:33 [DEBUG] (state.py:state:650): Returning value ''
2026-04-30,16:58:33 [DEBUG] (state.py:state:628): Loading option 'Access-Control-Allow-Methods' from section [Service Info]...
2026-04-30,16:58:33 [DEBUG] (state.py:state:650): Returning value ''
2026-04-30,16:58:33 [DEBUG] (base_handler.py:base_handler:115): Processing POST request...
2026-04-30,16:58:33 [INFO] (base_handler.py:base_handler:115): function to evaluate=def _user_script(tabpy, _arg1):
 import pandas as pd
 def get_output_schema():
 	return '88bcc9a0-3d33-4796-9f5e-c6ac01f67442'
 def prep_string():
 	return ['prep_string_type']
 def prep_bool():
 	return ['prep_bool_type']
 def prep_int():
 	return ['prep_int_type']
 def prep_decimal():
     return ['prep_decimal_type']
 def prep_date():
 	return ['prep_date_type']
 def prep_datetime():
 	return ['prep_datetime_type']
 #!/usr/bin/env python
 # coding: utf-8
 
 # import libraries
 
 import pandas as pd
 import matplotlib.pyplot as plt
 
 from sklearn.preprocessing import StandardScaler
 from sklearn.svm import OneClassSVM
 
 # Function
 def detect_outliers(input_df, outliers_fraction=0.05):
     
     # Sorting it by the Date Column
     df = input_df.sort_values('date')
 
     # Taking Sum of the Amounts on a given day (Remove if unique 'amount' on a given day)
     df = pd.pivot_table(df, index='date', values='amount', aggfunc='sum')
     df = df.reset_index()
 
     # Scaling the Data
     scaler = StandardScaler()
     scaled_data = scaler.fit_transform(pd.DataFrame(df['amount']))
     data = pd.DataFrame(scaled_data)
 
     # Training the OneClassSVM
     model = OneClassSVM(nu=outliers_fraction, kernel="rbf", gamma=0.1)
     model.fit(data)
 
     # Getting the Predicted Outliers
     df['anomaly'] = pd.Series(model.predict(data))
 
     # Setting the 'anomaly' column as boolean
     df['anomaly'] = [True if x == -1 else False for x in df['anomaly']]
 
     output_df = input_df
     
     return df
 
 def get_output_schema():
   return pd.DataFrame({
     'date' : prep_date(),
     'amount' : prep_decimal(), 
     'anomaly' : prep_bool()
 })
 def get_output_schema_3cfde641d679414e813c01d3eabe92c8(df = pd.DataFrame()):
     import inspect
     if len(inspect.getfullargspec(get_output_schema).args) == 0:
         return get_output_schema()
     else:
         return get_output_schema(df)
 result_schema_output = get_output_schema_3cfde641d679414e813c01d3eabe92c8(pd.DataFrame(_arg1))
 return result_schema_output.to_dict(orient='split') if isinstance(result_schema_output, pd.DataFrame) else result_schema_output

2026-04-30,16:58:33 [INFO] (web.py:web:2439): 200 POST /evaluate (127.0.0.1) 9.76ms
2026-04-30,17:00:23 [DEBUG] (base_handler.py:base_handler:115): Checking if need to handle authentication
2026-04-30,17:00:23 [DEBUG] (base_handler.py:base_handler:115): Handling authentication
2026-04-30,17:00:23 [INFO] (base_handler.py:base_handler:115): Authentication is not a required feature for API "v1"
2026-04-30,17:00:23 [DEBUG] (base_handler.py:base_handler:115): Checking request headers for authentication data
2026-04-30,17:00:23 [INFO] (base_handler.py:base_handler:115): Authorization header not found
2026-04-30,17:00:23 [DEBUG] (base_handler.py:base_handler:115): authentication not required, username and password are none
2026-04-30,17:00:23 [DEBUG] (state.py:state:526): Collecting Access-Control-Allow-Origin from state file ...
2026-04-30,17:00:23 [DEBUG] (state.py:state:628): Loading option 'Access-Control-Allow-Origin' from section [Service Info]...
2026-04-30,17:00:23 [DEBUG] (state.py:state:650): Returning value ''
2026-04-30,17:00:23 [DEBUG] (state.py:state:628): Loading option 'Access-Control-Allow-Headers' from section [Service Info]...
2026-04-30,17:00:23 [DEBUG] (state.py:state:650): Returning value ''
2026-04-30,17:00:23 [DEBUG] (state.py:state:628): Loading option 'Access-Control-Allow-Methods' from section [Service Info]...
2026-04-30,17:00:23 [DEBUG] (state.py:state:650): Returning value ''
2026-04-30,17:00:23 [DEBUG] (base_handler.py:base_handler:115): Processing POST request...
2026-04-30,17:00:23 [INFO] (base_handler.py:base_handler:115): function to evaluate=def _user_script(tabpy, _arg1):
 import pandas as pd
 def get_output_schema():
 	return '88bcc9a0-3d33-4796-9f5e-c6ac01f67442'
 def prep_string():
 	return ['prep_string_type']
 def prep_bool():
 	return ['prep_bool_type']
 def prep_int():
 	return ['prep_int_type']
 def prep_decimal():
     return ['prep_decimal_type']
 def prep_date():
 	return ['prep_date_type']
 def prep_datetime():
 	return ['prep_datetime_type']
 #!/usr/bin/env python
 # coding: utf-8
 
 # import libraries
 
 import pandas as pd
 import matplotlib.pyplot as plt
 
 from sklearn.preprocessing import StandardScaler
 from sklearn.svm import OneClassSVM
 
 # Function
 def detect_outliers(input_df, outliers_fraction=0.05):
     
     # Sorting it by the Date Column
     df = input_df.sort_values('date')
 
     # Taking Sum of the Amounts on a given day (Remove if unique 'amount' on a given day)
     df = pd.pivot_table(df, index='date', values='amount', aggfunc='sum')
     df = df.reset_index()
 
     # Scaling the Data
     scaler = StandardScaler()
     scaled_data = scaler.fit_transform(pd.DataFrame(df['amount']))
     data = pd.DataFrame(scaled_data)
 
     # Training the OneClassSVM
     model = OneClassSVM(nu=outliers_fraction, kernel="rbf", gamma=0.1)
     model.fit(data)
 
     # Getting the Predicted Outliers
     df['anomaly'] = pd.Series(model.predict(data))
 
     # Setting the 'anomaly' column as boolean
     df['anomaly'] = [True if x == -1 else False for x in df['anomaly']]
 
     output_df = input_df
     
     return df
 
 def get_output_schema():
   return pd.DataFrame({
     'date' : prep_date(),
     'amount' : prep_decimal(), 
     'anomaly' : prep_bool()
 })
 def get_output_schema_3cfde641d679414e813c01d3eabe92c8(df = pd.DataFrame()):
     import inspect
     if len(inspect.getfullargspec(get_output_schema).args) == 0:
         return get_output_schema()
     else:
         return get_output_schema(df)
 result_schema_output = get_output_schema_3cfde641d679414e813c01d3eabe92c8(pd.DataFrame(_arg1))
 return result_schema_output.to_dict(orient='split') if isinstance(result_schema_output, pd.DataFrame) else result_schema_output

2026-04-30,17:00:23 [DEBUG] (base_handler.py:base_handler:115): Checking if need to handle authentication
2026-04-30,17:00:23 [DEBUG] (base_handler.py:base_handler:115): Handling authentication
2026-04-30,17:00:23 [INFO] (base_handler.py:base_handler:115): Authentication is not a required feature for API "v1"
2026-04-30,17:00:23 [DEBUG] (base_handler.py:base_handler:115): Checking request headers for authentication data
2026-04-30,17:00:23 [INFO] (base_handler.py:base_handler:115): Authorization header not found
2026-04-30,17:00:23 [DEBUG] (base_handler.py:base_handler:115): authentication not required, username and password are none
2026-04-30,17:00:23 [DEBUG] (state.py:state:526): Collecting Access-Control-Allow-Origin from state file ...
2026-04-30,17:00:23 [DEBUG] (state.py:state:628): Loading option 'Access-Control-Allow-Origin' from section [Service Info]...
2026-04-30,17:00:23 [DEBUG] (state.py:state:650): Returning value ''
2026-04-30,17:00:23 [DEBUG] (state.py:state:628): Loading option 'Access-Control-Allow-Headers' from section [Service Info]...
2026-04-30,17:00:23 [DEBUG] (state.py:state:650): Returning value ''
2026-04-30,17:00:23 [DEBUG] (state.py:state:628): Loading option 'Access-Control-Allow-Methods' from section [Service Info]...
2026-04-30,17:00:23 [DEBUG] (state.py:state:650): Returning value ''
2026-04-30,17:00:23 [DEBUG] (base_handler.py:base_handler:115): Processing POST request...
2026-04-30,17:00:23 [INFO] (base_handler.py:base_handler:115): function to evaluate=def _user_script(tabpy, _arg1):
 import pandas as pd
 def get_output_schema():
 	return '88bcc9a0-3d33-4796-9f5e-c6ac01f67442'
 def prep_string():
 	return ['prep_string_type']
 def prep_bool():
 	return ['prep_bool_type']
 def prep_int():
 	return ['prep_int_type']
 def prep_decimal():
     return ['prep_decimal_type']
 def prep_date():
 	return ['prep_date_type']
 def prep_datetime():
 	return ['prep_datetime_type']
 #!/usr/bin/env python
 # coding: utf-8
 
 # import libraries
 
 import pandas as pd
 import matplotlib.pyplot as plt
 
 from sklearn.preprocessing import StandardScaler
 from sklearn.svm import OneClassSVM
 
 # Function
 def detect_outliers(input_df, outliers_fraction=0.05):
     
     # Sorting it by the Date Column
     df = input_df.sort_values('date')
 
     # Taking Sum of the Amounts on a given day (Remove if unique 'amount' on a given day)
     df = pd.pivot_table(df, index='date', values='amount', aggfunc='sum')
     df = df.reset_index()
 
     # Scaling the Data
     scaler = StandardScaler()
     scaled_data = scaler.fit_transform(pd.DataFrame(df['amount']))
     data = pd.DataFrame(scaled_data)
 
     # Training the OneClassSVM
     model = OneClassSVM(nu=outliers_fraction, kernel="rbf", gamma=0.1)
     model.fit(data)
 
     # Getting the Predicted Outliers
     df['anomaly'] = pd.Series(model.predict(data))
 
     # Setting the 'anomaly' column as boolean
     df['anomaly'] = [True if x == -1 else False for x in df['anomaly']]
 
     output_df = input_df
     
     return df
 
 def get_output_schema():
   return pd.DataFrame({
     'date' : prep_date(),
     'amount' : prep_decimal(), 
     'anomaly' : prep_bool()
 })
 def get_output_schema_3cfde641d679414e813c01d3eabe92c8(df = pd.DataFrame()):
     import inspect
     if len(inspect.getfullargspec(get_output_schema).args) == 0:
         return get_output_schema()
     else:
         return get_output_schema(df)
 result_schema_output = get_output_schema_3cfde641d679414e813c01d3eabe92c8(pd.DataFrame(_arg1))
 return result_schema_output.to_dict(orient='split') if isinstance(result_schema_output, pd.DataFrame) else result_schema_output

2026-04-30,17:00:23 [INFO] (web.py:web:2439): 200 POST /evaluate (127.0.0.1) 19.42ms
2026-04-30,17:00:23 [INFO] (web.py:web:2439): 200 POST /evaluate (127.0.0.1) 16.38ms
2026-04-30,17:00:23 [DEBUG] (base_handler.py:base_handler:115): Checking if need to handle authentication
2026-04-30,17:00:23 [DEBUG] (base_handler.py:base_handler:115): Handling authentication
2026-04-30,17:00:23 [INFO] (base_handler.py:base_handler:115): Authentication is not a required feature for API "v1"
2026-04-30,17:00:23 [DEBUG] (base_handler.py:base_handler:115): Checking request headers for authentication data
2026-04-30,17:00:23 [INFO] (base_handler.py:base_handler:115): Authorization header not found
2026-04-30,17:00:23 [DEBUG] (base_handler.py:base_handler:115): authentication not required, username and password are none
2026-04-30,17:00:23 [DEBUG] (state.py:state:526): Collecting Access-Control-Allow-Origin from state file ...
2026-04-30,17:00:23 [DEBUG] (state.py:state:628): Loading option 'Access-Control-Allow-Origin' from section [Service Info]...
2026-04-30,17:00:23 [DEBUG] (state.py:state:650): Returning value ''
2026-04-30,17:00:23 [DEBUG] (state.py:state:628): Loading option 'Access-Control-Allow-Headers' from section [Service Info]...
2026-04-30,17:00:23 [DEBUG] (state.py:state:650): Returning value ''
2026-04-30,17:00:23 [DEBUG] (state.py:state:628): Loading option 'Access-Control-Allow-Methods' from section [Service Info]...
2026-04-30,17:00:23 [DEBUG] (state.py:state:650): Returning value ''
2026-04-30,17:00:23 [DEBUG] (base_handler.py:base_handler:115): Processing POST request...
2026-04-30,17:00:23 [INFO] (base_handler.py:base_handler:115): function to evaluate=def _user_script(tabpy, _arg1):
 import pandas as pd
 def get_output_schema():
 	return '88bcc9a0-3d33-4796-9f5e-c6ac01f67442'
 def prep_string():
 	return ['prep_string_type']
 def prep_bool():
 	return ['prep_bool_type']
 def prep_int():
 	return ['prep_int_type']
 def prep_decimal():
     return ['prep_decimal_type']
 def prep_date():
 	return ['prep_date_type']
 def prep_datetime():
 	return ['prep_datetime_type']
 #!/usr/bin/env python
 # coding: utf-8
 
 # import libraries
 
 import pandas as pd
 import matplotlib.pyplot as plt
 
 from sklearn.preprocessing import StandardScaler
 from sklearn.svm import OneClassSVM
 
 # Function
 def detect_outliers(input_df, outliers_fraction=0.05):
     
     # Sorting it by the Date Column
     df = input_df.sort_values('date')
 
     # Taking Sum of the Amounts on a given day (Remove if unique 'amount' on a given day)
     df = pd.pivot_table(df, index='date', values='amount', aggfunc='sum')
     df = df.reset_index()
 
     # Scaling the Data
     scaler = StandardScaler()
     scaled_data = scaler.fit_transform(pd.DataFrame(df['amount']))
     data = pd.DataFrame(scaled_data)
 
     # Training the OneClassSVM
     model = OneClassSVM(nu=outliers_fraction, kernel="rbf", gamma=0.1)
     model.fit(data)
 
     # Getting the Predicted Outliers
     df['anomaly'] = pd.Series(model.predict(data))
 
     # Setting the 'anomaly' column as boolean
     df['anomaly'] = [True if x == -1 else False for x in df['anomaly']]
 
     output_df = input_df
     
     return df
 
 def get_output_schema():
   return pd.DataFrame({
     'date' : prep_date(),
     'amount' : prep_decimal(), 
     'anomaly' : prep_bool()
 })
 def get_output_schema_3cfde641d679414e813c01d3eabe92c8(df = pd.DataFrame()):
     import inspect
     if len(inspect.getfullargspec(get_output_schema).args) == 0:
         return get_output_schema()
     else:
         return get_output_schema(df)
 result_schema_output = get_output_schema_3cfde641d679414e813c01d3eabe92c8(pd.DataFrame(_arg1))
 return result_schema_output.to_dict(orient='split') if isinstance(result_schema_output, pd.DataFrame) else result_schema_output

2026-04-30,17:00:23 [DEBUG] (base_handler.py:base_handler:115): Checking if need to handle authentication
2026-04-30,17:00:23 [DEBUG] (base_handler.py:base_handler:115): Handling authentication
2026-04-30,17:00:23 [INFO] (base_handler.py:base_handler:115): Authentication is not a required feature for API "v1"
2026-04-30,17:00:23 [DEBUG] (base_handler.py:base_handler:115): Checking request headers for authentication data
2026-04-30,17:00:23 [INFO] (base_handler.py:base_handler:115): Authorization header not found
2026-04-30,17:00:23 [DEBUG] (base_handler.py:base_handler:115): authentication not required, username and password are none
2026-04-30,17:00:23 [DEBUG] (state.py:state:526): Collecting Access-Control-Allow-Origin from state file ...
2026-04-30,17:00:23 [DEBUG] (state.py:state:628): Loading option 'Access-Control-Allow-Origin' from section [Service Info]...
2026-04-30,17:00:23 [DEBUG] (state.py:state:650): Returning value ''
2026-04-30,17:00:23 [DEBUG] (state.py:state:628): Loading option 'Access-Control-Allow-Headers' from section [Service Info]...
2026-04-30,17:00:23 [DEBUG] (state.py:state:650): Returning value ''
2026-04-30,17:00:23 [DEBUG] (state.py:state:628): Loading option 'Access-Control-Allow-Methods' from section [Service Info]...
2026-04-30,17:00:23 [DEBUG] (state.py:state:650): Returning value ''
2026-04-30,17:00:23 [DEBUG] (base_handler.py:base_handler:115): Processing POST request...
2026-04-30,17:00:23 [INFO] (base_handler.py:base_handler:115): function to evaluate=def _user_script(tabpy, _arg1):
 import pandas as pd
 def get_output_schema():
 	return '88bcc9a0-3d33-4796-9f5e-c6ac01f67442'
 def prep_string():
 	return ['prep_string_type']
 def prep_bool():
 	return ['prep_bool_type']
 def prep_int():
 	return ['prep_int_type']
 def prep_decimal():
     return ['prep_decimal_type']
 def prep_date():
 	return ['prep_date_type']
 def prep_datetime():
 	return ['prep_datetime_type']
 #!/usr/bin/env python
 # coding: utf-8
 
 # import libraries
 
 import pandas as pd
 import matplotlib.pyplot as plt
 
 from sklearn.preprocessing import StandardScaler
 from sklearn.svm import OneClassSVM
 
 # Function
 def detect_outliers(input_df, outliers_fraction=0.05):
     
     # Sorting it by the Date Column
     df = input_df.sort_values('date')
 
     # Taking Sum of the Amounts on a given day (Remove if unique 'amount' on a given day)
     df = pd.pivot_table(df, index='date', values='amount', aggfunc='sum')
     df = df.reset_index()
 
     # Scaling the Data
     scaler = StandardScaler()
     scaled_data = scaler.fit_transform(pd.DataFrame(df['amount']))
     data = pd.DataFrame(scaled_data)
 
     # Training the OneClassSVM
     model = OneClassSVM(nu=outliers_fraction, kernel="rbf", gamma=0.1)
     model.fit(data)
 
     # Getting the Predicted Outliers
     df['anomaly'] = pd.Series(model.predict(data))
 
     # Setting the 'anomaly' column as boolean
     df['anomaly'] = [True if x == -1 else False for x in df['anomaly']]
 
     output_df = input_df
     
     return df
 
 def get_output_schema():
   return pd.DataFrame({
     'date' : prep_date(),
     'amount' : prep_decimal(), 
     'anomaly' : prep_bool()
 })
 def get_output_schema_3cfde641d679414e813c01d3eabe92c8(df = pd.DataFrame()):
     import inspect
     if len(inspect.getfullargspec(get_output_schema).args) == 0:
         return get_output_schema()
     else:
         return get_output_schema(df)
 result_schema_output = get_output_schema_3cfde641d679414e813c01d3eabe92c8(pd.DataFrame(_arg1))
 return result_schema_output.to_dict(orient='split') if isinstance(result_schema_output, pd.DataFrame) else result_schema_output

2026-04-30,17:00:23 [INFO] (web.py:web:2439): 200 POST /evaluate (127.0.0.1) 23.19ms
2026-04-30,17:00:23 [INFO] (web.py:web:2439): 200 POST /evaluate (127.0.0.1) 12.11ms
